CAP	aftB_A115V		Uncertain_significance
CAP	aftB_A203V		Uncertain_significance
CAP	aftB_A265T		Uncertain_significance
CAP	aftB_A295T		Uncertain_significance
CAP	aftB_A304E		Uncertain_significance
CAP	aftB_A304S		Uncertain_significance
CAP	aftB_A310V		Uncertain_significance
CAP	aftB_A341P		Uncertain_significance
CAP	aftB_A348D		Uncertain_significance
CAP	aftB_A389V		Uncertain_significance
CAP	aftB_A417D		Uncertain_significance
CAP	aftB_A417S		Uncertain_significance
CAP	aftB_A449T		Uncertain_significance
CAP	aftB_A473V		Uncertain_significance
CAP	aftB_A516V		Uncertain_significance
CAP	aftB_A564T		Uncertain_significance
CAP	aftB_A580S		Uncertain_significance
CAP	aftB_A85P		Uncertain_significance
CAP	aftB_C345W		Uncertain_significance
CAP	aftB_D248G		Uncertain_significance
CAP	aftB_D359N		Uncertain_significance
CAP	aftB_D397G		Not_assoc_w_R
CAP	aftB_D461G		Uncertain_significance
CAP	aftB_D555E		Uncertain_significance
CAP	aftB_E53D		Uncertain_significance
CAP	aftB_E563G		Uncertain_significance
CAP	aftB_G103A		Uncertain_significance
CAP	aftB_G173C		Uncertain_significance
CAP	aftB_G194A		Uncertain_significance
CAP	aftB_G218A		Uncertain_significance
CAP	aftB_G299S		Uncertain_significance
CAP	aftB_G351W		Uncertain_significance
CAP	aftB_G384C		Uncertain_significance
CAP	aftB_G394D		Uncertain_significance
CAP	aftB_G396V		Uncertain_significance
CAP	aftB_G70S		Uncertain_significance
CAP	aftB_G74A		Uncertain_significance
CAP	aftB_G75R		Uncertain_significance
CAP	aftB_H585Y		Uncertain_significance
CAP	aftB_I116T		Uncertain_significance
CAP	aftB_I126V		Uncertain_significance
CAP	aftB_I202V		Uncertain_significance
CAP	aftB_I327V		Uncertain_significance
CAP	aftB_I33T		Uncertain_significance
CAP	aftB_I353T		Uncertain_significance
CAP	aftB_I355V		Uncertain_significance
CAP	aftB_I407V		Uncertain_significance
CAP	aftB_I466V		Uncertain_significance
CAP	aftB_I582T		Uncertain_significance
CAP	aftB_K522R		Uncertain_significance
CAP	aftB_L100P		Uncertain_significance
CAP	aftB_L105S		Uncertain_significance
CAP	aftB_L151F		Uncertain_significance
CAP	aftB_L172F		Uncertain_significance
CAP	aftB_L266P		Uncertain_significance
CAP	aftB_L442H		Uncertain_significance
CAP	aftB_L86M		Uncertain_significance
CAP	aftB_L98F		Uncertain_significance
CAP	aftB_M1I		Uncertain_significance
CAP	aftB_M254A		Uncertain_significance
CAP	aftB_M395I		Uncertain_significance
CAP	aftB_M465I		Uncertain_significance
CAP	aftB_M465V		Uncertain_significance
CAP	aftB_M496L		Uncertain_significance
CAP	aftB_M99I		Uncertain_significance
CAP	aftB_N259D		Uncertain_significance
CAP	aftB_N40D		Uncertain_significance
CAP	aftB_N45K		Uncertain_significance
CAP	aftB_N50S		Uncertain_significance
CAP	aftB_P108T		Uncertain_significance
CAP	aftB_P161S		Uncertain_significance
CAP	aftB_P309R		Uncertain_significance
CAP	aftB_P342S		Uncertain_significance
CAP	aftB_P358L		Uncertain_significance
CAP	aftB_P446L		Uncertain_significance
CAP	aftB_P446R		Uncertain_significance
CAP	aftB_P513A		Uncertain_significance
CAP	aftB_P513S		Uncertain_significance
CAP	aftB_P534Q		Uncertain_significance
CAP	aftB_P548L		Uncertain_significance
CAP	aftB_P548Q		Uncertain_significance
CAP	aftB_P621R		Uncertain_significance
CAP	aftB_Q306R		Uncertain_significance
CAP	aftB_Q322E		Uncertain_significance
CAP	aftB_Q483H		Uncertain_significance
CAP	aftB_Q561R		Uncertain_significance
CAP	aftB_R114W		Uncertain_significance
CAP	aftB_R132L		Uncertain_significance
CAP	aftB_R25S		Uncertain_significance
CAP	aftB_R284H		Uncertain_significance
CAP	aftB_R300W		Uncertain_significance
CAP	aftB_R303L		Uncertain_significance
CAP	aftB_R303Q		Uncertain_significance
CAP	aftB_R401W		Uncertain_significance
CAP	aftB_R411H		Uncertain_significance
CAP	aftB_R467L		Uncertain_significance
CAP	aftB_R467Q		Uncertain_significance
CAP	aftB_R54Q		Uncertain_significance
CAP	aftB_R579C		Uncertain_significance
CAP	aftB_R601C		Uncertain_significance
CAP	aftB_S137A		Uncertain_significance
CAP	aftB_S405W		Uncertain_significance
CAP	aftB_S469L		Uncertain_significance
CAP	aftB_S91A		Uncertain_significance
CAP	aftB_T11M		Uncertain_significance
CAP	aftB_V144M		Uncertain_significance
CAP	aftB_V156L		Uncertain_significance
CAP	aftB_V15M		Uncertain_significance
CAP	aftB_V185A		Uncertain_significance
CAP	aftB_V293M		Not_assoc_w_R
CAP	aftB_V316A		Uncertain_significance
CAP	aftB_V320M		Uncertain_significance
CAP	aftB_V372G		Uncertain_significance
CAP	aftB_V544M		Uncertain_significance
CAP	aftB_V55I		Uncertain_significance
CAP	aftB_W546G		Uncertain_significance
CAP	aftB_W63S		Uncertain_significance
CAP	aftB_Y106C		Uncertain_significance
CAP	aftB_Y298C		Uncertain_significance
CAP	ccsA_A11V		Uncertain_significance
CAP	ccsA_A166V		Uncertain_significance
CAP	ccsA_A211V		Uncertain_significance
CAP	ccsA_A213V		Uncertain_significance
CAP	ccsA_A229V		Uncertain_significance
CAP	ccsA_A281E		Uncertain_significance
CAP	ccsA_A298S		Uncertain_significance
CAP	ccsA_D226N		Uncertain_significance
CAP	ccsA_E74A		Uncertain_significance
CAP	ccsA_F186S		Uncertain_significance
CAP	ccsA_F237L		Uncertain_significance
CAP	ccsA_F305V		Uncertain_significance
CAP	ccsA_F308L		Uncertain_significance
CAP	ccsA_G324S		Uncertain_significance
CAP	ccsA_G52R		Uncertain_significance
CAP	ccsA_G9S		Uncertain_significance
CAP	ccsA_H5N		Uncertain_significance
CAP	ccsA_I245M		Not_assoc_w_R
CAP	ccsA_I63V		Uncertain_significance
CAP	ccsA_L279V		Uncertain_significance
CAP	ccsA_P144L		Uncertain_significance
CAP	ccsA_P144S		Uncertain_significance
CAP	ccsA_P61L		Uncertain_significance
CAP	ccsA_P61S		Uncertain_significance
CAP	ccsA_P71L		Uncertain_significance
CAP	ccsA_R131C		Uncertain_significance
CAP	ccsA_R217G		Uncertain_significance
CAP	ccsA_R217L		Uncertain_significance
CAP	ccsA_R217W		Uncertain_significance
CAP	ccsA_R257C		Uncertain_significance
CAP	ccsA_R288Q		Uncertain_significance
CAP	ccsA_T200I		Uncertain_significance
CAP	ccsA_T314A		Uncertain_significance
CAP	ccsA_T3M		Uncertain_significance
CAP	ccsA_T56A		Uncertain_significance
CAP	ccsA_V27I		Not_assoc_w_R
CAP	ccsA_V76I		Uncertain_significance
CAP	ccsA_Y111H		Uncertain_significance
CAP	ccsA_Y134H		Uncertain_significance
CAP	ccsA_Y275H		Uncertain_significance
CAP	fprA_A124T		Uncertain_significance
CAP	fprA_A174T		Uncertain_significance
CAP	fprA_A19G		Uncertain_significance
CAP	fprA_A238T		Uncertain_significance
CAP	fprA_A238V		Uncertain_significance
CAP	fprA_A256G		Uncertain_significance
CAP	fprA_A35V		Uncertain_significance
CAP	fprA_A393V		Uncertain_significance
CAP	fprA_A412T		Uncertain_significance
CAP	fprA_D109A		Uncertain_significance
CAP	fprA_D177H		Uncertain_significance
CAP	fprA_D219N		Uncertain_significance
CAP	fprA_D231G		Uncertain_significance
CAP	fprA_D257G		Uncertain_significance
CAP	fprA_D37E		Uncertain_significance
CAP	fprA_D37N		Uncertain_significance
CAP	fprA_D404A		Uncertain_significance
CAP	fprA_D408N		Uncertain_significance
CAP	fprA_D98G		Uncertain_significance
CAP	fprA_E117K		Uncertain_significance
CAP	fprA_E139A		Uncertain_significance
CAP	fprA_E311G		Uncertain_significance
CAP	fprA_E354K		Uncertain_significance
CAP	fprA_E394D		Uncertain_significance
CAP	fprA_E400G		Uncertain_significance
CAP	fprA_E430D		Uncertain_significance
CAP	fprA_E430K		Uncertain_significance
CAP	fprA_E68K		Uncertain_significance
CAP	fprA_F78L		Uncertain_significance
CAP	fprA_G121D		Uncertain_significance
CAP	fprA_G121S		Uncertain_significance
CAP	fprA_G12R		Uncertain_significance
CAP	fprA_G190S		Uncertain_significance
CAP	fprA_G201D		Uncertain_significance
CAP	fprA_G232S		Uncertain_significance
CAP	fprA_G290S		Uncertain_significance
CAP	fprA_G298S		Uncertain_significance
CAP	fprA_G300R		Uncertain_significance
CAP	fprA_G369R		Uncertain_significance
CAP	fprA_G392V		Uncertain_significance
CAP	fprA_G91D		Uncertain_significance
CAP	fprA_H181Y		Uncertain_significance
CAP	fprA_I101N		Uncertain_significance
CAP	fprA_I225V		Uncertain_significance
CAP	fprA_K246Q		Uncertain_significance
CAP	fprA_K250T		Uncertain_significance
CAP	fprA_L173S		Uncertain_significance
CAP	fprA_L332P		Uncertain_significance
CAP	fprA_L447R		Uncertain_significance
CAP	fprA_L450P		Uncertain_significance
CAP	fprA_L455R		Uncertain_significance
CAP	fprA_M38T		Uncertain_significance
CAP	fprA_N349T		Uncertain_significance
CAP	fprA_N385D		Not_assoc_w_R
CAP	fprA_P115L		Uncertain_significance
CAP	fprA_P13S		Uncertain_significance
CAP	fprA_P188S		Uncertain_significance
CAP	fprA_P342T		Uncertain_significance
CAP	fprA_P364S		Uncertain_significance
CAP	fprA_P3H		Uncertain_significance
CAP	fprA_P440A		Uncertain_significance
CAP	fprA_Q405!		Uncertain_significance
CAP	fprA_R187H		Uncertain_significance
CAP	fprA_R282L		Uncertain_significance
CAP	fprA_R282P		Uncertain_significance
CAP	fprA_R291H		Uncertain_significance
CAP	fprA_R325C		Uncertain_significance
CAP	fprA_S11F		Uncertain_significance
CAP	fprA_S21C		Uncertain_significance
CAP	fprA_S274Y		Uncertain_significance
CAP	fprA_S299R		Uncertain_significance
CAP	fprA_S420P		Uncertain_significance
CAP	fprA_S446I		Uncertain_significance
CAP	fprA_T234N		Uncertain_significance
CAP	fprA_T307I		Uncertain_significance
CAP	fprA_T365N		Uncertain_significance
CAP	fprA_T44I		Uncertain_significance
CAP	fprA_V100L		Uncertain_significance
CAP	fprA_V126I		Uncertain_significance
CAP	fprA_V141I		Uncertain_significance
CAP	fprA_V152I		Uncertain_significance
CAP	fprA_V162A		Uncertain_significance
CAP	fprA_V197I		Uncertain_significance
CAP	fprA_V244G		Uncertain_significance
CAP	fprA_V251A		Uncertain_significance
CAP	fprA_V251M		Uncertain_significance
CAP	fprA_V318I		Uncertain_significance
CAP	fprA_V319M		Uncertain_significance
CAP	fprA_V425M		Uncertain_significance
CAP	fprA_V442L		Uncertain_significance
CAP	fprA_V84A		Uncertain_significance
CAP	fprA_V88I		Uncertain_significance
CAP	fprA_V9A		Uncertain_significance
CAP	fprA_V9M		Uncertain_significance
CAP	fprA_W46G		Uncertain_significance
CAP	fprA_W46!		Uncertain_significance
CAP	tlyA_A166V		Uncertain_significance
CAP	tlyA_A212V		Uncertain_significance
CAP	tlyA_A250T		Uncertain_significance
CAP	tlyA_A259T		Uncertain_significance
CAP	tlyA_A29V		Uncertain_significance
CAP	tlyA_A5T		Uncertain_significance
CAP	tlyA_A5V		Uncertain_significance
CAP	tlyA_C86G		Uncertain_significance
CAP	tlyA_C86R		Uncertain_significance
CAP	tlyA_D154A		Uncertain_significance
CAP	tlyA_D154G		Uncertain_significance
CAP	tlyA_D248C		Uncertain_significance
CAP	tlyA_D35G		Uncertain_significance
CAP	tlyA_D57G		Uncertain_significance
CAP	tlyA_E132A		Uncertain_significance
CAP	tlyA_E132G		Uncertain_significance
CAP	tlyA_E132Q		Uncertain_significance
CAP	tlyA_E238K		Uncertain_significance
CAP	tlyA_F240L		Uncertain_significance
CAP	tlyA_G116S		Uncertain_significance
CAP	tlyA_G145N		Uncertain_significance
CAP	tlyA_G188E		Uncertain_significance
CAP	tlyA_G190R		Uncertain_significance
CAP	tlyA_G232D		Assoc_w_R_Interim
CAP	tlyA_G235D		Uncertain_significance
CAP	tlyA_G66!		Assoc_w_R_Interim
CAP	tlyA_G95E		Uncertain_significance
CAP	tlyA_H68R		Uncertain_significance
CAP	tlyA_I177T		Uncertain_significance
CAP	tlyA_I34T		Uncertain_significance
CAP	tlyA_K69E		Uncertain_significance
CAP	tlyA_L150P		Uncertain_significance
CAP	tlyA_L155R		Uncertain_significance
CAP	tlyA_L160W		Uncertain_significance
CAP	tlyA_L164S		Uncertain_significance
CAP	tlyA_L180R		Uncertain_significance
CAP	tlyA_L218M		Uncertain_significance
CAP	tlyA_L74P		Assoc_w_R
CAP	tlyA_L87P		Uncertain_significance
CAP	tlyA_N236K		Assoc_w_R
CAP	tlyA_P179A		Uncertain_significance
CAP	tlyA_P179S		Uncertain_significance
CAP	tlyA_P229R		Uncertain_significance
CAP	tlyA_P233S		Uncertain_significance
CAP	tlyA_Q117!		Assoc_w_R_Interim
CAP	tlyA_Q191H		Uncertain_significance
CAP	tlyA_Q22!		Assoc_w_R_Interim
CAP	tlyA_R123P		Uncertain_significance
CAP	tlyA_R18!		Assoc_w_R_Interim
CAP	tlyA_R20H		Uncertain_significance
CAP	tlyA_R244P		Uncertain_significance
CAP	tlyA_R249Q		Uncertain_significance
CAP	tlyA_R3P		Uncertain_significance
CAP	tlyA_S156A		Uncertain_significance
CAP	tlyA_S159!		Assoc_w_R_Interim
CAP	tlyA_S228R		Uncertain_significance
CAP	tlyA_S252L		Uncertain_significance
CAP	tlyA_T134I		Uncertain_significance
CAP	tlyA_V108A		Uncertain_significance
CAP	tlyA_V151I		Uncertain_significance
CAP	tlyA_V178A		Uncertain_significance
CAP	tlyA_V198G		Uncertain_significance
CAP	tlyA_V1A		Uncertain_significance
CAP	tlyA_V32L		Uncertain_significance
CAP	tlyA_V7F		Uncertain_significance
CAP	tlyA_V99I		Uncertain_significance
CAP	whiB6_A25P		Uncertain_significance
CAP	whiB6_A25S		Uncertain_significance
CAP	whiB6_A25T		Uncertain_significance
CAP	whiB6_A49D		Uncertain_significance
CAP	whiB6_A49V		Uncertain_significance
CAP	whiB6_A55D		Uncertain_significance
CAP	whiB6_A55P		Uncertain_significance
CAP	whiB6_A63E		Uncertain_significance
CAP	whiB6_A63T		Uncertain_significance
CAP	whiB6_A63V		Uncertain_significance
CAP	whiB6_A66T		Uncertain_significance
CAP	whiB6_A66V		Uncertain_significance
CAP	whiB6_A6E		Uncertain_significance
CAP	whiB6_A6S		Uncertain_significance
CAP	whiB6_A6V		Uncertain_significance
CAP	whiB6_A72E		Uncertain_significance
CAP	whiB6_A72G		Uncertain_significance
CAP	whiB6_A77E		Uncertain_significance
CAP	whiB6_A77S		Uncertain_significance
CAP	whiB6_A77T		Uncertain_significance
CAP	whiB6_A77V		Uncertain_significance
CAP	whiB6_A7S		Uncertain_significance
CAP	whiB6_A87V		Uncertain_significance
CAP	whiB6_A89E		Uncertain_significance
CAP	whiB6_A91G		Uncertain_significance
CAP	whiB6_A91S		Uncertain_significance
CAP	whiB6_A99V		Uncertain_significance
CAP	whiB6_C12S		Uncertain_significance
CAP	whiB6_C34R		Uncertain_significance
CAP	whiB6_C34S		Uncertain_significance
CAP	whiB6_C34Y		Uncertain_significance
CAP	whiB6_C53G		Uncertain_significance
CAP	whiB6_C53R		Uncertain_significance
CAP	whiB6_C53Y		Uncertain_significance
CAP	whiB6_C56G		Uncertain_significance
CAP	whiB6_C62R		Uncertain_significance
CAP	whiB6_C62S		Uncertain_significance
CAP	whiB6_C62Y		Uncertain_significance
CAP	whiB6_D37G		Uncertain_significance
CAP	whiB6_D39G		Uncertain_significance
CAP	whiB6_D46A		Uncertain_significance
CAP	whiB6_D46E		Uncertain_significance
CAP	whiB6_D46G		Uncertain_significance
CAP	whiB6_D46H		Uncertain_significance
CAP	whiB6_D47G		Uncertain_significance
CAP	whiB6_D65G		Uncertain_significance
CAP	whiB6_E28Q		Uncertain_significance
CAP	whiB6_E73!		Uncertain_significance
CAP	whiB6_E83K		Uncertain_significance
CAP	whiB6_E8A		Uncertain_significance
CAP	whiB6_E8K		Uncertain_significance
CAP	whiB6_E8V		Uncertain_significance
CAP	whiB6_F5S		Uncertain_significance
CAP	whiB6_F90S		Uncertain_significance
CAP	whiB6_G32S		Uncertain_significance
CAP	whiB6_G74R		Uncertain_significance
CAP	whiB6_G78V		Uncertain_significance
CAP	whiB6_G85D		Uncertain_significance
CAP	whiB6_G85S		Uncertain_significance
CAP	whiB6_G85V		Uncertain_significance
CAP	whiB6_H109Y		Uncertain_significance
CAP	whiB6_K50E		Uncertain_significance
CAP	whiB6_K50Q		Uncertain_significance
CAP	whiB6_K50!		Uncertain_significance
CAP	whiB6_L52P		Uncertain_significance
CAP	whiB6_L52Q		Uncertain_significance
CAP	whiB6_L75M		Uncertain_significance
CAP	whiB6_L75Q		Uncertain_significance
CAP	whiB6_L92S		Uncertain_significance
CAP	whiB6_L95A		Uncertain_significance
CAP	whiB6_L95P		Uncertain_significance
CAP	whiB6_L95R		Uncertain_significance
CAP	whiB6_L98P		Uncertain_significance
CAP	whiB6_L98R		Uncertain_significance
CAP	whiB6_M1T		Uncertain_significance
CAP	whiB6_M1V		Uncertain_significance
CAP	whiB6_M21I		Uncertain_significance
CAP	whiB6_M21T		Uncertain_significance
CAP	whiB6_N102D		Uncertain_significance
CAP	whiB6_P105Q		Uncertain_significance
CAP	whiB6_P38A		Uncertain_significance
CAP	whiB6_P38L		Uncertain_significance
CAP	whiB6_P38S		Uncertain_significance
CAP	whiB6_P45S		Uncertain_significance
CAP	whiB6_P82L		Uncertain_significance
CAP	whiB6_Q36!		Uncertain_significance
CAP	whiB6_Q94E		Uncertain_significance
CAP	whiB6_Q94!		Uncertain_significance
CAP	whiB6_R101C		Uncertain_significance
CAP	whiB6_R107C		Not_assoc_w_R
CAP	whiB6_R110W		Uncertain_significance
CAP	whiB6_R17G		Uncertain_significance
CAP	whiB6_R17K		Uncertain_significance
CAP	whiB6_R17M		Uncertain_significance
CAP	whiB6_R40C		Uncertain_significance
CAP	whiB6_R40H		Uncertain_significance
CAP	whiB6_R54G		Uncertain_significance
CAP	whiB6_R54P		Uncertain_significance
CAP	whiB6_R54Q		Not_assoc_w_R
CAP	whiB6_R58G		Uncertain_significance
CAP	whiB6_R59L		Uncertain_significance
CAP	whiB6_R59W		Uncertain_significance
CAP	whiB6_R64C		Uncertain_significance
CAP	whiB6_R64L		Uncertain_significance
CAP	whiB6_R88G		Uncertain_significance
CAP	whiB6_R88Q		Uncertain_significance
CAP	whiB6_R88W		Uncertain_significance
CAP	whiB6_R96G		Uncertain_significance
CAP	whiB6_R96P		Uncertain_significance
CAP	whiB6_R96!		Uncertain_significance
CAP	whiB6_S112F		Uncertain_significance
CAP	whiB6_S115A		Uncertain_significance
CAP	whiB6_S84L		Uncertain_significance
CAP	whiB6_S97P		Uncertain_significance
CAP	whiB6_T10A		Uncertain_significance
CAP	whiB6_T11A		Uncertain_significance
CAP	whiB6_T11P		Uncertain_significance
CAP	whiB6_T35P		Uncertain_significance
CAP	whiB6_T42M		Uncertain_significance
CAP	whiB6_T43P		Uncertain_significance
CAP	whiB6_T44I		Uncertain_significance
CAP	whiB6_T51P		Not_assoc_w_R
CAP	whiB6_V106M		Uncertain_significance
CAP	whiB6_V23A		Uncertain_significance
CAP	whiB6_V33G		Uncertain_significance
CAP	whiB6_V79A		Uncertain_significance
CAP	whiB6_V79G		Uncertain_significance
CAP	whiB6_W16C		Uncertain_significance
CAP	whiB6_W16R		Uncertain_significance
CAP	whiB6_W16S		Uncertain_significance
CAP	whiB6_W16!		Uncertain_significance
CAP	whiB6_W41C		Uncertain_significance
CAP	whiB6_W41!		Uncertain_significance
CAP	whiB6_W60R		Uncertain_significance
CAP	whiB6_W60!		Uncertain_significance
CAP	whiB6_W76G		Uncertain_significance
CAP	whiB6_W76R		Uncertain_significance
CAP	whiB6_W76S		Uncertain_significance
CAP	whiB6_W76!		Uncertain_significance
CAP	whiB6_Y27!		Uncertain_significance
CAP	whiB6_Y3C		Uncertain_significance
CAP	ccsA_g-196a	619695	Uncertain_significance
CAP	Rv0528_g-464a	619695	Uncertain_significance
CAP	ccsA_g-196t	619695	Uncertain_significance
CAP	Rv0528_g-464t	619695	Uncertain_significance
CAP	ccsA_c-191t	619700	Uncertain_significance
CAP	Rv0528_c-466t	619700	Uncertain_significance
CAP	ccsA_g-162a	619729	Uncertain_significance
CAP	Rv0528_g-475a	619729	Uncertain_significance
CAP	ccsA_c-144a	619747	Uncertain_significance
CAP	Rv0528_c-481a	619747	Uncertain_significance
CAP	ccsA_g-143a	619748	Uncertain_significance
CAP	Rv0528_g-482a	619748	Uncertain_significance
CAP	ccsA_g-134t	619757	Uncertain_significance
CAP	Rv0528_g-485t	619757	Uncertain_significance
CAP	ccsA_g-107a	619784	Uncertain_significance
CAP	Rv0528_g-494a	619784	Uncertain_significance
CAP	ccsA_g-106c	619785	Uncertain_significance
CAP	Rv0528_g-494c	619785	Uncertain_significance
CAP	ccsA_g-100a	619791	Uncertain_significance
CAP	Rv0528_g-496a	619791	Uncertain_significance
CAP	ccsA_c-99t	619792	Uncertain_significance
CAP	Rv0528_c-496t	619792	Uncertain_significance
CAP	ccsA_g-93c	619798	Uncertain_significance
CAP	Rv0528_g-498c	619798	Uncertain_significance
CAP	ccsA_g-89a	619802	Uncertain_significance
CAP	Rv0528_g-500a	619802	Uncertain_significance
CAP	ccsA_g-85a	619806	Uncertain_significance
CAP	Rv0528_g-501a	619806	Uncertain_significance
CAP	ccsA_g-77a	619814	Uncertain_significance
CAP	Rv0528_g-504a	619814	Uncertain_significance
CAP	ccsA_g-77t	619814	Uncertain_significance
CAP	Rv0528_g-504t	619814	Uncertain_significance
CAP	ccsA_g-76c	619815	Uncertain_significance
CAP	Rv0528_g-504c	619815	Uncertain_significance
CAP	ccsA_-38_ins_1_a_at	619853	Uncertain_significance
CAP	Rv0528_1549_ins_1_a_at	619853	Uncertain_significance
CAP	ccsA_c-22a	619869	Uncertain_significance
CAP	Rv0528_c-522a	619869	Uncertain_significance
CAP	rrs_t-324g	1471522	Uncertain_significance
CAP	murA_t-401g	1471522	Uncertain_significance
CAP	rrs_g-319a	1471527	Uncertain_significance
CAP	murA_g-403a	1471527	Uncertain_significance
CAP	rrs_g-290t	1471556	Uncertain_significance
CAP	murA_g-412t	1471556	Uncertain_significance
CAP	rrs_a-265g	1471581	Uncertain_significance
CAP	rrs_c-264t	1471582	Uncertain_significance
CAP	rrs_g-263a	1471583	Uncertain_significance
CAP	rrs_a-259c	1471587	Uncertain_significance
CAP	rrs_c-257t	1471589	Uncertain_significance
CAP	rrs_t-256g	1471590	Uncertain_significance
CAP	rrs_t-248c	1471598	Uncertain_significance
CAP	rrs_t-246c	1471600	Uncertain_significance
CAP	rrs_a-245g	1471601	Uncertain_significance
CAP	rrs_g-239a	1471607	Uncertain_significance
CAP	rrs_g-235a	1471611	Uncertain_significance
CAP	rrs_g-235c	1471611	Uncertain_significance
CAP	rrs_a-233g	1471613	Uncertain_significance
CAP	rrs_c-231a	1471615	Uncertain_significance
CAP	rrs_g-228c	1471618	Uncertain_significance
CAP	rrs_c-226g	1471620	Uncertain_significance
CAP	rrs_c-226t	1471620	Uncertain_significance
CAP	rrs_c-213g	1471633	Uncertain_significance
CAP	rrs_c-213t	1471633	Uncertain_significance
CAP	rrs_c-212g	1471634	Uncertain_significance
CAP	rrs_c-212t	1471634	Uncertain_significance
CAP	rrs_-211_del_1_ggatttgtattagactggcagggtc_ggtttgtattagactggcagggtt	1471635	Uncertain_significance
CAP	rrs_-210_del_1_ga_g	1471636	Uncertain_significance
CAP	rrs_a-209g	1471637	Uncertain_significance
CAP	rrs_t-202c	1471644	Uncertain_significance
CAP	rrs_g-199a	1471647	Uncertain_significance
CAP	rrs_g-199c	1471647	Uncertain_significance
CAP	rrs_g-199t	1471647	Uncertain_significance
CAP	rrs_a-198c	1471648	Uncertain_significance
CAP	rrs_c-197g	1471649	Uncertain_significance
CAP	rrs_g-195c	1471651	Uncertain_significance
CAP	rrs_c-193g	1471653	Uncertain_significance
CAP	rrs_-191_del_7_gggtcgccc_gg	1471655	Uncertain_significance
CAP	rrs_g-191c	1471655	Uncertain_significance
CAP	rrs_g-190a	1471656	Uncertain_significance
CAP	rrs_t-188c	1471658	Uncertain_significance
CAP	rrs_c-187t	1471659	Not_assoc_w_R
CAP	rrs_g-186a	1471660	Uncertain_significance
CAP	rrs_g-181a	1471665	Uncertain_significance
CAP	rrs_a-180c	1471666	Uncertain_significance
CAP	rrs_a-168c	1471678	Uncertain_significance
CAP	rrs_c-159t	1471687	Uncertain_significance
CAP	rrs_c-142t	1471704	Uncertain_significance
CAP	rrs_a-141g	1471705	Uncertain_significance
CAP	rrs_a-140c	1471706	Uncertain_significance
CAP	rrs_g-125t	1471721	Uncertain_significance
CAP	rrs_-122_del_1_tcacat_tcaca	1471724	Uncertain_significance
CAP	rrs_-118_del_1_at_a	1471728	Uncertain_significance
CAP	rrs_-109_ins_1_gttatttttggc_gttatttttgggc	1471737	Uncertain_significance
CAP	rrs_-101_ins_1_t_tg	1471745	Uncertain_significance
CAP	rrs_c-93t	1471753	Uncertain_significance
CAP	rrs_t-92g	1471754	Uncertain_significance
CAP	rrs_c-91t	1471755	Uncertain_significance
CAP	rrs_t-89c	1471757	Uncertain_significance
CAP	rrs_c-82t	1471764	Uncertain_significance
CAP	rrs_t-78c	1471768	Uncertain_significance
CAP	rrs_-75_del_1_cg_c	1471771	Uncertain_significance
CAP	rrs_g-70c	1471776	Uncertain_significance
CAP	rrs_c-69a	1471777	Uncertain_significance
CAP	rrs_c-69t	1471777	Uncertain_significance
CAP	rrs_g-68c	1471778	Uncertain_significance
CAP	rrs_t-67c	1471779	Uncertain_significance
CAP	rrs_g-65a	1471781	Uncertain_significance
CAP	rrs_-58_ins_1_g_gt	1471788	Uncertain_significance
CAP	rrs_t-56c	1471790	Uncertain_significance
CAP	rrs_t-52g	1471794	Uncertain_significance
CAP	rrs_g-49a	1471797	Uncertain_significance
CAP	rrs_-42_ins_1_tctaaatacc_tctaaaatacc	1471804	Uncertain_significance
CAP	rrs_c-34a	1471812	Uncertain_significance
CAP	rrs_t-32g	1471814	Uncertain_significance
CAP	rrs_-20_ins_10_t_ttccaaaggga	1471826	Uncertain_significance
CAP	rrs_-10_ins_14_agtgtttggg_agtgtttgggttttgtttggagag	1471836	Uncertain_significance
CAP	rrs_t-4g	1471842	Uncertain_significance
CAP	rrs_g5t	1471850	Uncertain_significance
CAP	rrs_g9a	1471854	Uncertain_significance
CAP	rrs_t16a	1471861	Uncertain_significance
CAP	rrs_t16c	1471861	Uncertain_significance
CAP	rrs_t16g	1471861	Uncertain_significance
CAP	rrs_t17g	1471862	Uncertain_significance
CAP	rrs_t23c	1471868	Uncertain_significance
CAP	rrs_t23g	1471868	Uncertain_significance
CAP	rrs_c33t	1471878	Uncertain_significance
CAP	rrs_c37t	1471882	Uncertain_significance
CAP	rrs_g47a	1471892	Uncertain_significance
CAP	rrs_g86a	1471931	Uncertain_significance
CAP	rrs_a89g	1471934	Uncertain_significance
CAP	rrs_a115g	1471960	Uncertain_significance
CAP	rrs_c116t	1471961	Uncertain_significance
CAP	rrs_a126c	1471971	Uncertain_significance
CAP	rrs_t140g	1471985	Uncertain_significance
CAP	rrs_c141t	1471986	Uncertain_significance
CAP	rrs_159_ins_1_c_ct	1472004	Uncertain_significance
CAP	rrs_c165a	1472010	Uncertain_significance
CAP	rrs_t166g	1472011	Uncertain_significance
CAP	rrs_t169c	1472014	Uncertain_significance
CAP	rrs_g179t	1472024	Uncertain_significance
CAP	rrs_181_ins_19_c_ccacgggatgcatgtcttgt	1472026	Uncertain_significance
CAP	rrs_c182g	1472027	Uncertain_significance
CAP	rrs_g187a	1472032	Uncertain_significance
CAP	rrs_c196t	1472041	Uncertain_significance
CAP	rrs_t200a	1472045	Uncertain_significance
CAP	rrs_t203c	1472048	Uncertain_significance
CAP	rrs_g204a	1472049	Uncertain_significance
CAP	rrs_c212t	1472057	Uncertain_significance
CAP	rrs_t213a	1472058	Uncertain_significance
CAP	rrs_t213c	1472058	Uncertain_significance
CAP	rrs_t213g	1472058	Uncertain_significance
CAP	rrs_g217a	1472062	Uncertain_significance
CAP	rrs_g225c	1472070	Uncertain_significance
CAP	rrs_c247t	1472092	Uncertain_significance
CAP	rrs_255_ins_1_t_tg	1472100	Uncertain_significance
CAP	rrs_c266t	1472111	Uncertain_significance
CAP	rrs_t268c	1472113	Uncertain_significance
CAP	rrs_a273t	1472118	Uncertain_significance
CAP	rrs_c279a	1472124	Uncertain_significance
CAP	rrs_a299g	1472144	Uncertain_significance
CAP	rrs_301_ins_2_g_ggt	1472146	Uncertain_significance
CAP	rrs_t305a	1472150	Uncertain_significance
CAP	rrs_c306t	1472151	Uncertain_significance
CAP	rrs_c307t	1472152	Uncertain_significance
CAP	rrs_g319a	1472164	Uncertain_significance
CAP	rrs_a324c	1472169	Uncertain_significance
CAP	rrs_t327c	1472172	Uncertain_significance
CAP	rrs_g349a	1472194	Uncertain_significance
CAP	rrs_g358a	1472203	Uncertain_significance
CAP	rrs_g358t	1472203	Uncertain_significance
CAP	rrs_a365g	1472210	Uncertain_significance
CAP	rrs_405_del_12_gggggatgacggccttcgggttgtaaacctctttcaccatcgacgaaggt_gagggatgacggccttcgggttgtaaacctctgttagcagggaagaagag	1472250	Uncertain_significance
CAP	rrs_g424a	1472269	Uncertain_significance
CAP	rrs_a447g	1472292	Uncertain_significance
CAP	rrs_t460c	1472305	Uncertain_significance
CAP	rrs_c462t	1472307	Uncertain_significance
CAP	rrs_c492t	1472337	Not_assoc_w_R
CAP	rrs_a493g	1472338	Uncertain_significance
CAP	rrs_a504g	1472349	Uncertain_significance
CAP	rrs_c513t	1472358	Uncertain_significance
CAP	rrs_a514c	1472359	Not_assoc_w_R
CAP	rrs_a514t	1472359	Uncertain_significance
CAP	rrs_c517t	1472362	Not_assoc_w_R
CAP	rrs_t529c	1472374	Uncertain_significance
CAP	rrs_533_ins_1_gtgcgagcgttgtccggaattactgggcgtaaagagctcgtaggtggttt_gcgcgagcgttgtccggaattattgggcgtaaagagcttgtaggcggttt	1472378	Uncertain_significance
CAP	rrs_a554t	1472399	Uncertain_significance
CAP	rrs_555_ins_1_c_ct	1472400	Uncertain_significance
CAP	rrs_591_ins_1_g_gt	1472436	Uncertain_significance
CAP	rrs_t603c	1472448	Uncertain_significance
CAP	rrs_a633c	1472478	Uncertain_significance
CAP	rrs_642_ins_1_c_ct	1472487	Uncertain_significance
CAP	rrs_c650t	1472495	Uncertain_significance
CAP	rrs_g655c	1472500	Uncertain_significance
CAP	rrs_g656c	1472501	Uncertain_significance
CAP	rrs_g673a	1472518	Uncertain_significance
CAP	rrs_t698c	1472543	Uncertain_significance
CAP	rrs_c699t	1472544	Uncertain_significance
CAP	rrs_a703c	1472548	Uncertain_significance
CAP	rrs_c708t	1472553	Uncertain_significance
CAP	rrs_g713a	1472558	Uncertain_significance
CAP	rrs_g724a	1472569	Uncertain_significance
CAP	rrs_c735g	1472580	Uncertain_significance
CAP	rrs_c735t	1472580	Uncertain_significance
CAP	rrs_a736t	1472581	Uncertain_significance
CAP	rrs_g752a	1472597	Uncertain_significance
CAP	rrs_g762a	1472607	Uncertain_significance
CAP	rrs_c799a	1472644	Uncertain_significance
CAP	rrs_c799t	1472644	Uncertain_significance
CAP	rrs_c808t	1472653	Uncertain_significance
CAP	rrs_g810t	1472655	Uncertain_significance
CAP	rrs_t815c	1472660	Uncertain_significance
CAP	rrs_t828g	1472673	Uncertain_significance
CAP	rrs_t829g	1472674	Uncertain_significance
CAP	rrs_t830a	1472675	Uncertain_significance
CAP	rrs_c832a	1472677	Uncertain_significance
CAP	rrs_c836g	1472681	Uncertain_significance
CAP	rrs_t837a	1472682	Uncertain_significance
CAP	rrs_t837g	1472682	Uncertain_significance
CAP	rrs_t838c	1472683	Uncertain_significance
CAP	rrs_g840t	1472685	Uncertain_significance
CAP	rrs_g841t	1472686	Uncertain_significance
CAP	rrs_a842t	1472687	Uncertain_significance
CAP	rrs_c845t	1472690	Uncertain_significance
CAP	rrs_t847c	1472692	Uncertain_significance
CAP	rrs_c859t	1472704	Uncertain_significance
CAP	rrs_c861t	1472706	Uncertain_significance
CAP	rrs_a869g	1472714	Uncertain_significance
CAP	rrs_g878a	1472723	Uncertain_significance
CAP	rrs_g887a	1472732	Uncertain_significance
CAP	rrs_g887t	1472732	Uncertain_significance
CAP	rrs_g891a	1472736	Uncertain_significance
CAP	rrs_c905a	1472750	Uncertain_significance
CAP	rrs_c905g	1472750	Uncertain_significance
CAP	rrs_c905t	1472750	Uncertain_significance
CAP	rrs_a906g	1472751	Not_assoc_w_R
CAP	rrs_a907t	1472752	Uncertain_significance
CAP	rrs_a908c	1472753	Uncertain_significance
CAP	rrs_a908g	1472753	Uncertain_significance
CAP	rrs_g910a	1472755	Uncertain_significance
CAP	rrs_c929t	1472774	Uncertain_significance
CAP	rrs_g935a	1472780	Uncertain_significance
CAP	rrs_c941t	1472786	Uncertain_significance
CAP	rrs_t945c	1472790	Uncertain_significance
CAP	rrs_a970c	1472815	Uncertain_significance
CAP	rrs_c972t	1472817	Uncertain_significance
CAP	rrs_978_ins_1_ctgggtttgacatgcacaggacgcgtctagagataggcgttcccttgtgg_caaggcttgacatatactggaccgcatcagagatggtgtttcccttcggg	1472823	Uncertain_significance
CAP	rrs_c1001g	1472846	Uncertain_significance
CAP	rrs_a1012g	1472857	Uncertain_significance
CAP	rrs_g1016a	1472861	Uncertain_significance
CAP	rrs_g1016c	1472861	Uncertain_significance
CAP	rrs_g1016t	1472861	Uncertain_significance
CAP	rrs_c1021t	1472866	Uncertain_significance
CAP	rrs_c1028a	1472873	Uncertain_significance
CAP	rrs_t1030g	1472875	Uncertain_significance
CAP	rrs_a1058g	1472903	Uncertain_significance
CAP	rrs_1075_ins_1_g_gt	1472920	Uncertain_significance
CAP	rrs_t1107c	1472952	Uncertain_significance
CAP	rrs_t1109c	1472954	Uncertain_significance
CAP	rrs_c1110t	1472955	Uncertain_significance
CAP	rrs_t1111c	1472956	Uncertain_significance
CAP	rrs_c1112a	1472957	Uncertain_significance
CAP	rrs_c1112t	1472957	Uncertain_significance
CAP	rrs_a1128t	1472973	Uncertain_significance
CAP	rrs_c1141t	1472986	Uncertain_significance
CAP	rrs_g1142a	1472987	Uncertain_significance
CAP	rrs_g1144a	1472989	Uncertain_significance
CAP	rrs_a1145g	1472990	Uncertain_significance
CAP	rrs_g1148a	1472993	Uncertain_significance
CAP	rrs_c1153t	1472998	Uncertain_significance
CAP	rrs_t1164a	1473009	Uncertain_significance
CAP	rrs_a1171c	1473016	Uncertain_significance
CAP	rrs_g1176a	1473021	Uncertain_significance
CAP	rrs_g1190a	1473035	Uncertain_significance
CAP	rrs_t1191c	1473036	Uncertain_significance
CAP	rrs_t1208g	1473053	Uncertain_significance
CAP	rrs_c1210t	1473055	Uncertain_significance
CAP	rrs_a1211t	1473056	Uncertain_significance
CAP	rrs_c1220g	1473065	Uncertain_significance
CAP	rrs_a1221g	1473066	Uncertain_significance
CAP	rrs_g1234a	1473079	Uncertain_significance
CAP	rrs_a1243g	1473088	Uncertain_significance
CAP	rrs_a1244g	1473089	Uncertain_significance
CAP	rrs_c1248g	1473093	Uncertain_significance
CAP	rrs_c1248t	1473093	Uncertain_significance
CAP	rrs_a1253g	1473098	Uncertain_significance
CAP	rrs_g1255a	1473100	Uncertain_significance
CAP	rrs_c1257t	1473102	Uncertain_significance
CAP	rrs_c1259g	1473104	Uncertain_significance
CAP	rrs_c1259t	1473104	Uncertain_significance
CAP	rrs_t1264c	1473109	Uncertain_significance
CAP	rrs_t1265g	1473110	Uncertain_significance
CAP	rrs_a1266g	1473111	Uncertain_significance
CAP	rrs_g1270t	1473115	Uncertain_significance
CAP	rrs_t1276c	1473121	Uncertain_significance
CAP	rrs_t1276g	1473121	Uncertain_significance
CAP	rrs_a1278g	1473123	Uncertain_significance
CAP	rrs_g1285a	1473130	Uncertain_significance
CAP	rrs_t1289c	1473134	Uncertain_significance
CAP	rrs_c1300t	1473145	Uncertain_significance
CAP	rrs_c1320t	1473165	Uncertain_significance
CAP	rrs_g1321a	1473166	Uncertain_significance
CAP	rrs_g1323t	1473168	Uncertain_significance
CAP	rrs_a1325c	1473170	Uncertain_significance
CAP	rrs_t1327g	1473172	Uncertain_significance
CAP	rrs_c1328t	1473173	Uncertain_significance
CAP	rrs_a1341g	1473186	Uncertain_significance
CAP	rrs_c1346t	1473191	Uncertain_significance
CAP	rrs_c1359t	1473204	Uncertain_significance
CAP	rrs_a1367g	1473212	Uncertain_significance
CAP	rrs_g1379a	1473224	Uncertain_significance
CAP	rrs_c1382g	1473227	Uncertain_significance
CAP	rrs_a1401g	1473246	Assoc_w_R
CAP	rrs_c1402t	1473247	Assoc_w_R
CAP	rrs_a1409g	1473254	Uncertain_significance
CAP	rrs_c1414t	1473259	Uncertain_significance
CAP	rrs_g1415t	1473260	Uncertain_significance
CAP	rrs_g1432a	1473277	Uncertain_significance
CAP	rrs_c1443g	1473288	Uncertain_significance
CAP	rrs_a1449g	1473294	Uncertain_significance
CAP	rrs_g1460a	1473305	Uncertain_significance
CAP	rrs_t1465g	1473310	Uncertain_significance
CAP	rrs_g1479a	1473324	Uncertain_significance
CAP	rrs_g1484a	1473329	Uncertain_significance
CAP	rrs_g1484t	1473329	Assoc_w_R
CAP	rrs_c1489t	1473334	Uncertain_significance
CAP	rrs_t1491a	1473336	Uncertain_significance
CAP	rrs_a1500t	1473345	Uncertain_significance
CAP	rrs_c1503t	1473348	Uncertain_significance
CAP	rrs_g1523a	1473368	Uncertain_significance
CAP	tlyA_g-238t	1917702	Uncertain_significance
CAP	Rv1692_g-335t	1917702	Uncertain_significance
CAP	tlyA_c-234t	1917706	Uncertain_significance
CAP	Rv1692_c-337t	1917706	Uncertain_significance
CAP	tlyA_a-222g	1917718	Uncertain_significance
CAP	Rv1692_a-341g	1917718	Uncertain_significance
CAP	tlyA_g-220a	1917720	Uncertain_significance
CAP	Rv1692_g-341a	1917720	Uncertain_significance
CAP	tlyA_c-217a	1917723	Uncertain_significance
CAP	Rv1692_c-342a	1917723	Uncertain_significance
CAP	tlyA_a-216g	1917724	Uncertain_significance
CAP	Rv1692_a-343g	1917724	Uncertain_significance
CAP	tlyA_c-214a	1917726	Uncertain_significance
CAP	Rv1692_c-343a	1917726	Uncertain_significance
CAP	tlyA_g-213a	1917727	Uncertain_significance
CAP	Rv1692_g-344a	1917727	Uncertain_significance
CAP	tlyA_g-205a	1917735	Uncertain_significance
CAP	Rv1692_g-346a	1917735	Uncertain_significance
CAP	tlyA_g-202a	1917738	Uncertain_significance
CAP	Rv1692_g-347a	1917738	Uncertain_significance
CAP	tlyA_c-186t	1917754	Uncertain_significance
CAP	Rv1692_c-353t	1917754	Uncertain_significance
CAP	tlyA_c-180t	1917760	Uncertain_significance
CAP	Rv1693_c-2t	1917760	Uncertain_significance
CAP	tlyA_t-170c	1917770	Uncertain_significance
CAP	Rv1693_t-5c	1917770	Uncertain_significance
CAP	tlyA_g-145c	1917795	Uncertain_significance
CAP	Rv1693_g-14c	1917795	Uncertain_significance
CAP	tlyA_c-139t	1917801	Uncertain_significance
CAP	Rv1693_c-16t	1917801	Uncertain_significance
CAP	tlyA_t-134g	1917806	Uncertain_significance
CAP	Rv1693_t-17g	1917806	Uncertain_significance
CAP	tlyA_c-116t	1917824	Uncertain_significance
CAP	Rv1693_c-23t	1917824	Uncertain_significance
CAP	tlyA_g-112a	1917828	Uncertain_significance
CAP	Rv1693_g-25a	1917828	Uncertain_significance
CAP	tlyA_g-112a	1917828	Uncertain_significance
CAP	Rv1693_g-25a	1917828	Uncertain_significance
CAP	tlyA_c-111t	1917829	Uncertain_significance
CAP	Rv1693_c-25t	1917829	Uncertain_significance
CAP	tlyA_c-99g	1917841	Uncertain_significance
CAP	Rv1693_c-29g	1917841	Uncertain_significance
CAP	tlyA_c-90t	1917850	Uncertain_significance
CAP	Rv1693_c-32t	1917850	Uncertain_significance
CAP	tlyA_c-89a	1917851	Uncertain_significance
CAP	Rv1693_c-32a	1917851	Uncertain_significance
CAP	tlyA_c-83t	1917857	Uncertain_significance
CAP	Rv1693_c-34t	1917857	Uncertain_significance
CAP	tlyA_a-71g	1917869	Uncertain_significance
CAP	Rv1693_a-38g	1917869	Uncertain_significance
CAP	tlyA_c-59t	1917881	Uncertain_significance
CAP	Rv1693_c-42t	1917881	Uncertain_significance
CAP	tlyA_a-57g	1917883	Uncertain_significance
CAP	Rv1693_a-43g	1917883	Uncertain_significance
CAP	tlyA_g-44a	1917896	Uncertain_significance
CAP	Rv1693_g-47a	1917896	Uncertain_significance
CAP	tlyA_g-34a	1917906	Uncertain_significance
CAP	Rv1693_g-51a	1917906	Uncertain_significance
CAP	tlyA_g-22c	1917918	Uncertain_significance
CAP	Rv1693_g-55c	1917918	Uncertain_significance
CAP	tlyA_95_del_173_tgcgcatcgacgggctgccggcggtcaagccggccaccgccgtgtccgac_t	1918034	Assoc_w_R_Interim
CAP	tlyA_99_del_1_ca_c	1918038	Assoc_w_R_Interim
CAP	tlyA_123_ins_1_g_gc	1918062	Assoc_w_R_Interim
CAP	tlyA_135_ins_1_c_cg	1918074	Assoc_w_R_Interim
CAP	tlyA_197_ins_2_ga_gagc	1918136	Assoc_w_R_Interim
CAP	tlyA_201_ins_9_g_gcacaaacta	1918140	Uncertain_significance
CAP	tlyA_224_del_1_ag_a	1918163	Assoc_w_R_Interim
CAP	tlyA_225_ins_6_g_ggcgttc	1918164	Uncertain_significance
CAP	tlyA_266_ins_2_c_cgg	1918205	Assoc_w_R_Interim
CAP	tlyA_272_del_2_cat_c	1918211	Assoc_w_R_Interim
CAP	tlyA_309_ins_1_t_tg	1918248	Assoc_w_R_Interim
CAP	tlyA_313_ins_1_g_gc	1918252	Assoc_w_R_Interim
CAP	tlyA_326_del_1_tg_t	1918265	Assoc_w_R_Interim
CAP	tlyA_389_ins_1_tcctcgag_tccctcgag	1918328	Assoc_w_R_Interim
CAP	tlyA_389_ins_1_tcctcgag_tcctcgaag	1918328	Assoc_w_R_Interim
CAP	tlyA_389_ins_1_tcctcgag_tcctcgagc	1918328	Assoc_w_R_Interim
CAP	tlyA_389_ins_2_tcctcgag_tcctcgagag	1918328	Assoc_w_R_Interim
CAP	tlyA_395_ins_1_a_ag	1918334	Assoc_w_R_Interim
CAP	tlyA_395_ins_2_a_agc	1918334	Assoc_w_R_Interim
CAP	tlyA_397_del_1_cg_c	1918336	Assoc_w_R_Interim
CAP	tlyA_429_ins_1_g_ga	1918368	Assoc_w_R_Interim
CAP	tlyA_569_ins_1_g_gt	1918508	Assoc_w_R_Interim
CAP	tlyA_585_ins_2_t_tgg	1918524	Assoc_w_R_Interim
CAP	tlyA_590_ins_1_t_ta	1918529	Assoc_w_R_Interim
CAP	tlyA_591_del_1_ggt_gg	1918530	Assoc_w_R_Interim
CAP	tlyA_631_del_2_gtcg_gt	1918570	Assoc_w_R_Interim
CAP	tlyA_640_ins_2_cgggcacag_cgggggcacag	1918579	Assoc_w_R_Interim
CAP	tlyA_695_del_1_gc_g	1918634	Assoc_w_R_Interim
CAP	tlyA_714_del_1_gta_gt	1918653	Assoc_w_R_Interim
CAP	fprA_t-161g	3473846	Uncertain_significance
CAP	prfB_t-20g	3473846	Uncertain_significance
CAP	fprA_g-147a	3473860	Uncertain_significance
CAP	prfB_g-15a	3473860	Uncertain_significance
CAP	fprA_c-133a	3473874	Uncertain_significance
CAP	prfB_c-11a	3473874	Uncertain_significance
CAP	fprA_g-130t	3473877	Uncertain_significance
CAP	prfB_g-10t	3473877	Uncertain_significance
CAP	fprA_g-129a	3473878	Uncertain_significance
CAP	prfB_g-9a	3473878	Uncertain_significance
CAP	fprA_g-122a	3473885	Uncertain_significance
CAP	prfB_g-7a	3473885	Uncertain_significance
CAP	fprA_g-114t	3473893	Uncertain_significance
CAP	prfB_g-4t	3473893	Uncertain_significance
CAP	fprA_36_del_1_gc_g	3474042	Uncertain_significance
CAP	fprA_256_ins_1_g_ga	3474262	Uncertain_significance
CAP	fprA_373_del_1_gc_g	3474379	Uncertain_significance
CAP	fprA_693_ins_1_c_cg	3474699	Uncertain_significance
CAP	fprA_806_del_182_tccggttcttgacctctccgatcgagatcaagggcaagcgcaaagtggag_t	3474812	Uncertain_significance
CAP	fprA_808_del_1_cg_c	3474814	Uncertain_significance
CAP	fprA_1256_del_1_cg_c	3475262	Uncertain_significance
CAP	aftB_c-1t	4268837	Uncertain_significance
CAP	aftB_c-2t	4268838	Uncertain_significance
CAP	aftB_c-3t	4268839	Uncertain_significance
CAP	aftB_c-12t	4268848	Uncertain_significance
CAP	aftB_t-14c	4268850	Uncertain_significance
CAP	aftB_g-16a	4268852	Uncertain_significance
CAP	aftB_g-22a	4268858	Uncertain_significance
CAP	aftB_t-25c	4268861	Uncertain_significance
CAP	aftB_c-45t	4268881	Uncertain_significance
CAP	aftB_g-46a	4268882	Uncertain_significance
CAP	aftB_c-54t	4268890	Uncertain_significance
CAP	aftB_c-57t	4268893	Uncertain_significance
CAP	aftB_c-70a	4268906	Uncertain_significance
CAP	aftB_g-82a	4268918	Uncertain_significance
CAP	aftB_c-92t	4268928	Uncertain_significance
CAP	ubiA_c-302t	4268928	Uncertain_significance
CAP	aftB_c-98t	4268934	Uncertain_significance
CAP	ubiA_c-300t	4268934	Uncertain_significance
CAP	aftB_g-128t	4268964	Uncertain_significance
CAP	ubiA_g-290t	4268964	Uncertain_significance
CAP	aftB_g-134a	4268970	Uncertain_significance
CAP	ubiA_g-288a	4268970	Uncertain_significance
CAP	whiB6_335_ins_2_g_gac	4338187	Uncertain_significance
CAP	whiB6_325_del_1_ggt_gg	4338197	Uncertain_significance
CAP	whiB6_321_del_1_gcgc_gcc	4338201	Uncertain_significance
CAP	whiB6_321_ins_1_gcgc_gccgc	4338201	Uncertain_significance
CAP	whiB6_315_del_1_cg_c	4338207	Uncertain_significance
CAP	whiB6_315_ins_1_c_cg	4338207	Uncertain_significance
CAP	whiB6_307_del_14_cgttgcgctcggcca_c	4338215	Uncertain_significance
CAP	whiB6_307_del_1_cgttgcgctcggcca_cgttgcgctcgcca	4338215	Uncertain_significance
CAP	whiB6_307_ins_1_cgttgcgctcggcca_cgttgccgctcggcca	4338215	Uncertain_significance
CAP	whiB6_307_ins_5_cgttgcgctcggcca_cgttgcgctcggccagggat	4338215	Uncertain_significance
CAP	whiB6_298_del_1_cg_c	4338224	Uncertain_significance
CAP	whiB6_293_ins_1_a_ag	4338229	Uncertain_significance
CAP	whiB6_288_ins_1_t_tc	4338234	Uncertain_significance
CAP	whiB6_279_del_1_gc_g	4338243	Uncertain_significance
CAP	whiB6_236_del_1_ac_a	4338286	Uncertain_significance
CAP	whiB6_232_del_1_ctgc_ctg	4338290	Uncertain_significance
CAP	whiB6_230_del_1_gc_g	4338292	Uncertain_significance
CAP	whiB6_223_del_1_gc_g	4338299	Uncertain_significance
CAP	whiB6_223_ins_1_gc_gca	4338299	Uncertain_significance
CAP	whiB6_218_ins_1_t_tc	4338304	Uncertain_significance
CAP	whiB6_214_ins_1_c_ca	4338308	Uncertain_significance
CAP	whiB6_199_del_1_cg_c	4338323	Uncertain_significance
CAP	whiB6_199_ins_1_cg_cgg	4338323	Uncertain_significance
CAP	whiB6_195_del_2_gtc_g	4338327	Uncertain_significance
CAP	whiB6_189_ins_1_t_tg	4338333	Uncertain_significance
CAP	whiB6_189_ins_2_t_tgc	4338333	Uncertain_significance
CAP	whiB6_188_ins_2_g_gca	4338334	Uncertain_significance
CAP	whiB6_186_ins_1_a_ac	4338336	Uncertain_significance
CAP	whiB6_184_del_4_acagc_a	4338338	Uncertain_significance
CAP	whiB6_184_ins_4_acagc_acagccacc	4338338	Uncertain_significance
CAP	whiB6_177_del_1_ccg_cc	4338345	Uncertain_significance
CAP	whiB6_171_del_1_cg_c	4338351	Uncertain_significance
CAP	whiB6_167_del_1_ca_c	4338355	Uncertain_significance
CAP	whiB6_156_del_1_cag_ca	4338366	Uncertain_significance
CAP	whiB6_156_ins_1_cag_caag	4338366	Uncertain_significance
CAP	whiB6_156_ins_8_cag_cagggtcttgg	4338366	Uncertain_significance
CAP	whiB6_152_ins_13_gtcttggcct_gtcttggcctcgtcgtcgggagt	4338370	Uncertain_significance
CAP	whiB6_136_del_1_cg_c	4338386	Uncertain_significance
CAP	whiB6_122_ins_1_c_ca	4338400	Uncertain_significance
CAP	whiB6_112_del_1_ga_g	4338410	Uncertain_significance
CAP	whiB6_105_del_183_cgtgcaaacgccgagcgggacctcatacagggcggttactgtcatgtcta_c	4338417	Uncertain_significance
CAP	whiB6_93_del_309_gagcgggacctcatacagggcggttactgtcatgtctacgttcctccaga_g	4338429	Uncertain_significance
CAP	whiB6_88_del_83_ggacctcatacagggcggttactgtcatgtctacgttcctccagaaagcg_g	4338434	Uncertain_significance
CAP	whiB6_87_ins_1_g_ga	4338435	Uncertain_significance
CAP	whiB6_84_del_1_ct_c	4338438	Uncertain_significance
CAP	whiB6_82_ins_1_c_ca	4338440	Uncertain_significance
CAP	whiB6_82_ins_1_c_cg	4338440	Uncertain_significance
CAP	whiB6_82_ins_1_c_ct	4338440	Uncertain_significance
CAP	whiB6_77_del_1_agggcggt_aggcggt	4338445	Uncertain_significance
CAP	whiB6_77_del_1_agggcggt_agggcgg	4338445	Uncertain_significance
CAP	whiB6_72_del_1_ggt_gg	4338450	Uncertain_significance
CAP	whiB6_71_del_1_gt_g	4338451	Uncertain_significance
CAP	whiB6_8_del_316_tatcgcattaaccatagcgatgcaacagtttcctcctctgcctgcctagc_tt	4338514	Uncertain_significance
CAP	whiB6_6_ins_42_t_tcgcattaaccgacgggtcggcccaggctgtcggggcgggaag	4338516	Uncertain_significance
CAP	whiB6_2_del_1_at_a	4338520	Uncertain_significance
CAP	whiB6_t-2c	4338523	Uncertain_significance
CAP	whiB6_-5_ins_42_c_cgacgggtcggcccaggctgtcggggcgggaagcgcattaacc	4338526	Uncertain_significance
CAP	whiB6_g-5a	4338526	Uncertain_significance
CAP	whiB6_c-9a	4338530	Uncertain_significance
CAP	whiB6_t-12c	4338533	Uncertain_significance
CAP	whiB6_c-14t	4338535	Uncertain_significance
CAP	whiB6_t-16c	4338537	Uncertain_significance
CAP	whiB6_t-17c	4338538	Uncertain_significance
CAP	whiB6_t-19c	4338540	Uncertain_significance
CAP	whiB6_g-24a	4338545	Uncertain_significance
CAP	whiB6_g-24c	4338545	Uncertain_significance
CAP	whiB6_g-24t	4338545	Uncertain_significance
CAP	whiB6_a-26g	4338547	Uncertain_significance
CAP	whiB6_g-27a	4338548	Uncertain_significance
CAP	whiB6_a-29t	4338550	Uncertain_significance
CAP	whiB6_a-31g	4338552	Uncertain_significance
CAP	whiB6_g-33c	4338554	Uncertain_significance
CAP	whiB6_g-34a	4338555	Uncertain_significance
CAP	whiB6_g-42t	4338563	Not_assoc_w_R
CAP	whiB6_a-45g	4338566	Uncertain_significance
CAP	whiB6_c-49t	4338570	Uncertain_significance
CAP	whiB6_-53_del_1_ctccggttcggcgagctccgagc_ccccggttcggcgagctccgag	4338574	Uncertain_significance
CAP	whiB6_a-54g	4338575	Uncertain_significance
CAP	whiB6_a-59c	4338580	Uncertain_significance
CAP	whiB6_-65_del_142_gagctccgagctctagtgcgcgcaccgccgagtaccagggcatagatcct_gtgta	4338586	Uncertain_significance
CAP	whiB6_-65_del_1_gagctccgagc_gggctccgag	4338586	Uncertain_significance
CAP	whiB6_-66_del_1_agctccgagctctagt_agatccgagtctagt	4338587	Uncertain_significance
CAP	whiB6_-66_del_1_agctccgagctctagt_agccccgagtctagt	4338587	Uncertain_significance
CAP	whiB6_-66_del_1_agctccgagctctagt_agctccaagtctagt	4338587	Uncertain_significance
CAP	whiB6_-66_del_1_agctccgagctctagt_agctcccagtctagt	4338587	Uncertain_significance
CAP	whiB6_-66_del_1_agctccgagctctagt_agctccgagcctagt	4338587	Uncertain_significance
CAP	whiB6_-66_del_1_agctccgagctctagt_agctccgaggctagt	4338587	Uncertain_significance
CAP	whiB6_-66_del_1_agctccgagctctagt_agctccgagtccagt	4338587	Uncertain_significance
CAP	whiB6_-66_del_1_agctccgagctctagt_agctccgagtcgagt	4338587	Uncertain_significance
CAP	whiB6_-66_del_1_agctccgagctctagt_agctccgagtctagt	4338587	Not_assoc_w_R
CAP	whiB6_-66_del_1_agctccgagctctagt_agctccgagtctcga	4338587	Uncertain_significance
CAP	whiB6_-66_del_1_agctccgagctctagt_agctccgagtctcgt	4338587	Uncertain_significance
CAP	whiB6_-66_del_1_agctccgagctctagt_agctccgagtctggt	4338587	Uncertain_significance
CAP	whiB6_-66_del_1_agctccgagctctagt_agctccgagtgtagt	4338587	Uncertain_significance
CAP	whiB6_-66_del_1_agctccgagctctagt_agctccgagtttagt	4338587	Uncertain_significance
CAP	whiB6_-66_del_1_agctccgagctctagt_agctccgcgtctagt	4338587	Uncertain_significance
CAP	whiB6_-66_del_1_agctccgagctctagt_agctccgggtctagt	4338587	Uncertain_significance
CAP	whiB6_-66_del_1_agctccgagctctagt_agctccgtgtctagt	4338587	Uncertain_significance
CAP	whiB6_-66_del_1_agctccgagctctagt_agctctgagtctagt	4338587	Uncertain_significance
CAP	whiB6_-66_del_1_agctccgagctctagt_agctgcgagtctagt	4338587	Uncertain_significance
CAP	whiB6_-66_del_1_agctccgagctctagt_agcttcgagtctagt	4338587	Uncertain_significance
CAP	whiB6_-66_del_3_agctccgagctctagt_agctccgagtcta	4338587	Uncertain_significance
CAP	whiB6_-68_del_1_ctccgagc_caccgag	4338589	Uncertain_significance
CAP	whiB6_-68_del_1_ctccgagc_ccccgag	4338589	Uncertain_significance
CAP	whiB6_-68_del_1_ctccgagc_cgccgag	4338589	Uncertain_significance
CAP	whiB6_-69_del_1_tccgagc_tgcgag	4338590	Uncertain_significance
CAP	whiB6_-70_del_118_ccgagctctagtgcgcgcaccgccgagtaccagggcatagatcctgttaa_ctgacatgcgacagttcaggtgta	4338591	Uncertain_significance
CAP	whiB6_-70_del_1_ccgagc_cggag	4338591	Uncertain_significance
CAP	whiB6_-71_del_10_cgagctctagt_c	4338592	Uncertain_significance
CAP	whiB6_-71_del_1_cgagc_cggg	4338592	Uncertain_significance
CAP	whiB6_-72_del_1_gagc_gag	4338593	Uncertain_significance
CAP	whiB6_-72_del_1_gagc_gcg	4338593	Uncertain_significance
CAP	whiB6_-72_del_1_gagc_ggg	4338593	Uncertain_significance
CAP	whiB6_-72_del_1_gagc_gtg	4338593	Uncertain_significance
CAP	whiB6_-72_del_1_gagctctagtg_gagtctagta	4338593	Uncertain_significance
CAP	whiB6_-72_del_1_gagct_gcgt	4338593	Uncertain_significance
CAP	whiB6_-73_del_1_ag_a	4338594	Uncertain_significance
CAP	whiB6_-73_del_1_agc_aa	4338594	Uncertain_significance
CAP	whiB6_-73_del_1_agc_ag	4338594	Not_assoc_w_R
CAP	whiB6_-73_del_1_agct_agt	4338594	Uncertain_significance
CAP	whiB6_-73_del_1_agctc_agtc	4338594	Uncertain_significance
CAP	whiB6_-73_del_1_agctct_agtct	4338594	Uncertain_significance
CAP	whiB6_-73_del_1_agctctagtg_agtctagta	4338594	Uncertain_significance
CAP	whiB6_-73_del_1_agctctagtg_attctagta	4338594	Uncertain_significance
CAP	whiB6_-73_del_20_agctctagtgcgcgcaccgccgagtaccagggcatagatcctgttaatca_agtctagtgcgcgcaccgccgagtaccagggctgtgtatctggcctcgcc	4338594	Uncertain_significance
CAP	whiB6_-74_del_1_gc_g	4338595	Not_assoc_w_R
CAP	whiB6_-74_del_1_gctc_gtg	4338595	Uncertain_significance
CAP	whiB6_-74_del_1_gctc_gtt	4338595	Uncertain_significance
CAP	whiB6_-74_del_1_gctcta_gtcgg	4338595	Uncertain_significance
CAP	whiB6_-74_del_1_gctcta_gtctc	4338595	Uncertain_significance
CAP	whiB6_-74_del_1_gctcta_gtctg	4338595	Uncertain_significance
CAP	whiB6_-74_del_1_gctctagtgcgcgcaccgccgagtaccaggg_gtctagtgcgcgcaccgccgagtaccagga	4338595	Uncertain_significance
CAP	whiB6_-74_del_1_gctctagtgcgcgcaccgccgagtaccagg_gtctagtgcgcgcaccgccgagtaccaga	4338595	Uncertain_significance
CAP	whiB6_-74_del_1_gctctagtgcgcgcaccgccgagtaccagg_gtctagtgcgcgcaccgccgagtaccagc	4338595	Uncertain_significance
CAP	whiB6_-74_del_1_gctctagtgcgcgcaccgccg_gtctagtgcgcgcaccgcca	4338595	Uncertain_significance
CAP	whiB6_-74_del_1_gctctagtgcgcgcaccgcc_gtctagtgcgcgcaccgcg	4338595	Uncertain_significance
CAP	whiB6_-74_del_1_gctctagtgcgcg_gtctagtgcgca	4338595	Uncertain_significance
CAP	whiB6_-74_del_1_gctctagtg_gtctagta	4338595	Not_assoc_w_R
CAP	whiB6_-74_del_1_gctctagtg_gtttagta	4338595	Uncertain_significance
CAP	whiB6_-74_del_1_gctctagt_gtctagt	4338595	Uncertain_significance
CAP	whiB6_-74_del_1_gctctagt_gtctcga	4338595	Uncertain_significance
CAP	whiB6_-74_del_1_gctct_gtca	4338595	Uncertain_significance
CAP	whiB6_-74_del_1_gctct_gtcc	4338595	Uncertain_significance
CAP	whiB6_-74_del_1_gctct_gtcg	4338595	Uncertain_significance
CAP	whiB6_-74_del_1_gctct_gtct	4338595	Uncertain_significance
CAP	whiB6_-74_del_1_gct_ga	4338595	Uncertain_significance
CAP	whiB6_-74_del_1_gct_gg	4338595	Uncertain_significance
CAP	whiB6_-74_del_1_gct_gt	4338595	Not_assoc_w_R
CAP	whiB6_-74_del_7_gctctagtgcg_gtct	4338595	Uncertain_significance
CAP	whiB6_-75_del_1_ct_c	4338596	Uncertain_significance
CAP	whiB6_-75_del_1_ctctagtg_cctagta	4338596	Uncertain_significance
CAP	whiB6_g-75a	4338596	Uncertain_significance
CAP	whiB6_a-76g	4338597	Uncertain_significance
CAP	whiB6_-77_del_1_ctagt_cgga	4338598	Uncertain_significance
CAP	whiB6_g-77a	4338598	Uncertain_significance
CAP	whiB6_a-78c	4338599	Uncertain_significance
CAP	whiB6_a-78g	4338599	Uncertain_significance
CAP	whiB6_t-79c	4338600	Uncertain_significance
CAP	whiB6_a-81t	4338602	Uncertain_significance
CAP	whiB6_c-82t	4338603	Not_assoc_w_R
CAP	whiB6_c-84t	4338605	Uncertain_significance
CAP	whiB6_-87_del_1_ca_c	4338608	Uncertain_significance
CAP	whiB6_t-88g	4338609	Uncertain_significance
CAP	whiB6_c-91t	4338612	Uncertain_significance
CAP	whiB6_c-96g	4338617	Uncertain_significance
CAP	whiB6_a-97c	4338618	Uncertain_significance
CAP	whiB6_-98_ins_4_a_accag	4338619	Uncertain_significance
CAP	whiB6_g-100a	4338621	Uncertain_significance
CAP	whiB6_c-109a	4338630	Uncertain_significance
CAP	whiB6_t-110c	4338631	Uncertain_significance
CAP	whiB6_-111_del_83_tcctgttaatcagctgtgtatctggcctcgccggcgcgtatccgacccct_tgcgacagttcaggtgta	4338632	Uncertain_significance
CAP	whiB6_g-113c	4338634	Uncertain_significance
CAP	whiB6_-114_ins_1_t_ta	4338635	Uncertain_significance
CAP	whiB6_a-114c	4338635	Uncertain_significance
CAP	whiB6_a-114g	4338635	Uncertain_significance
CAP	whiB6_a-114t	4338635	Uncertain_significance
CAP	whiB6_c-115a	4338636	Uncertain_significance
CAP	whiB6_a-116g	4338637	Uncertain_significance
CAP	whiB6_-117_del_1_ta_t	4338638	Uncertain_significance
CAP	whiB6_t-122c	4338643	Uncertain_significance
CAP	whiB6_a-125c	4338646	Uncertain_significance
CAP	whiB6_a-125g	4338646	Uncertain_significance
CAP	whiB6_c-126g	4338647	Uncertain_significance
CAP	whiB6_c-126t	4338647	Uncertain_significance
CAP	whiB6_a-127g	4338648	Uncertain_significance
CAP	whiB6_c-128t	4338649	Uncertain_significance
CAP	whiB6_c-135a	4338656	Uncertain_significance
CAP	whiB6_c-135t	4338656	Uncertain_significance
CAP	whiB6_c-140t	4338661	Uncertain_significance
CAP	whiB6_g-141c	4338662	Uncertain_significance
CAP	whiB6_g-141t	4338662	Uncertain_significance
CAP	whiB6_c-146t	4338667	Uncertain_significance
CAP	whiB6_c-148t	4338669	Uncertain_significance
CAP	whiB6_g-158c	4338679	Uncertain_significance
CAP	whiB6_g-162t	4338683	Uncertain_significance
CAP	whiB6_c-165t	4338686	Uncertain_significance
CAP	whiB6_c-168t	4338689	Uncertain_significance
CAP	whiB6_a-172g	4338693	Uncertain_significance
CAP	whiB6_t-176g	4338697	Uncertain_significance
CAP	whiB6_t-182g	4338703	Uncertain_significance
CAP	whiB6_c-183g	4338704	Uncertain_significance
CAP	whiB6_a-184g	4338705	Uncertain_significance
CAP	whiB6_c-185g	4338706	Uncertain_significance
CAP	whiB6_c-185t	4338706	Uncertain_significance
CAP	whiB6_a-189g	4338710	Uncertain_significance
CAP	whiB6_c-190a	4338711	Uncertain_significance
CAP	whiB6_t-191c	4338712	Uncertain_significance
CAP	whiB6_t-193c	4338714	Uncertain_significance
