LZD	rplC_A31T		Uncertain_significance
LZD	rplC_A72T		Uncertain_significance
LZD	rplC_C154R		Assoc_w_R
LZD	rplC_D173G		Uncertain_significance
LZD	rplC_D18N		Uncertain_significance
LZD	rplC_G120S		Uncertain_significance
LZD	rplC_G12S		Uncertain_significance
LZD	rplC_H183Y		Uncertain_significance
LZD	rplC_I105V		Uncertain_significance
LZD	rplC_K61T		Uncertain_significance
LZD	rplC_R214Q		Uncertain_significance
LZD	rplC_R38C		Uncertain_significance
LZD	rplC_R44L		Uncertain_significance
LZD	rplC_R79L		Uncertain_significance
LZD	rplC_T115A		Uncertain_significance
LZD	rplC_T41M		Uncertain_significance
LZD	rplC_T93A		Uncertain_significance
LZD	rplC_V185I		Uncertain_significance
LZD	rplC_V97I		Uncertain_significance
LZD	rplC_t-511c	800298	Uncertain_significance
LZD	rplC_a-507g	800302	Uncertain_significance
LZD	rplC_a-503g	800306	Uncertain_significance
LZD	rplC_g-492a	800317	Uncertain_significance
LZD	rplC_g-485c	800324	Uncertain_significance
LZD	rplC_g-482a	800327	Uncertain_significance
LZD	rplC_g-481a	800328	Uncertain_significance
LZD	rplC_c-472t	800337	Uncertain_significance
LZD	rplC_g-468a	800341	Uncertain_significance
LZD	rplC_-465_del_1_cg_c	800344	Uncertain_significance
LZD	rplC_c-460g	800349	Uncertain_significance
LZD	rplC_c-452a	800357	Uncertain_significance
LZD	rplC_a-444c	800365	Uncertain_significance
LZD	rplC_a-444g	800365	Uncertain_significance
LZD	rplC_c-434g	800375	Uncertain_significance
LZD	rplC_g-430a	800379	Uncertain_significance
LZD	rplC_a-428g	800381	Uncertain_significance
LZD	rplC_g-396a_(rpsJ_g-74a)	800413	Uncertain_significance
LZD	rplC_c-392a_(rpsJ_c-70a)	800417	Uncertain_significance
LZD	rplC_g-391a_(rpsJ_g-69a)	800418	Uncertain_significance
LZD	rplC_g-389t_(rpsJ_g-67t)	800420	Uncertain_significance
LZD	rplC_c-383g_(rpsJ_c-61g)	800426	Uncertain_significance
LZD	rplC_g-372c_(rpsJ_g-50c)	800437	Uncertain_significance
LZD	rplC_a-370g_(rpsJ_a-48g)	800439	Uncertain_significance
LZD	rplC_c-359t_(rpsJ_c-37t)	800450	Uncertain_significance
LZD	rplC_g-342a_(rpsJ_g-20a)	800467	Uncertain_significance
LZD	rplC_g-338a_(rpsJ_g-16a)	800471	Uncertain_significance
LZD	rplC_-330_ins_9_gga_ggagaagcgtga_(rpsJ_gga-8ggagaagcgtga)	800479	Uncertain_significance
LZD	rplC_g-324a_(rpsJ_g-2a)	800485	Uncertain_significance
LZD	rplC_g-317a_(rpsJ_2)	800492	Uncertain_significance
LZD	rplC_g-315t_(rpsJ_3)	800494	Uncertain_significance
LZD	rplC_g-296a_(rpsJ_9)	800513	Uncertain_significance
LZD	rplC_g-296c_(rpsJ_9)	800513	Uncertain_significance
LZD	rplC_c-281t_(rpsJ_14)	800528	Uncertain_significance
LZD	rplC_g-268a_(rpsJ_19)	800541	Uncertain_significance
LZD	rplC_t-246c_(rpsJ_26)	800563	Uncertain_significance
LZD	rplC_c-232a_(rpsJ_31)	800577	Uncertain_significance
LZD	rplC_a-229g_(rpsJ_32)	800580	Uncertain_significance
LZD	rplC_t-216c_(rpsJ_36)	800593	Uncertain_significance
LZD	rplC_g-209a_(rpsJ_38)	800600	Uncertain_significance
LZD	rplC_t-191c_(rpsJ_44)	800618	Uncertain_significance
LZD	rplC_g-172t_(rpsJ_51)	800637	Uncertain_significance
LZD	rplC_a-169g_(rpsJ_52)	800640	Uncertain_significance
LZD	rplC_a-161g_(rpsJ_54)	800648	Uncertain_significance
LZD	rplC_a-144g_(rpsJ_60)	800665	Uncertain_significance
LZD	rplC_g-122a_(rpsJ_67)	800687	Uncertain_significance
LZD	rplC_g-120t_(rpsJ_68)	800689	Uncertain_significance
LZD	rplC_c-119t_(rpsJ_68)	800690	Uncertain_significance
LZD	rplC_a-118g_(rpsJ_69)	800691	Uncertain_significance
LZD	rplC_c-117t_(rpsJ_69)	800692	Uncertain_significance
LZD	rplC_a-112g_(rpsJ_71)	800697	Uncertain_significance
LZD	rplC_g-107t_(rpsJ_72)	800702	Uncertain_significance
LZD	rplC_g-83t_(rpsJ_80)	800726	Uncertain_significance
LZD	rplC_c-58t_(rpsJ_89)	800751	Uncertain_significance
LZD	rplC_c-29t_(rpsJ_98)	800780	Uncertain_significance
LZD	rplC_g-16c	800793	Uncertain_significance
LZD	rplC_50_del_3_tcga_t	800858	Uncertain_significance
LZD	rrs_t-324g_(murA_401)	1471522	Uncertain_significance
LZD	rrs_g-319a_(murA_403)	1471527	Uncertain_significance
LZD	rrs_g-290t_(murA_412)	1471556	Uncertain_significance
LZD	rrs_g-286a_(murA_414)	1471560	Uncertain_significance
LZD	rrs_g-269a_(murA_419)	1471577	Uncertain_significance
LZD	rrs_c-264a	1471582	Uncertain_significance
LZD	rrs_c-264t	1471582	Uncertain_significance
LZD	rrs_a-259c	1471587	Uncertain_significance
LZD	rrs_c-257t	1471589	Uncertain_significance
LZD	rrs_t-256g	1471590	Uncertain_significance
LZD	rrs_t-248c	1471598	Uncertain_significance
LZD	rrs_t-244c	1471602	Uncertain_significance
LZD	rrs_g-239a	1471607	Uncertain_significance
LZD	rrs_-236_del_1_cga_cg	1471610	Uncertain_significance
LZD	rrs_g-235a	1471611	Uncertain_significance
LZD	rrs_g-235c	1471611	Uncertain_significance
LZD	rrs_c-231a	1471615	Uncertain_significance
LZD	rrs_c-231t	1471615	Uncertain_significance
LZD	rrs_g-228c	1471618	Uncertain_significance
LZD	rrs_c-226g	1471620	Uncertain_significance
LZD	rrs_t-216c	1471630	Uncertain_significance
LZD	rrs_c-213t	1471633	Uncertain_significance
LZD	rrs_c-212g	1471634	Uncertain_significance
LZD	rrs_c-212t	1471634	Uncertain_significance
LZD	rrs_-210_del_1_ga_g	1471636	Uncertain_significance
LZD	rrs_t-202c	1471644	Uncertain_significance
LZD	rrs_g-199a	1471647	Uncertain_significance
LZD	rrs_g-199c	1471647	Uncertain_significance
LZD	rrs_a-198c	1471648	Uncertain_significance
LZD	rrs_c-197a	1471649	Uncertain_significance
LZD	rrs_c-197g	1471649	Uncertain_significance
LZD	rrs_g-195c	1471651	Uncertain_significance
LZD	rrs_c-193t	1471653	Uncertain_significance
LZD	rrs_a-192g	1471654	Uncertain_significance
LZD	rrs_g-191c	1471655	Uncertain_significance
LZD	rrs_g-190a	1471656	Uncertain_significance
LZD	rrs_t-188c	1471658	Uncertain_significance
LZD	rrs_c-187t	1471659	Not_assoc_w_R
LZD	rrs_g-186a	1471660	Uncertain_significance
LZD	rrs_g-181a	1471665	Uncertain_significance
LZD	rrs_a-180c	1471666	Uncertain_significance
LZD	rrs_c-159t	1471687	Uncertain_significance
LZD	rrs_c-142t	1471704	Uncertain_significance
LZD	rrs_a-141g	1471705	Uncertain_significance
LZD	rrs_g-125t	1471721	Uncertain_significance
LZD	rrs_-122_del_1_tcacat_tcaca	1471724	Uncertain_significance
LZD	rrs_-118_del_1_at_a	1471728	Uncertain_significance
LZD	rrs_-109_ins_1_gttatttttggc_gttatttttgggc	1471737	Uncertain_significance
LZD	rrs_c-93t	1471753	Uncertain_significance
LZD	rrs_t-92g	1471754	Uncertain_significance
LZD	rrs_c-91a	1471755	Uncertain_significance
LZD	rrs_c-91t	1471755	Uncertain_significance
LZD	rrs_-81_ins_1_c_cg	1471765	Uncertain_significance
LZD	rrs_-80_del_1_gttgtcg_gttgtc	1471766	Uncertain_significance
LZD	rrs_t-79c	1471767	Uncertain_significance
LZD	rrs_-75_del_1_cg_c	1471771	Uncertain_significance
LZD	rrs_g-68t	1471778	Uncertain_significance
LZD	rrs_t-67c	1471779	Uncertain_significance
LZD	rrs_g-65a	1471781	Uncertain_significance
LZD	rrs_g-65t	1471781	Uncertain_significance
LZD	rrs_t-52g	1471794	Uncertain_significance
LZD	rrs_a-50g	1471796	Uncertain_significance
LZD	rrs_-42_ins_1_tctaaatacc_tctaaaatacc	1471804	Uncertain_significance
LZD	rrs_c-34a	1471812	Uncertain_significance
LZD	rrs_c-27a	1471819	Uncertain_significance
LZD	rrs_-26_ins_10_tcccttt_tcccttttccaaaggga	1471820	Uncertain_significance
LZD	rrs_-10_ins_14_agtgtttggg_agtgtttgggttttgtttggagag	1471836	Uncertain_significance
LZD	rrs_t-4g	1471842	Uncertain_significance
LZD	rrl_c-255t	1473403	Uncertain_significance
LZD	rrl_a-251c	1473407	Uncertain_significance
LZD	rrl_a-251g	1473407	Uncertain_significance
LZD	rrl_g-244a	1473414	Uncertain_significance
LZD	rrl_g-244c	1473414	Uncertain_significance
LZD	rrl_-242_ins_1_gcgtag_gccgtag	1473416	Uncertain_significance
LZD	rrl_t-239c	1473419	Uncertain_significance
LZD	rrl_g-228a	1473430	Uncertain_significance
LZD	rrl_t-215a	1473443	Uncertain_significance
LZD	rrl_a-186c	1473472	Uncertain_significance
LZD	rrl_g-153a	1473505	Uncertain_significance
LZD	rrl_a-150g	1473508	Uncertain_significance
LZD	rrl_g-130t	1473528	Uncertain_significance
LZD	rrl_c-123t	1473535	Uncertain_significance
LZD	rrl_c-115t	1473543	Uncertain_significance
LZD	rrl_a-71c	1473587	Uncertain_significance
LZD	rrl_g-62c	1473596	Uncertain_significance
LZD	rrl_g-49c	1473609	Uncertain_significance
LZD	rrl_g-43c	1473615	Uncertain_significance
LZD	rrl_t-27g	1473631	Uncertain_significance
LZD	rrl_c-25t	1473633	Uncertain_significance
LZD	rrl_a-21g	1473637	Uncertain_significance
LZD	rrl_t-19g	1473639	Uncertain_significance
LZD	rrl_c-18t	1473640	Uncertain_significance
LZD	rrl_g-4c	1473654	Uncertain_significance
LZD	rrl_g3a	1473660	Uncertain_significance
LZD	rrl_g19a	1473676	Uncertain_significance
LZD	rrl_g26a	1473683	Uncertain_significance
LZD	rrl_c46g	1473703	Uncertain_significance
LZD	rrl_g60a	1473717	Uncertain_significance
LZD	rrl_t67g	1473724	Uncertain_significance
LZD	rrl_c76t	1473733	Uncertain_significance
LZD	rrl_a141g	1473798	Uncertain_significance
LZD	rrl_162_ins_2_a_aat	1473819	Uncertain_significance
LZD	rrl_g174a	1473831	Uncertain_significance
LZD	rrl_a179g	1473836	Uncertain_significance
LZD	rrl_c211t	1473868	Uncertain_significance
LZD	rrl_c212t	1473869	Uncertain_significance
LZD	rrl_t214g	1473871	Uncertain_significance
LZD	rrl_221_ins_1_a_ag	1473878	Uncertain_significance
LZD	rrl_t236c	1473893	Uncertain_significance
LZD	rrl_c241t	1473898	Uncertain_significance
LZD	rrl_c266a	1473923	Uncertain_significance
LZD	rrl_c266t	1473923	Uncertain_significance
LZD	rrl_t271c	1473928	Uncertain_significance
LZD	rrl_c276t	1473933	Uncertain_significance
LZD	rrl_t284c	1473941	Uncertain_significance
LZD	rrl_g285c	1473942	Uncertain_significance
LZD	rrl_g287c	1473944	Uncertain_significance
LZD	rrl_t302c	1473959	Uncertain_significance
LZD	rrl_t303c	1473960	Uncertain_significance
LZD	rrl_t303g	1473960	Uncertain_significance
LZD	rrl_a326g	1473983	Uncertain_significance
LZD	rrl_a328g	1473985	Uncertain_significance
LZD	rrl_t329c	1473986	Uncertain_significance
LZD	rrl_a335c	1473992	Uncertain_significance
LZD	rrl_c344t	1474001	Not_assoc_w_R
LZD	rrl_a350c	1474007	Uncertain_significance
LZD	rrl_g367t	1474024	Uncertain_significance
LZD	rrl_t397c	1474054	Uncertain_significance
LZD	rrl_c408t	1474065	Uncertain_significance
LZD	rrl_c424t	1474081	Uncertain_significance
LZD	rrl_g435t	1474092	Uncertain_significance
LZD	rrl_g447a	1474104	Uncertain_significance
LZD	rrl_t448c	1474105	Uncertain_significance
LZD	rrl_449_del_1_atcaat_atcat	1474106	Uncertain_significance
LZD	rrl_t450c	1474107	Uncertain_significance
LZD	rrl_g475t	1474132	Uncertain_significance
LZD	rrl_c533t	1474190	Uncertain_significance
LZD	rrl_g535t	1474192	Uncertain_significance
LZD	rrl_t544c	1474201	Uncertain_significance
LZD	rrl_596_del_1_ac_a	1474253	Uncertain_significance
LZD	rrl_a596g	1474253	Uncertain_significance
LZD	rrl_c612t	1474269	Uncertain_significance
LZD	rrl_g627t	1474284	Uncertain_significance
LZD	rrl_c637g	1474294	Uncertain_significance
LZD	rrl_c637t	1474294	Uncertain_significance
LZD	rrl_c643a	1474300	Uncertain_significance
LZD	rrl_g644a	1474301	Uncertain_significance
LZD	rrl_c686t	1474343	Uncertain_significance
LZD	rrl_g695a	1474352	Uncertain_significance
LZD	rrl_g700a	1474357	Uncertain_significance
LZD	rrl_c715t	1474372	Uncertain_significance
LZD	rrl_g718a	1474375	Uncertain_significance
LZD	rrl_t724c	1474381	Uncertain_significance
LZD	rrl_c733t	1474390	Uncertain_significance
LZD	rrl_c757g	1474414	Uncertain_significance
LZD	rrl_c758t	1474415	Uncertain_significance
LZD	rrl_780_ins_1_g_ga	1474437	Uncertain_significance
LZD	rrl_a781g	1474438	Uncertain_significance
LZD	rrl_a784g	1474441	Uncertain_significance
LZD	rrl_g787a	1474444	Uncertain_significance
LZD	rrl_c789t	1474446	Uncertain_significance
LZD	rrl_c795t	1474452	Uncertain_significance
LZD	rrl_g798a	1474455	Uncertain_significance
LZD	rrl_g806a	1474463	Uncertain_significance
LZD	rrl_c807t	1474464	Uncertain_significance
LZD	rrl_g809a	1474466	Uncertain_significance
LZD	rrl_g811a	1474468	Uncertain_significance
LZD	rrl_g840t	1474497	Uncertain_significance
LZD	rrl_g842a	1474499	Uncertain_significance
LZD	rrl_c866t	1474523	Uncertain_significance
LZD	rrl_a868g	1474525	Uncertain_significance
LZD	rrl_t896c	1474553	Uncertain_significance
LZD	rrl_a903g	1474560	Uncertain_significance
LZD	rrl_g906a	1474563	Uncertain_significance
LZD	rrl_g914a	1474571	Uncertain_significance
LZD	rrl_c924g	1474581	Uncertain_significance
LZD	rrl_t929c	1474586	Uncertain_significance
LZD	rrl_c941t	1474598	Uncertain_significance
LZD	rrl_g947a	1474604	Uncertain_significance
LZD	rrl_g982a	1474639	Uncertain_significance
LZD	rrl_c994t	1474651	Uncertain_significance
LZD	rrl_c1013a	1474670	Uncertain_significance
LZD	rrl_c1044a	1474701	Uncertain_significance
LZD	rrl_g1052t	1474709	Uncertain_significance
LZD	rrl_g1074a	1474731	Uncertain_significance
LZD	rrl_a1075g	1474732	Uncertain_significance
LZD	rrl_g1078t	1474735	Uncertain_significance
LZD	rrl_g1089c	1474746	Uncertain_significance
LZD	rrl_c1093t	1474750	Uncertain_significance
LZD	rrl_c1097t	1474754	Uncertain_significance
LZD	rrl_1104_ins_1_a_ag	1474761	Uncertain_significance
LZD	rrl_1205_del_1_ca_c	1474862	Uncertain_significance
LZD	rrl_g1228a	1474885	Uncertain_significance
LZD	rrl_c1253t	1474910	Uncertain_significance
LZD	rrl_c1264a	1474921	Uncertain_significance
LZD	rrl_c1264t	1474921	Uncertain_significance
LZD	rrl_c1331t	1474988	Uncertain_significance
LZD	rrl_c1351a	1475008	Uncertain_significance
LZD	rrl_c1392t	1475049	Uncertain_significance
LZD	rrl_a1406c	1475063	Uncertain_significance
LZD	rrl_g1408a	1475065	Uncertain_significance
LZD	rrl_a1433c	1475090	Uncertain_significance
LZD	rrl_a1438g	1475095	Uncertain_significance
LZD	rrl_g1440a	1475097	Uncertain_significance
LZD	rrl_g1442t	1475099	Uncertain_significance
LZD	rrl_c1457t	1475114	Uncertain_significance
LZD	rrl_c1488t	1475145	Uncertain_significance
LZD	rrl_c1537t	1475194	Uncertain_significance
LZD	rrl_c1564t	1475221	Uncertain_significance
LZD	rrl_g1565a	1475222	Uncertain_significance
LZD	rrl_1570_ins_1_t_ta	1475227	Uncertain_significance
LZD	rrl_c1584g	1475241	Uncertain_significance
LZD	rrl_t1592c	1475249	Uncertain_significance
LZD	rrl_c1598t	1475255	Uncertain_significance
LZD	rrl_c1599t	1475256	Uncertain_significance
LZD	rrl_t1602g	1475259	Uncertain_significance
LZD	rrl_1603_del_1_cgggg_cggg	1475260	Uncertain_significance
LZD	rrl_t1609c	1475266	Uncertain_significance
LZD	rrl_g1613c	1475270	Uncertain_significance
LZD	rrl_c1627g	1475284	Uncertain_significance
LZD	rrl_a1658g	1475315	Uncertain_significance
LZD	rrl_g1681a	1475338	Uncertain_significance
LZD	rrl_c1685g	1475342	Uncertain_significance
LZD	rrl_c1698t	1475355	Uncertain_significance
LZD	rrl_a1719c	1475376	Uncertain_significance
LZD	rrl_g1722t	1475379	Uncertain_significance
LZD	rrl_c1743t	1475400	Uncertain_significance
LZD	rrl_g1760a	1475417	Uncertain_significance
LZD	rrl_t1788a	1475445	Uncertain_significance
LZD	rrl_t1794c	1475451	Uncertain_significance
LZD	rrl_c1795t	1475452	Uncertain_significance
LZD	rrl_a1803g	1475460	Uncertain_significance
LZD	rrl_c1811t	1475468	Uncertain_significance
LZD	rrl_g1819a	1475476	Uncertain_significance
LZD	rrl_1820_ins_1_agc_aggc	1475477	Uncertain_significance
LZD	rrl_c1822t	1475479	Uncertain_significance
LZD	rrl_c1847a	1475504	Uncertain_significance
LZD	rrl_a1851g	1475508	Uncertain_significance
LZD	rrl_t1859c	1475516	Uncertain_significance
LZD	rrl_a1861g	1475518	Uncertain_significance
LZD	rrl_a1882g	1475539	Uncertain_significance
LZD	rrl_c1921t	1475578	Uncertain_significance
LZD	rrl_g1938a	1475595	Uncertain_significance
LZD	rrl_g1940a	1475597	Uncertain_significance
LZD	rrl_g1941a	1475598	Uncertain_significance
LZD	rrl_c1960t	1475617	Uncertain_significance
LZD	rrl_1966_del_1_cggtgggagc_cgtgggagc	1475623	Uncertain_significance
LZD	rrl_a1979g	1475636	Uncertain_significance
LZD	rrl_g2010a	1475667	Uncertain_significance
LZD	rrl_c2022t	1475679	Uncertain_significance
LZD	rrl_a2023g	1475680	Uncertain_significance
LZD	rrl_c2029t	1475686	Uncertain_significance
LZD	rrl_c2030t	1475687	Uncertain_significance
LZD	rrl_c2040t	1475697	Uncertain_significance
LZD	rrl_t2061c	1475718	Uncertain_significance
LZD	rrl_c2064t	1475721	Uncertain_significance
LZD	rrl_a2093c	1475750	Uncertain_significance
LZD	rrl_2103_ins_1_ccgcaagggt_ccgcaagggtt	1475760	Uncertain_significance
LZD	rrl_a2107g	1475764	Uncertain_significance
LZD	rrl_a2115t	1475772	Uncertain_significance
LZD	rrl_a2120g	1475777	Uncertain_significance
LZD	rrl_a2123g	1475780	Uncertain_significance
LZD	rrl_c2132g	1475789	Uncertain_significance
LZD	rrl_c2152t	1475809	Uncertain_significance
LZD	rrl_t2209g	1475866	Uncertain_significance
LZD	rrl_c2220a	1475877	Uncertain_significance
LZD	rrl_c2225t	1475882	Uncertain_significance
LZD	rrl_c2249t	1475906	Uncertain_significance
LZD	rrl_g2270t	1475927	Uncertain_significance
LZD	rrl_a2295c	1475952	Uncertain_significance
LZD	rrl_a2296t	1475953	Uncertain_significance
LZD	rrl_a2297g	1475954	Uncertain_significance
LZD	rrl_a2314g	1475971	Uncertain_significance
LZD	rrl_a2317g	1475974	Uncertain_significance
LZD	rrl_a2331g	1475988	Uncertain_significance
LZD	rrl_c2336t	1475993	Uncertain_significance
LZD	rrl_c2341a	1475998	Uncertain_significance
LZD	rrl_c2341t	1475998	Uncertain_significance
LZD	rrl_t2350g	1476007	Uncertain_significance
LZD	rrl_g2368a	1476025	Uncertain_significance
LZD	rrl_g2399a	1476056	Uncertain_significance
LZD	rrl_c2421a	1476078	Uncertain_significance
LZD	rrl_t2434c	1476091	Uncertain_significance
LZD	rrl_g2454a	1476111	Uncertain_significance
LZD	rrl_t2457c	1476114	Uncertain_significance
LZD	rrl_a2465t	1476122	Uncertain_significance
LZD	rrl_t2467c	1476124	Uncertain_significance
LZD	rrl_g2472a	1476129	Uncertain_significance
LZD	rrl_a2479g	1476136	Uncertain_significance
LZD	rrl_t2503g	1476160	Uncertain_significance
LZD	rrl_c2522a	1476179	Uncertain_significance
LZD	rrl_t2529c	1476186	Uncertain_significance
LZD	rrl_a2537g	1476194	Uncertain_significance
LZD	rrl_a2565c	1476222	Uncertain_significance
LZD	rrl_c2593t	1476250	Uncertain_significance
LZD	rrl_a2603g	1476260	Uncertain_significance
LZD	rrl_c2642t	1476299	Uncertain_significance
LZD	rrl_c2681t	1476338	Uncertain_significance
LZD	rrl_a2691t	1476348	Uncertain_significance
LZD	rrl_c2755t	1476412	Uncertain_significance
LZD	rrl_t2766c	1476423	Uncertain_significance
LZD	rrl_a2779g	1476436	Uncertain_significance
LZD	rrl_g2781a	1476438	Uncertain_significance
LZD	rrl_c2809t	1476466	Uncertain_significance
LZD	rrl_g2814t	1476471	Uncertain_significance
LZD	rrl_a2828g	1476485	Uncertain_significance
LZD	rrl_c2862t	1476519	Uncertain_significance
LZD	rrl_a2882g	1476539	Uncertain_significance
LZD	rrl_g2886a	1476543	Uncertain_significance
LZD	rrl_c2904t	1476561	Uncertain_significance
LZD	rrl_a2916g	1476573	Uncertain_significance
LZD	rrl_c2919t	1476576	Uncertain_significance
LZD	rrl_c2921a	1476578	Uncertain_significance
LZD	rrl_c2938t	1476595	Uncertain_significance
LZD	rrl_c2939t	1476596	Uncertain_significance
LZD	rrl_a2943t	1476600	Uncertain_significance
LZD	rrl_a2949c	1476606	Uncertain_significance
LZD	rrl_c2964a	1476621	Uncertain_significance
LZD	rrl_g2974a	1476631	Uncertain_significance
LZD	rrl_c3006t	1476663	Uncertain_significance
LZD	rrl_t3007g	1476664	Uncertain_significance
LZD	rrl_c3012t	1476669	Uncertain_significance
LZD	rrl_t3017c	1476674	Uncertain_significance
LZD	rrl_3047_del_1_gc_g	1476704	Uncertain_significance
LZD	rrl_c3053t	1476710	Uncertain_significance
LZD	rrl_g3063a	1476720	Uncertain_significance
LZD	rrl_g3064a	1476721	Uncertain_significance
LZD	rrl_c3068t	1476725	Uncertain_significance
LZD	rrl_a3094g	1476751	Uncertain_significance
LZD	rrl_a3136t	1476793	Uncertain_significance
