CFZ	mmpL5_A147T		Uncertain_significance
CFZ	mmpL5_A168S		Uncertain_significance
CFZ	mmpL5_A209T		Uncertain_significance
CFZ	mmpL5_A20T		Uncertain_significance
CFZ	mmpL5_A230T		Uncertain_significance
CFZ	mmpL5_A273G		Uncertain_significance
CFZ	mmpL5_A273T		Uncertain_significance
CFZ	mmpL5_A288P		Uncertain_significance
CFZ	mmpL5_A359T		Uncertain_significance
CFZ	mmpL5_A385T		Uncertain_significance
CFZ	mmpL5_A397S		Uncertain_significance
CFZ	mmpL5_A401V		Uncertain_significance
CFZ	mmpL5_A434T		Uncertain_significance
CFZ	mmpL5_A572V		Uncertain_significance
CFZ	mmpL5_A667S		Uncertain_significance
CFZ	mmpL5_A69V		Uncertain_significance
CFZ	mmpL5_A715V		Uncertain_significance
CFZ	mmpL5_A896T		Uncertain_significance
CFZ	mmpL5_A8V		Uncertain_significance
CFZ	mmpL5_D128A		Uncertain_significance
CFZ	mmpL5_D128H		Uncertain_significance
CFZ	mmpL5_D128N		Uncertain_significance
CFZ	mmpL5_D424N		Uncertain_significance
CFZ	mmpL5_D455G		Uncertain_significance
CFZ	mmpL5_D608N		Uncertain_significance
CFZ	mmpL5_D608Y		Uncertain_significance
CFZ	mmpL5_D616N		Uncertain_significance
CFZ	mmpL5_D767A		Uncertain_significance
CFZ	mmpL5_D767N		Not_assoc_w_R
CFZ	mmpL5_E174Q		Uncertain_significance
CFZ	mmpL5_E476A		Uncertain_significance
CFZ	mmpL5_E512A		Uncertain_significance
CFZ	mmpL5_E512Q		Uncertain_significance
CFZ	mmpL5_E524G		Uncertain_significance
CFZ	mmpL5_E552G		Uncertain_significance
CFZ	mmpL5_E566D		Uncertain_significance
CFZ	mmpL5_E723D		Uncertain_significance
CFZ	mmpL5_E83K		Uncertain_significance
CFZ	mmpL5_E84A		Uncertain_significance
CFZ	mmpL5_F108L		Uncertain_significance
CFZ	mmpL5_F129S		Uncertain_significance
CFZ	mmpL5_F574L		Uncertain_significance
CFZ	mmpL5_F696L		Not_assoc_w_R
CFZ	mmpL5_F816L		Uncertain_significance
CFZ	mmpL5_F82L		Uncertain_significance
CFZ	mmpL5_F916S		Uncertain_significance
CFZ	mmpL5_G102D		Uncertain_significance
CFZ	mmpL5_G181D		Uncertain_significance
CFZ	mmpL5_G246S		Uncertain_significance
CFZ	mmpL5_G257R		Uncertain_significance
CFZ	mmpL5_G292D		Uncertain_significance
CFZ	mmpL5_G336S		Uncertain_significance
CFZ	mmpL5_G391S		Uncertain_significance
CFZ	mmpL5_G396C		Uncertain_significance
CFZ	mmpL5_G477R		Uncertain_significance
CFZ	mmpL5_G505S		Uncertain_significance
CFZ	mmpL5_G559A		Uncertain_significance
CFZ	mmpL5_G609R		Uncertain_significance
CFZ	mmpL5_G704C		Uncertain_significance
CFZ	mmpL5_G748D		Uncertain_significance
CFZ	mmpL5_G759S		Uncertain_significance
CFZ	mmpL5_G79S		Uncertain_significance
CFZ	mmpL5_G85E		Uncertain_significance
CFZ	mmpL5_G875R		Uncertain_significance
CFZ	mmpL5_G876D		Uncertain_significance
CFZ	mmpL5_H122R		Uncertain_significance
CFZ	mmpL5_H437R		Uncertain_significance
CFZ	mmpL5_H454Q		Uncertain_significance
CFZ	mmpL5_H494Y		Uncertain_significance
CFZ	mmpL5_H590P		Uncertain_significance
CFZ	mmpL5_H590R		Uncertain_significance
CFZ	mmpL5_H656Y		Uncertain_significance
CFZ	mmpL5_H77N		Uncertain_significance
CFZ	mmpL5_I113T		Uncertain_significance
CFZ	mmpL5_I215V		Uncertain_significance
CFZ	mmpL5_I282L		Uncertain_significance
CFZ	mmpL5_I36M		Uncertain_significance
CFZ	mmpL5_I484T		Uncertain_significance
CFZ	mmpL5_I529M		Uncertain_significance
CFZ	mmpL5_I59T		Uncertain_significance
CFZ	mmpL5_I732V		Uncertain_significance
CFZ	mmpL5_I787M		Uncertain_significance
CFZ	mmpL5_I829V		Uncertain_significance
CFZ	mmpL5_I841V		Uncertain_significance
CFZ	mmpL5_I910V		Uncertain_significance
CFZ	mmpL5_I948A		Uncertain_significance
CFZ	mmpL5_I948V		Not_assoc_w_R
CFZ	mmpL5_K467R		Uncertain_significance
CFZ	mmpL5_K646Q		Uncertain_significance
CFZ	mmpL5_K649T		Uncertain_significance
CFZ	mmpL5_K80Q		Uncertain_significance
CFZ	mmpL5_K935N		Uncertain_significance
CFZ	mmpL5_L219F		Uncertain_significance
CFZ	mmpL5_L329R		Uncertain_significance
CFZ	mmpL5_L523P		Uncertain_significance
CFZ	mmpL5_L810F		Uncertain_significance
CFZ	mmpL5_L836F		Uncertain_significance
CFZ	mmpL5_L95P		Uncertain_significance
CFZ	mmpL5_L95R		Uncertain_significance
CFZ	mmpL5_M443I		Uncertain_significance
CFZ	mmpL5_M443T		Uncertain_significance
CFZ	mmpL5_M503I		Uncertain_significance
CFZ	mmpL5_M503R		Uncertain_significance
CFZ	mmpL5_M560L		Uncertain_significance
CFZ	mmpL5_M560T		Uncertain_significance
CFZ	mmpL5_M624V		Uncertain_significance
CFZ	mmpL5_M638L		Uncertain_significance
CFZ	mmpL5_M645I		Uncertain_significance
CFZ	mmpL5_M655I		Uncertain_significance
CFZ	mmpL5_M655T		Uncertain_significance
CFZ	mmpL5_M666I		Uncertain_significance
CFZ	mmpL5_M676V		Uncertain_significance
CFZ	mmpL5_M892I		Uncertain_significance
CFZ	mmpL5_M892V		Uncertain_significance
CFZ	mmpL5_M903I		Uncertain_significance
CFZ	mmpL5_N458D		Uncertain_significance
CFZ	mmpL5_N466S		Uncertain_significance
CFZ	mmpL5_N772S		Uncertain_significance
CFZ	mmpL5_P179T		Uncertain_significance
CFZ	mmpL5_P180L		Uncertain_significance
CFZ	mmpL5_P338A		Uncertain_significance
CFZ	mmpL5_P390T		Uncertain_significance
CFZ	mmpL5_P445L		Uncertain_significance
CFZ	mmpL5_P927R		Uncertain_significance
CFZ	mmpL5_P947S		Uncertain_significance
CFZ	mmpL5_P953S		Uncertain_significance
CFZ	mmpL5_Q140H		Uncertain_significance
CFZ	mmpL5_Q333E		Uncertain_significance
CFZ	mmpL5_Q333P		Uncertain_significance
CFZ	mmpL5_Q60!		Uncertain_significance
CFZ	mmpL5_Q659!		Uncertain_significance
CFZ	mmpL5_Q702!		Uncertain_significance
CFZ	mmpL5_Q707K		Uncertain_significance
CFZ	mmpL5_R244L		Uncertain_significance
CFZ	mmpL5_R289H		Uncertain_significance
CFZ	mmpL5_R377Q		Uncertain_significance
CFZ	mmpL5_R380H		Uncertain_significance
CFZ	mmpL5_S125C		Uncertain_significance
CFZ	mmpL5_S541R		Uncertain_significance
CFZ	mmpL5_S583N		Uncertain_significance
CFZ	mmpL5_S654T		Uncertain_significance
CFZ	mmpL5_S65R		Uncertain_significance
CFZ	mmpL5_S71P		Uncertain_significance
CFZ	mmpL5_S782A		Uncertain_significance
CFZ	mmpL5_S879L		Uncertain_significance
CFZ	mmpL5_S894!		Uncertain_significance
CFZ	mmpL5_T10A		Uncertain_significance
CFZ	mmpL5_T10S		Uncertain_significance
CFZ	mmpL5_T120A		Uncertain_significance
CFZ	mmpL5_T352I		Uncertain_significance
CFZ	mmpL5_T606A		Uncertain_significance
CFZ	mmpL5_T794I		Not_assoc_w_R
CFZ	mmpL5_V123I		Uncertain_significance
CFZ	mmpL5_V149I		Uncertain_significance
CFZ	mmpL5_V151G		Uncertain_significance
CFZ	mmpL5_V186I		Uncertain_significance
CFZ	mmpL5_V186L		Uncertain_significance
CFZ	mmpL5_V214L		Uncertain_significance
CFZ	mmpL5_V222G		Uncertain_significance
CFZ	mmpL5_V247A		Uncertain_significance
CFZ	mmpL5_V267G		Uncertain_significance
CFZ	mmpL5_V268M		Uncertain_significance
CFZ	mmpL5_V337M		Uncertain_significance
CFZ	mmpL5_V344L		Uncertain_significance
CFZ	mmpL5_V346A		Uncertain_significance
CFZ	mmpL5_V464M		Uncertain_significance
CFZ	mmpL5_V481M		Uncertain_significance
CFZ	mmpL5_V48I		Uncertain_significance
CFZ	mmpL5_V612G		Uncertain_significance
CFZ	mmpL5_V846I		Uncertain_significance
CFZ	mmpL5_V942I		Uncertain_significance
CFZ	mmpL5_V964L		Uncertain_significance
CFZ	mmpL5_W598G		Uncertain_significance
CFZ	mmpL5_W598R		Uncertain_significance
CFZ	mmpL5_W823R		Uncertain_significance
CFZ	mmpL5_W833!		Uncertain_significance
CFZ	mmpL5_W936R		Uncertain_significance
CFZ	mmpL5_W938R		Uncertain_significance
CFZ	mmpL5_W952L		Uncertain_significance
CFZ	mmpL5_Y185!		Uncertain_significance
CFZ	mmpL5_Y299C		Uncertain_significance
CFZ	mmpL5_Y300!		Uncertain_significance
CFZ	mmpL5_Y411D		Uncertain_significance
CFZ	mmpL5_Y415C		Uncertain_significance
CFZ	mmpL5_Y514C		Uncertain_significance
CFZ	mmpL5_Y586!		Uncertain_significance
CFZ	mmpS5_A133T		Uncertain_significance
CFZ	mmpS5_A133V		Uncertain_significance
CFZ	mmpS5_A84E		Uncertain_significance
CFZ	mmpS5_A8V		Uncertain_significance
CFZ	mmpS5_C114S		Uncertain_significance
CFZ	mmpS5_D82E		Uncertain_significance
CFZ	mmpS5_E59K		Uncertain_significance
CFZ	mmpS5_G109D		Uncertain_significance
CFZ	mmpS5_G109S		Uncertain_significance
CFZ	mmpS5_G130D		Uncertain_significance
CFZ	mmpS5_I116L		Uncertain_significance
CFZ	mmpS5_I69V		Uncertain_significance
CFZ	mmpS5_K42R		Uncertain_significance
CFZ	mmpS5_P53L		Uncertain_significance
CFZ	mmpS5_R29C		Uncertain_significance
CFZ	mmpS5_R29L		Uncertain_significance
CFZ	mmpS5_S98P		Uncertain_significance
CFZ	mmpS5_T113N		Uncertain_significance
CFZ	mmpS5_T24A		Uncertain_significance
CFZ	mmpS5_T24M		Uncertain_significance
CFZ	mmpS5_T4I		Uncertain_significance
CFZ	mmpS5_T4P		Uncertain_significance
CFZ	mmpS5_V55M		Uncertain_significance
CFZ	mmpS5_V56M		Uncertain_significance
CFZ	mmpS5_V67G		Uncertain_significance
CFZ	mmpS5_V67I		Uncertain_significance
CFZ	pepQ_A124V		Uncertain_significance
CFZ	pepQ_A137S		Uncertain_significance
CFZ	pepQ_A153G		Uncertain_significance
CFZ	pepQ_A16G		Uncertain_significance
CFZ	pepQ_A187E		Uncertain_significance
CFZ	pepQ_A242T		Uncertain_significance
CFZ	pepQ_A254T		Uncertain_significance
CFZ	pepQ_A263V		Uncertain_significance
CFZ	pepQ_A305V		Uncertain_significance
CFZ	pepQ_A370V		Uncertain_significance
CFZ	pepQ_A90V		Uncertain_significance
CFZ	pepQ_D108N		Uncertain_significance
CFZ	pepQ_D209E		Uncertain_significance
CFZ	pepQ_D26G		Uncertain_significance
CFZ	pepQ_E177D		Uncertain_significance
CFZ	pepQ_E76D		Uncertain_significance
CFZ	pepQ_F46L		Uncertain_significance
CFZ	pepQ_G112D		Uncertain_significance
CFZ	pepQ_G197R		Uncertain_significance
CFZ	pepQ_G291S		Uncertain_significance
CFZ	pepQ_I193T		Uncertain_significance
CFZ	pepQ_I24T		Uncertain_significance
CFZ	pepQ_I28R		Uncertain_significance
CFZ	pepQ_K350E		Uncertain_significance
CFZ	pepQ_L107R		Uncertain_significance
CFZ	pepQ_L179P		Uncertain_significance
CFZ	pepQ_M180T		Uncertain_significance
CFZ	pepQ_M180V		Uncertain_significance
CFZ	pepQ_N118D		Uncertain_significance
CFZ	pepQ_P165Q		Uncertain_significance
CFZ	pepQ_P266S		Uncertain_significance
CFZ	pepQ_P69L		Uncertain_significance
CFZ	pepQ_R170W		Uncertain_significance
CFZ	pepQ_R61C		Uncertain_significance
CFZ	pepQ_R7Q		Uncertain_significance
CFZ	pepQ_S130L		Uncertain_significance
CFZ	pepQ_S66L		Uncertain_significance
CFZ	pepQ_S99R		Uncertain_significance
CFZ	pepQ_T341A		Uncertain_significance
CFZ	pepQ_T354A		Uncertain_significance
CFZ	pepQ_V101L		Uncertain_significance
CFZ	pepQ_V104L		Uncertain_significance
CFZ	pepQ_V298I		Uncertain_significance
CFZ	pepQ_V30L		Uncertain_significance
CFZ	pepQ_V324M		Uncertain_significance
CFZ	pepQ_V328F		Uncertain_significance
CFZ	pepQ_V343A		Uncertain_significance
CFZ	pepQ_V45L		Uncertain_significance
CFZ	pepQ_V53M		Uncertain_significance
CFZ	Rv0678_A101E		Uncertain_significance
CFZ	Rv0678_A124P		Uncertain_significance
CFZ	Rv0678_A36V		Uncertain_significance
CFZ	Rv0678_A59V		Uncertain_significance
CFZ	Rv0678_A62T		Uncertain_significance
CFZ	Rv0678_A84T		Uncertain_significance
CFZ	Rv0678_A84V		Uncertain_significance
CFZ	Rv0678_A99P		Uncertain_significance
CFZ	Rv0678_C46G		Uncertain_significance
CFZ	Rv0678_D15G		Uncertain_significance
CFZ	Rv0678_E104G		Uncertain_significance
CFZ	Rv0678_E113K		Uncertain_significance
CFZ	Rv0678_E113!		Uncertain_significance
CFZ	Rv0678_E21K		Uncertain_significance
CFZ	Rv0678_E54K		Uncertain_significance
CFZ	Rv0678_E55D		Uncertain_significance
CFZ	Rv0678_F93L		Uncertain_significance
CFZ	Rv0678_G103S		Uncertain_significance
CFZ	Rv0678_G162E		Uncertain_significance
CFZ	Rv0678_G25C		Uncertain_significance
CFZ	Rv0678_G87R		Uncertain_significance
CFZ	Rv0678_I108T		Uncertain_significance
CFZ	Rv0678_I108V		Uncertain_significance
CFZ	Rv0678_I67L		Uncertain_significance
CFZ	Rv0678_I67S		Uncertain_significance
CFZ	Rv0678_I75V		Uncertain_significance
CFZ	Rv0678_I80M		Uncertain_significance
CFZ	Rv0678_I80S		Uncertain_significance
CFZ	Rv0678_L117R		Uncertain_significance
CFZ	Rv0678_L136P		Uncertain_significance
CFZ	Rv0678_L32S		Uncertain_significance
CFZ	Rv0678_L40S		Uncertain_significance
CFZ	Rv0678_L40V		Uncertain_significance
CFZ	Rv0678_L74V		Uncertain_significance
CFZ	Rv0678_L83F		Uncertain_significance
CFZ	Rv0678_L83P		Uncertain_significance
CFZ	Rv0678_M111T		Uncertain_significance
CFZ	Rv0678_M139I		Uncertain_significance
CFZ	Rv0678_M146T		Uncertain_significance
CFZ	Rv0678_M17V		Uncertain_significance
CFZ	Rv0678_M23V		Uncertain_significance
CFZ	Rv0678_M73I		Uncertain_significance
CFZ	Rv0678_N148H		Uncertain_significance
CFZ	Rv0678_N4T		Uncertain_significance
CFZ	Rv0678_N98D		Uncertain_significance
CFZ	Rv0678_P14L		Uncertain_significance
CFZ	Rv0678_P14S		Uncertain_significance
CFZ	Rv0678_P48L		Uncertain_significance
CFZ	Rv0678_Q115!		Uncertain_significance
CFZ	Rv0678_Q22R		Uncertain_significance
CFZ	Rv0678_Q51K		Uncertain_significance
CFZ	Rv0678_Q51R		Uncertain_significance
CFZ	Rv0678_Q76E		Uncertain_significance
CFZ	Rv0678_R109Q		Uncertain_significance
CFZ	Rv0678_R156Q		Uncertain_significance
CFZ	Rv0678_R38!		Uncertain_significance
CFZ	Rv0678_R72Q		Uncertain_significance
CFZ	Rv0678_R72W		Uncertain_significance
CFZ	Rv0678_R90C		Uncertain_significance
CFZ	Rv0678_R94W		Uncertain_significance
CFZ	Rv0678_R96G		Uncertain_significance
CFZ	Rv0678_R96W		Uncertain_significance
CFZ	Rv0678_S158R		Uncertain_significance
CFZ	Rv0678_S2I		Uncertain_significance
CFZ	Rv0678_S2R		Uncertain_significance
CFZ	Rv0678_S52P		Uncertain_significance
CFZ	Rv0678_S68G		Uncertain_significance
CFZ	Rv0678_T58K		Uncertain_significance
CFZ	Rv0678_V1L		Uncertain_significance
CFZ	Rv0678_V20A		Uncertain_significance
CFZ	Rv0678_V85A		Uncertain_significance
CFZ	Rv0678_W42C		Uncertain_significance
CFZ	Rv0678_W42R		Uncertain_significance
CFZ	Rv0678_Y26C		Uncertain_significance
CFZ	Rv1979c_A105D		Uncertain_significance
CFZ	Rv1979c_A105T		Uncertain_significance
CFZ	Rv1979c_A10V		Uncertain_significance
CFZ	Rv1979c_A126T		Uncertain_significance
CFZ	Rv1979c_A158T		Uncertain_significance
CFZ	Rv1979c_A202S		Uncertain_significance
CFZ	Rv1979c_A222T		Uncertain_significance
CFZ	Rv1979c_A228V		Uncertain_significance
CFZ	Rv1979c_A247T		Uncertain_significance
CFZ	Rv1979c_A259E		Uncertain_significance
CFZ	Rv1979c_A265V		Uncertain_significance
CFZ	Rv1979c_A298S		Uncertain_significance
CFZ	Rv1979c_A331V		Uncertain_significance
CFZ	Rv1979c_A378T		Uncertain_significance
CFZ	Rv1979c_A401T		Uncertain_significance
CFZ	Rv1979c_A405P		Uncertain_significance
CFZ	Rv1979c_A406T		Uncertain_significance
CFZ	Rv1979c_A461T		Uncertain_significance
CFZ	Rv1979c_A47T		Uncertain_significance
CFZ	Rv1979c_A50T		Uncertain_significance
CFZ	Rv1979c_A62T		Uncertain_significance
CFZ	Rv1979c_A66S		Uncertain_significance
CFZ	Rv1979c_A84T		Uncertain_significance
CFZ	Rv1979c_D249E		Uncertain_significance
CFZ	Rv1979c_D286G		Not_assoc_w_R
CFZ	Rv1979c_D347G		Uncertain_significance
CFZ	Rv1979c_E212K		Uncertain_significance
CFZ	Rv1979c_E38D		Uncertain_significance
CFZ	Rv1979c_E38K		Uncertain_significance
CFZ	Rv1979c_E403G		Uncertain_significance
CFZ	Rv1979c_F122L		Uncertain_significance
CFZ	Rv1979c_F144C		Uncertain_significance
CFZ	Rv1979c_F172S		Uncertain_significance
CFZ	Rv1979c_F218S		Uncertain_significance
CFZ	Rv1979c_F300V		Uncertain_significance
CFZ	Rv1979c_F386V		Uncertain_significance
CFZ	Rv1979c_F447V		Uncertain_significance
CFZ	Rv1979c_G107A		Uncertain_significance
CFZ	Rv1979c_G146S		Uncertain_significance
CFZ	Rv1979c_G214S		Uncertain_significance
CFZ	Rv1979c_G216D		Uncertain_significance
CFZ	Rv1979c_G37V		Uncertain_significance
CFZ	Rv1979c_H404Y		Uncertain_significance
CFZ	Rv1979c_H98Y		Uncertain_significance
CFZ	Rv1979c_I104T		Uncertain_significance
CFZ	Rv1979c_I226T		Uncertain_significance
CFZ	Rv1979c_I238T		Uncertain_significance
CFZ	Rv1979c_I256T		Uncertain_significance
CFZ	Rv1979c_I394T		Uncertain_significance
CFZ	Rv1979c_I394V		Uncertain_significance
CFZ	Rv1979c_L109S		Uncertain_significance
CFZ	Rv1979c_L174F		Uncertain_significance
CFZ	Rv1979c_L330V		Uncertain_significance
CFZ	Rv1979c_L336R		Uncertain_significance
CFZ	Rv1979c_L419F		Uncertain_significance
CFZ	Rv1979c_M275I		Uncertain_significance
CFZ	Rv1979c_M275T		Uncertain_significance
CFZ	Rv1979c_N25T		Uncertain_significance
CFZ	Rv1979c_P36S		Uncertain_significance
CFZ	Rv1979c_P460L		Uncertain_significance
CFZ	Rv1979c_P478Q		Uncertain_significance
CFZ	Rv1979c_P4A		Uncertain_significance
CFZ	Rv1979c_Q385!		Uncertain_significance
CFZ	Rv1979c_R409Q		Uncertain_significance
CFZ	Rv1979c_R469L		Uncertain_significance
CFZ	Rv1979c_R469!		Uncertain_significance
CFZ	Rv1979c_R7S		Uncertain_significance
CFZ	Rv1979c_R88H		Uncertain_significance
CFZ	Rv1979c_R88L		Uncertain_significance
CFZ	Rv1979c_S175L		Uncertain_significance
CFZ	Rv1979c_S206L		Uncertain_significance
CFZ	Rv1979c_S219A		Uncertain_significance
CFZ	Rv1979c_S237L		Uncertain_significance
CFZ	Rv1979c_S262L		Uncertain_significance
CFZ	Rv1979c_S358L		Uncertain_significance
CFZ	Rv1979c_S358!		Uncertain_significance
CFZ	Rv1979c_S399F		Uncertain_significance
CFZ	Rv1979c_S425A		Uncertain_significance
CFZ	Rv1979c_T270A		Uncertain_significance
CFZ	Rv1979c_T356K		Uncertain_significance
CFZ	Rv1979c_T413N		Uncertain_significance
CFZ	Rv1979c_T67A		Uncertain_significance
CFZ	Rv1979c_T83A		Uncertain_significance
CFZ	Rv1979c_V114G		Uncertain_significance
CFZ	Rv1979c_V190A		Uncertain_significance
CFZ	Rv1979c_V1L		Uncertain_significance
CFZ	Rv1979c_V1V		Uncertain_significance
CFZ	Rv1979c_V210F		Uncertain_significance
CFZ	Rv1979c_V273A		Uncertain_significance
CFZ	Rv1979c_V2A		Uncertain_significance
CFZ	Rv1979c_V305D		Uncertain_significance
CFZ	Rv1979c_V384I		Uncertain_significance
CFZ	Rv1979c_V402G		Uncertain_significance
CFZ	Rv1979c_V416A		Uncertain_significance
CFZ	Rv1979c_V416M		Uncertain_significance
CFZ	Rv1979c_V423A		Uncertain_significance
CFZ	Rv1979c_V423L		Uncertain_significance
CFZ	Rv1979c_V426I		Uncertain_significance
CFZ	Rv1979c_V459I		Uncertain_significance
CFZ	Rv1979c_V52G		Uncertain_significance
CFZ	Rv1979c_V52L		Uncertain_significance
CFZ	Rv1979c_W106!		Uncertain_significance
CFZ	Rv1979c_Y434C		Uncertain_significance
CFZ	Rv1979c_Y51N		Uncertain_significance
CFZ	Rv1979c_Y79C		Uncertain_significance
CFZ	Rv1979c_Y81D		Uncertain_significance
CFZ	mmpL5_2865_ins_1_c_cg	775616	Uncertain_significance
CFZ	mmpL5_2754_del_2_ggt_g	775727	Uncertain_significance
CFZ	mmpL5_2487_del_13_gatacccaggatgt_g	775994	Uncertain_significance
CFZ	mmpL5_2208_ins_9_g_ggcgatgcgc	776273	Uncertain_significance
CFZ	mmpL5_2011_del_8_cctgcatcg_c	776470	Uncertain_significance
CFZ	mmpL5_1926_del_12_gatcatctcgggc_g	776555	Uncertain_significance
CFZ	mmpL5_1767_del_1_ct_c	776714	Uncertain_significance
CFZ	mmpL5_1436_del_2_gat_g	777045	Uncertain_significance
CFZ	mmpL5_1405_del_5_cgatct_c	777076	Uncertain_significance
CFZ	mmpL5_1169_ins_2_g_ggc	777312	Uncertain_significance
CFZ	mmpL5_1050_del_3_tgcg_t	777431	Uncertain_significance
CFZ	mmpL5_1000_ins_1_t_ta	777481	Uncertain_significance
CFZ	mmpL5_851_del_1_cg_c	777630	Uncertain_significance
CFZ	mmpL5_606_del_1_ac_a	777875	Uncertain_significance
CFZ	mmpL5_395_ins_1_t_tc	778086	Uncertain_significance
CFZ	mmpL5_389_ins_1_c_ca	778092	Uncertain_significance
CFZ	mmpL5_247_del_1_cg_c	778234	Uncertain_significance
CFZ	mmpL5_27_ins_1_c_ca	778454	Uncertain_significance
CFZ	mmpS5_393_ins_9_c_cacgccggtt	778513	Uncertain_significance
CFZ	mmpS5_367_ins_1_t_ta	778539	Uncertain_significance
CFZ	mmpS5_355_del_1_cg_c	778551	Uncertain_significance
CFZ	mmpS5_135_del_2_ggc_g	778771	Uncertain_significance
CFZ	mmpS5_38_ins_1_a_at	778868	Uncertain_significance
CFZ	mmpS5_c-9t	778914	Uncertain_significance
CFZ	mmpS5_a-14c	778919	Uncertain_significance
CFZ	mmpS5_g-19a	778924	Uncertain_significance
CFZ	mmpS5_t-20c	778925	Uncertain_significance
CFZ	mmpS5_c-22t	778927	Uncertain_significance
CFZ	mmpS5_c-31g	778936	Uncertain_significance
CFZ	mmpS5_c-35t	778940	Uncertain_significance
CFZ	mmpS5_a-36g	778941	Uncertain_significance
CFZ	mmpS5_c-39t	778944	Uncertain_significance
CFZ	mmpS5_g-51a	778956	Uncertain_significance
CFZ	mmpS5_g-55c	778960	Uncertain_significance
CFZ	mmpS5_c-56t	778961	Uncertain_significance
CFZ	mmpS5_g-60a	778965	Uncertain_significance
CFZ	mmpS5_-64_ins_3_t_tttc	778969	Uncertain_significance
CFZ	mmpS5_a-65g	778970	Uncertain_significance
CFZ	mmpS5_g-74t	778979	Uncertain_significance
CFZ	mmpS5_t-75c	778980	Uncertain_significance
CFZ	mmpS5_g-82t	778987	Uncertain_significance
CFZ	Rv0678_15_del_1_cg_c	779004	Uncertain_significance
CFZ	Rv0678_18_del_3_ggtc_g	779007	Uncertain_significance
CFZ	Rv0678_28_ins_1_a_at	779017	Uncertain_significance
CFZ	Rv0678_29_del_1_tg_t	779018	Uncertain_significance
CFZ	Rv0678_107_ins_1_c_cg	779096	Uncertain_significance
CFZ	Rv0678_132_ins_3_ggtgt_ggtgtgtg	779121	Uncertain_significance
CFZ	Rv0678_138_ins_1_t_tg	779127	Uncertain_significance
CFZ	Rv0678_141_ins_1_t_tc	779130	Uncertain_significance
CFZ	Rv0678_146_ins_3_a_agcg	779135	Uncertain_significance
CFZ	Rv0678_185_ins_3_c_ccag	779174	Uncertain_significance
CFZ	Rv0678_192_del_1_cg_c	779181	Uncertain_significance
CFZ	Rv0678_192_ins_1_cg_cgg	779181	Uncertain_significance
CFZ	Rv0678_234_ins_1_g_gt	779223	Uncertain_significance
CFZ	Rv0678_274_ins_1_t_ta	779263	Uncertain_significance
CFZ	Rv0678_291_del_1_ca_c	779280	Uncertain_significance
CFZ	Rv0678_324_del_4_ccggg_c	779313	Uncertain_significance
CFZ	Rv0678_329_del_1_ca_c	779318	Uncertain_significance
CFZ	Rv0678_371_del_1_cg_c	779360	Uncertain_significance
CFZ	Rv0678_418_ins_1_cgggatctgtt_cggggatctgtt	779407	Uncertain_significance
CFZ	Rv0678_461_del_1_tg_t	779450	Uncertain_significance
CFZ	Rv0678_465_ins_1_g_gc	779454	Uncertain_significance
CFZ	Rv1979c_1444_ins_4_agcgagtg_agcgagtgcgtg	2221721	Uncertain_significance
CFZ	Rv1979c_1419_ins_3_ccggcgaatgatt_ccggcggcgaatgatt	2221746	Uncertain_significance
CFZ	Rv1979c_1368_del_3_gaac_g	2221797	Uncertain_significance
CFZ	Rv1979c_1364_del_5_gtgatca_gt	2221801	Uncertain_significance
CFZ	Rv1979c_1356_del_7_gatcaaagcaa_ggca	2221809	Uncertain_significance
CFZ	Rv1979c_1343_del_26_gagaagtagttcggaccaccccgcactagaaagatgcagc_gtcgccgcgttgcc	2221822	Uncertain_significance
CFZ	Rv1979c_1303_del_14_ggtagtcgtaggacactgccagcccaacc_ggccgccaggccacg	2221862	Uncertain_significance
CFZ	Rv1979c_1303_ins_1_ggtagtcgtaggacactgccagcccaacc_ggtagtcgtaggacactgcccagcccaacc	2221862	Uncertain_significance
CFZ	Rv1979c_1272_del_15_gaccacgatcgcaacaagcggtaacaccttgtcggtgaac_taccgatctcgaccagttgcgatcc	2221893	Uncertain_significance
CFZ	Rv1979c_1232_del_1_gcatt_gatg	2221933	Uncertain_significance
CFZ	Rv1979c_1227_del_16_tcgccgcacagcagcatgttctactgc_tcgccagcggc	2221938	Uncertain_significance
CFZ	Rv1979c_1200_del_24_ctgagacctcgccaatgcgatgagagcgatcggcacgat_cggatcgtgtgacaa	2221965	Uncertain_significance
CFZ	Rv1979c_1161_del_2_gatgaactggacgaatcgggcgatcaccgccaggccg_ggaactggacgaatcgggcgatcaccgccaggccg	2222004	Uncertain_significance
CFZ	Rv1979c_1089_ins_1_gaatgcgagcgccaacgacgccgtaattgcgaaggagaccat_gaatgcgagcgccaacgacgccgtaattgcgaaggagaaccat	2222076	Uncertain_significance
CFZ	Rv1979c_925_del_9_gggctccgacgacgatgat_gtaacgagat	2222240	Uncertain_significance
CFZ	Rv1979c_906_ins_3_cgttcggaaggta_cgttcggaagaaggta	2222259	Uncertain_significance
CFZ	Rv1979c_821_ins_1_gct_gctc	2222344	Uncertain_significance
CFZ	Rv1979c_689_del_3_taca_t	2222476	Uncertain_significance
CFZ	Rv1979c_631_del_4_cgacgccaagcaacgagt_cgaaaggcctcgat	2222534	Uncertain_significance
CFZ	Rv1979c_613_ins_1_acgg_agcgt	2222552	Uncertain_significance
CFZ	Rv1979c_608_ins_4_g_gaccc	2222557	Uncertain_significance
CFZ	Rv1979c_570_del_7_cacgtgctgg_cac	2222595	Uncertain_significance
CFZ	Rv1979c_560_del_5_gtggtgatga_gtggt	2222605	Uncertain_significance
CFZ	Rv1979c_550_del_10_tccacagcccg_t	2222615	Uncertain_significance
CFZ	Rv1979c_489_del_1_gttggccc_gttggcc	2222676	Uncertain_significance
CFZ	Rv1979c_459_ins_1_ga_gta	2222706	Uncertain_significance
CFZ	Rv1979c_435_del_1_gataaa_gataa	2222730	Uncertain_significance
CFZ	Rv1979c_385_del_1_cg_c	2222780	Uncertain_significance
CFZ	Rv1979c_339_del_1_gaaaaaagaa_gaaaaagaa	2222826	Uncertain_significance
CFZ	Rv1979c_339_ins_1_gaaaaaagaa_gaaaaaaagaa	2222826	Uncertain_significance
CFZ	Rv1979c_324_del_1_cac_ca	2222841	Uncertain_significance
CFZ	Rv1979c_324_ins_1_cac_cacc	2222841	Uncertain_significance
CFZ	Rv1979c_301_del_3_taatg_ta	2222864	Uncertain_significance
CFZ	Rv1979c_211_del_1_ac_a	2222954	Uncertain_significance
CFZ	Rv1979c_g-1a	2223165	Uncertain_significance
CFZ	Rv1979c_t-8c	2223172	Uncertain_significance
CFZ	Rv1979c_c-10t	2223174	Uncertain_significance
CFZ	Rv1979c_-12_ins_1_t_tg	2223176	Uncertain_significance
CFZ	Rv1979c_a-16c	2223180	Uncertain_significance
CFZ	Rv1979c_c-18t	2223182	Uncertain_significance
CFZ	Rv1979c_g-19a	2223183	Uncertain_significance
CFZ	Rv1979c_t-20g	2223184	Uncertain_significance
CFZ	Rv1979c_a-26c	2223190	Uncertain_significance
CFZ	Rv1979c_g-36t	2223200	Uncertain_significance
CFZ	Rv1979c_g-49a	2223213	Uncertain_significance
CFZ	Rv1979c_a-50c	2223214	Uncertain_significance
CFZ	Rv1979c_-65_del_12_agctcccggcctgt_ag	2223229	Uncertain_significance
CFZ	Rv1979c_g-69c	2223233	Uncertain_significance
CFZ	Rv1979c_g-70a	2223234	Uncertain_significance
CFZ	Rv1979c_c-96t	2223260	Uncertain_significance
CFZ	Rv1979c_g-107a	2223271	Uncertain_significance
CFZ	Rv1979c_-110_del_1_tg_t	2223274	Uncertain_significance
CFZ	Rv1979c_g-114a	2223278	Uncertain_significance
CFZ	Rv1979c_c-120t	2223284	Uncertain_significance
CFZ	Rv1979c_g-123t	2223287	Uncertain_significance
CFZ	Rv1979c_a-129g	2223293	Not_assoc_w_R
CFZ	Rv1979c_a-130c	2223294	Uncertain_significance
CFZ	Rv1979c_g-133c	2223297	Uncertain_significance
CFZ	Rv1979c_a-154g	2223318	Uncertain_significance
CFZ	Rv1979c_g-160a	2223324	Uncertain_significance
CFZ	Rv1979c_a-168c	2223332	Uncertain_significance
CFZ	Rv1979c_a-168g	2223332	Uncertain_significance
CFZ	Rv1979c_a-178c	2223342	Uncertain_significance
CFZ	Rv1979c_-186_del_5_agcatc_a	2223350	Uncertain_significance
CFZ	mpt64_680_del_5_agcatc_a	2223350	Uncertain_significance
CFZ	Rv1979c_t-186g	2223350	Uncertain_significance
CFZ	mpt64_t-227g	2223350	Uncertain_significance
CFZ	Rv1979c_c-208g	2223372	Uncertain_significance
CFZ	mpt64_c-220g	2223372	Uncertain_significance
CFZ	Rv1979c_c-210t	2223374	Uncertain_significance
CFZ	mpt64_c-219t	2223374	Uncertain_significance
CFZ	Rv1979c_g-214a	2223378	Uncertain_significance
CFZ	mpt64_g-218a	2223378	Uncertain_significance
CFZ	Rv1979c_a-218g	2223382	Uncertain_significance
CFZ	mpt64_a-216g	2223382	Uncertain_significance
CFZ	Rv1979c_g-235t	2223399	Uncertain_significance
CFZ	mpt64_g-211t	2223399	Uncertain_significance
CFZ	Rv1979c_a-236c	2223400	Uncertain_significance
CFZ	mpt64_a-210c	2223400	Uncertain_significance
CFZ	Rv1979c_g-241a	2223405	Uncertain_significance
CFZ	mpt64_g-209a	2223405	Uncertain_significance
CFZ	Rv1979c_t-250g	2223414	Uncertain_significance
CFZ	mpt64_t-206g	2223414	Uncertain_significance
CFZ	Rv1979c_g-255a	2223419	Uncertain_significance
CFZ	mpt64_g-204a	2223419	Uncertain_significance
CFZ	Rv1979c_c-258t	2223422	Uncertain_significance
CFZ	mpt64_c-203t	2223422	Uncertain_significance
CFZ	Rv1979c_t-265c	2223429	Uncertain_significance
CFZ	mpt64_t-201c	2223429	Uncertain_significance
CFZ	Rv1979c_g-275a	2223439	Uncertain_significance
CFZ	mpt64_g-197a	2223439	Uncertain_significance
CFZ	Rv1979c_g-277t	2223441	Uncertain_significance
CFZ	mpt64_g-197t	2223441	Uncertain_significance
CFZ	Rv1979c_g-279a	2223443	Uncertain_significance
CFZ	mpt64_g-196a	2223443	Uncertain_significance
CFZ	Rv1979c_g-280a	2223444	Uncertain_significance
CFZ	mpt64_g-196a	2223444	Uncertain_significance
CFZ	Rv1979c_c-281t	2223445	Uncertain_significance
CFZ	mpt64_c-195t	2223445	Uncertain_significance
CFZ	Rv1979c_g-283a	2223447	Uncertain_significance
CFZ	mpt64_g-195a	2223447	Uncertain_significance
CFZ	Rv1979c_c-315t	2223479	Uncertain_significance
CFZ	mpt64_c-184t	2223479	Uncertain_significance
CFZ	Rv1979c_t-322c	2223486	Uncertain_significance
CFZ	mpt64_t-182c	2223486	Uncertain_significance
CFZ	Rv1979c_c-327a	2223491	Uncertain_significance
CFZ	mpt64_c-180a	2223491	Uncertain_significance
CFZ	Rv1979c_g-328t	2223492	Uncertain_significance
CFZ	mpt64_g-180t	2223492	Uncertain_significance
CFZ	Rv1979c_t-345c	2223509	Uncertain_significance
CFZ	mpt64_t-174c	2223509	Uncertain_significance
CFZ	Rv1979c_-353_del_8_tccggtctg_a	2223517	Uncertain_significance
CFZ	mpt64_513_del_8_tccggtctg_a	2223517	Uncertain_significance
CFZ	Rv1979c_a-378g	2223542	Uncertain_significance
CFZ	mpt64_a-163g	2223542	Uncertain_significance
CFZ	Rv1979c_c-386t	2223550	Uncertain_significance
CFZ	mpt64_c-160t	2223550	Uncertain_significance
CFZ	Rv1979c_c-389a	2223553	Not_assoc_w_R
CFZ	mpt64_c-159a	2223553	Not_assoc_w_R
CFZ	Rv1979c_a-398g	2223562	Uncertain_significance
CFZ	mpt64_a-156g	2223562	Uncertain_significance
CFZ	Rv1979c_t-402c	2223566	Uncertain_significance
CFZ	mpt64_t-155c	2223566	Uncertain_significance
CFZ	Rv1979c_c-411g	2223575	Uncertain_significance
CFZ	mpt64_c-152g	2223575	Uncertain_significance
CFZ	Rv1979c_t-426g	2223590	Uncertain_significance
CFZ	mpt64_t-147g	2223590	Uncertain_significance
CFZ	Rv1979c_c-429t	2223593	Uncertain_significance
CFZ	mpt64_c-146t	2223593	Uncertain_significance
CFZ	Rv1979c_c-440t	2223604	Uncertain_significance
CFZ	mpt64_c-142t	2223604	Uncertain_significance
CFZ	Rv1979c_a-447c	2223611	Uncertain_significance
CFZ	mpt64_a-140c	2223611	Uncertain_significance
CFZ	Rv1979c_t-452c	2223616	Uncertain_significance
CFZ	mpt64_t-138c	2223616	Uncertain_significance
CFZ	Rv1979c_g-458a	2223622	Uncertain_significance
CFZ	mpt64_g-136a	2223622	Uncertain_significance
CFZ	Rv1979c_t-471g	2223635	Uncertain_significance
CFZ	mpt64_t-132g	2223635	Uncertain_significance
CFZ	Rv1979c_g-475a	2223639	Uncertain_significance
CFZ	mpt64_t-132g	2223635	Uncertain_significance
CFZ	pepQ_694_ins_1_c_ct	2859725	Uncertain_significance
CFZ	pepQ_g-5a	2860423	Uncertain_significance
CFZ	pepQ_g-22a	2860440	Uncertain_significance
