MXF	gyrA_A126E		Uncertain_significance
MXF	gyrA_A126V		Uncertain_significance
MXF	gyrA_A186T		Uncertain_significance
MXF	gyrA_A210V		Uncertain_significance
MXF	gyrA_A288D		Uncertain_significance
MXF	gyrA_A288V		Uncertain_significance
MXF	gyrA_A322E		Uncertain_significance
MXF	gyrA_A322S		Uncertain_significance
MXF	gyrA_A324G		Uncertain_significance
MXF	gyrA_A324V		Uncertain_significance
MXF	gyrA_A347T		Uncertain_significance
MXF	gyrA_A347V		Uncertain_significance
MXF	gyrA_A384V		Not_assoc_w_R
MXF	gyrA_A406T		Uncertain_significance
MXF	gyrA_A406V		Uncertain_significance
MXF	gyrA_A432V		Uncertain_significance
MXF	gyrA_A445V		Uncertain_significance
MXF	gyrA_A456V		Uncertain_significance
MXF	gyrA_A463S		Not_assoc_w_R
MXF	gyrA_A501V		Uncertain_significance
MXF	gyrA_A512T		Uncertain_significance
MXF	gyrA_A579V		Uncertain_significance
MXF	gyrA_A626V		Uncertain_significance
MXF	gyrA_A676D		Uncertain_significance
MXF	gyrA_A676V		Uncertain_significance
MXF	gyrA_A689G		Uncertain_significance
MXF	gyrA_A689V		Uncertain_significance
MXF	gyrA_A696T		Uncertain_significance
MXF	gyrA_A736G		Uncertain_significance
MXF	gyrA_A736T		Uncertain_significance
MXF	gyrA_A736V		Uncertain_significance
MXF	gyrA_A74S		Uncertain_significance
MXF	gyrA_A74T		Uncertain_significance
MXF	gyrA_A787G		Uncertain_significance
MXF	gyrA_A814T		Uncertain_significance
MXF	gyrA_A90G		Not_assoc_w_R_Interim
MXF	gyrA_A90V		Assoc_w_R
MXF	gyrA_A90V		combo
MXF	gyrA_D94A		combo
MXF	gyrA_D111G		Uncertain_significance
MXF	gyrA_D209G		Uncertain_significance
MXF	gyrA_D211E		Uncertain_significance
MXF	gyrA_D211G		Uncertain_significance
MXF	gyrA_D242N		Uncertain_significance
MXF	gyrA_D293Y		Uncertain_significance
MXF	gyrA_D367E		Uncertain_significance
MXF	gyrA_D367H		Uncertain_significance
MXF	gyrA_D415N		Uncertain_significance
MXF	gyrA_D437G		Uncertain_significance
MXF	gyrA_D464E		Uncertain_significance
MXF	gyrA_D467H		Uncertain_significance
MXF	gyrA_D481A		Uncertain_significance
MXF	gyrA_D481E		Uncertain_significance
MXF	gyrA_D481G		Uncertain_significance
MXF	gyrA_D488A		Uncertain_significance
MXF	gyrA_D488E		Uncertain_significance
MXF	gyrA_D493H		Uncertain_significance
MXF	gyrA_D504E		Uncertain_significance
MXF	gyrA_D507H		Uncertain_significance
MXF	gyrA_D509N		Uncertain_significance
MXF	gyrA_D515N		Uncertain_significance
MXF	gyrA_D552G		Uncertain_significance
MXF	gyrA_D639A		Uncertain_significance
MXF	gyrA_D639G		Uncertain_significance
MXF	gyrA_D641E		Uncertain_significance
MXF	gyrA_D641Y		Uncertain_significance
MXF	gyrA_D687N		Uncertain_significance
MXF	gyrA_D770G		Uncertain_significance
MXF	gyrA_D810E		Uncertain_significance
MXF	gyrA_D824E		Uncertain_significance
MXF	gyrA_D824N		Uncertain_significance
MXF	gyrA_D825E		Uncertain_significance
MXF	gyrA_D829E		Uncertain_significance
MXF	gyrA_D89G		Uncertain_significance
MXF	gyrA_D89N		Uncertain_significance
MXF	gyrA_D94A		Assoc_w_R
MXF	gyrA_D94G		Assoc_w_R
MXF	gyrA_D94H		Assoc_w_R
MXF	gyrA_D94N		Assoc_w_R
MXF	gyrA_D94V		Uncertain_significance
MXF	gyrA_D94Y		Assoc_w_R
MXF	gyrA_E140G		Uncertain_significance
MXF	gyrA_E148D		Uncertain_significance
MXF	gyrA_E214D		Uncertain_significance
MXF	gyrA_E21Q		Not_assoc_w_R
MXF	gyrA_E258D		Uncertain_significance
MXF	gyrA_E289D		Uncertain_significance
MXF	gyrA_E289Q		Uncertain_significance
MXF	gyrA_E317G		Uncertain_significance
MXF	gyrA_E412G		Uncertain_significance
MXF	gyrA_E429A		Uncertain_significance
MXF	gyrA_E466A		Uncertain_significance
MXF	gyrA_E466G		Uncertain_significance
MXF	gyrA_E508A		Uncertain_significance
MXF	gyrA_E586G		Uncertain_significance
MXF	gyrA_E739Q		Uncertain_significance
MXF	gyrA_E79D		Uncertain_significance
MXF	gyrA_E808Q		Uncertain_significance
MXF	gyrA_E820D		Uncertain_significance
MXF	gyrA_F152L		Uncertain_significance
MXF	gyrA_F228L		Uncertain_significance
MXF	gyrA_F569C		Uncertain_significance
MXF	gyrA_F640V		Uncertain_significance
MXF	gyrA_F683L		Uncertain_significance
MXF	gyrA_F683V		Uncertain_significance
MXF	gyrA_F705L		Uncertain_significance
MXF	gyrA_G158S		Uncertain_significance
MXF	gyrA_G236V		Uncertain_significance
MXF	gyrA_G247S		Not_assoc_w_R
MXF	gyrA_G294A		Uncertain_significance
MXF	gyrA_G311A		Uncertain_significance
MXF	gyrA_G351A		Uncertain_significance
MXF	gyrA_G477E		Uncertain_significance
MXF	gyrA_G503R		Uncertain_significance
MXF	gyrA_G548R		Uncertain_significance
MXF	gyrA_G63A		Uncertain_significance
MXF	gyrA_G63R		Uncertain_significance
MXF	gyrA_G668D		Not_assoc_w_R
MXF	gyrA_G668N		Uncertain_significance
MXF	gyrA_G702S		Uncertain_significance
MXF	gyrA_G729R		Uncertain_significance
MXF	gyrA_G744A		Uncertain_significance
MXF	gyrA_G764R		Uncertain_significance
MXF	gyrA_G780C		Uncertain_significance
MXF	gyrA_G795R		Uncertain_significance
MXF	gyrA_G823S		Uncertain_significance
MXF	gyrA_G832R		Uncertain_significance
MXF	gyrA_G88A		Assoc_w_R_Interim
MXF	gyrA_G88C		Assoc_w_R
MXF	gyrA_H192Q		Uncertain_significance
MXF	gyrA_H334Y		Uncertain_significance
MXF	gyrA_H368Q		Uncertain_significance
MXF	gyrA_H389P		Uncertain_significance
MXF	gyrA_H490N		Uncertain_significance
MXF	gyrA_H490R		Uncertain_significance
MXF	gyrA_H490Y		Uncertain_significance
MXF	gyrA_H70R		Uncertain_significance
MXF	gyrA_I15V		Uncertain_significance
MXF	gyrA_I189M		Uncertain_significance
MXF	gyrA_I189V		Uncertain_significance
MXF	gyrA_I314V		Uncertain_significance
MXF	gyrA_I348V		Uncertain_significance
MXF	gyrA_I362M		Uncertain_significance
MXF	gyrA_I390T		Uncertain_significance
MXF	gyrA_I427V		Uncertain_significance
MXF	gyrA_I462V		Uncertain_significance
MXF	gyrA_I815M		Uncertain_significance
MXF	gyrA_K224E		Uncertain_significance
MXF	gyrA_K319E		Uncertain_significance
MXF	gyrA_K319N		Uncertain_significance
MXF	gyrA_K333N		Uncertain_significance
MXF	gyrA_K633R		Uncertain_significance
MXF	gyrA_K636E		Uncertain_significance
MXF	gyrA_K636N		Uncertain_significance
MXF	gyrA_K636T		Uncertain_significance
MXF	gyrA_L105R		Uncertain_significance
MXF	gyrA_L12F		Uncertain_significance
MXF	gyrA_L134M		Uncertain_significance
MXF	gyrA_L142V		Uncertain_significance
MXF	gyrA_L205V		Uncertain_significance
MXF	gyrA_L296P		Uncertain_significance
MXF	gyrA_L346V		Uncertain_significance
MXF	gyrA_L398F		Uncertain_significance
MXF	gyrA_L401V		Uncertain_significance
MXF	gyrA_L425F		Uncertain_significance
MXF	gyrA_L455R		Uncertain_significance
MXF	gyrA_L455V		Uncertain_significance
MXF	gyrA_L549V		Uncertain_significance
MXF	gyrA_L653V		Uncertain_significance
MXF	gyrA_L659V		Uncertain_significance
MXF	gyrA_L711M		Uncertain_significance
MXF	gyrA_L766S		Uncertain_significance
MXF	gyrA_M139T		Uncertain_significance
MXF	gyrA_M141I		Uncertain_significance
MXF	gyrA_M141T		Uncertain_significance
MXF	gyrA_M220R		Uncertain_significance
MXF	gyrA_M438I		Uncertain_significance
MXF	gyrA_M703V		Uncertain_significance
MXF	gyrA_M99I		Uncertain_significance
MXF	gyrA_N193S		Uncertain_significance
MXF	gyrA_N282K		Uncertain_significance
MXF	gyrA_N301T		Uncertain_significance
MXF	gyrA_N629K		Uncertain_significance
MXF	gyrA_N818D		Uncertain_significance
MXF	gyrA_N826D		Uncertain_significance
MXF	gyrA_N826H		Uncertain_significance
MXF	gyrA_N826I		Uncertain_significance
MXF	gyrA_N831K		Uncertain_significance
MXF	gyrA_P102L		Uncertain_significance
MXF	gyrA_P108S		Uncertain_significance
MXF	gyrA_P119L		Uncertain_significance
MXF	gyrA_P154R		Uncertain_significance
MXF	gyrA_P17L		Uncertain_significance
MXF	gyrA_P17S		Uncertain_significance
MXF	gyrA_P275A		Uncertain_significance
MXF	gyrA_P472S		Uncertain_significance
MXF	gyrA_P7L		Uncertain_significance
MXF	gyrA_P8A		Uncertain_significance
MXF	gyrA_Q113E		Uncertain_significance
MXF	gyrA_Q22H		Uncertain_significance
MXF	gyrA_Q238H		Uncertain_significance
MXF	gyrA_Q25E		Uncertain_significance
MXF	gyrA_Q277R		Uncertain_significance
MXF	gyrA_Q290H		Uncertain_significance
MXF	gyrA_Q290R		Uncertain_significance
MXF	gyrA_Q305R		Uncertain_significance
MXF	gyrA_Q336K		Uncertain_significance
MXF	gyrA_Q475P		Uncertain_significance
MXF	gyrA_Q613E		Uncertain_significance
MXF	gyrA_Q679H		Uncertain_significance
MXF	gyrA_Q797P		Uncertain_significance
MXF	gyrA_R106C		Uncertain_significance
MXF	gyrA_R14L		Uncertain_significance
MXF	gyrA_R195G		Uncertain_significance
MXF	gyrA_R252G		Uncertain_significance
MXF	gyrA_R252L		Uncertain_significance
MXF	gyrA_R254C		Uncertain_significance
MXF	gyrA_R26C		Uncertain_significance
MXF	gyrA_R26H		Uncertain_significance
MXF	gyrA_R292G		Uncertain_significance
MXF	gyrA_R292L		Uncertain_significance
MXF	gyrA_R309W		Uncertain_significance
MXF	gyrA_R375Q		Uncertain_significance
MXF	gyrA_R380G		Uncertain_significance
MXF	gyrA_R392H		Uncertain_significance
MXF	gyrA_R450G		Uncertain_significance
MXF	gyrA_R450S		Uncertain_significance
MXF	gyrA_R489K		Uncertain_significance
MXF	gyrA_R489S		Uncertain_significance
MXF	gyrA_R513C		Uncertain_significance
MXF	gyrA_R578Q		Uncertain_significance
MXF	gyrA_R607C		Uncertain_significance
MXF	gyrA_R607H		Uncertain_significance
MXF	gyrA_R615H		Uncertain_significance
MXF	gyrA_R615L		Uncertain_significance
MXF	gyrA_R65H		Uncertain_significance
MXF	gyrA_R68C		Uncertain_significance
MXF	gyrA_R758P		Uncertain_significance
MXF	gyrA_R789G		Uncertain_significance
MXF	gyrA_R789H		Uncertain_significance
MXF	gyrA_R802Q		Uncertain_significance
MXF	gyrA_S104L		Uncertain_significance
MXF	gyrA_S168T		Uncertain_significance
MXF	gyrA_S237A		Uncertain_significance
MXF	gyrA_S411A		Uncertain_significance
MXF	gyrA_S506N		Uncertain_significance
MXF	gyrA_S536R		Uncertain_significance
MXF	gyrA_S62F		Uncertain_significance
MXF	gyrA_S698L		Uncertain_significance
MXF	gyrA_S69G		Uncertain_significance
MXF	gyrA_S728A		Uncertain_significance
MXF	gyrA_S728L		Uncertain_significance
MXF	gyrA_S91P		Assoc_w_R
MXF	gyrA_S95A		Uncertain_significance
MXF	gyrA_S95T		Not_assoc_w_R
MXF	gyrA_T135S		Uncertain_significance
MXF	gyrA_T230S		Uncertain_significance
MXF	gyrA_T267I		Uncertain_significance
MXF	gyrA_T272I		Uncertain_significance
MXF	gyrA_T355A		Uncertain_significance
MXF	gyrA_T355M		Uncertain_significance
MXF	gyrA_T377I		Uncertain_significance
MXF	gyrA_T563S		Uncertain_significance
MXF	gyrA_T572N		Uncertain_significance
MXF	gyrA_T590A		Uncertain_significance
MXF	gyrA_T590M		Uncertain_significance
MXF	gyrA_T5A		Uncertain_significance
MXF	gyrA_T638I		Uncertain_significance
MXF	gyrA_T638N		Uncertain_significance
MXF	gyrA_T686S		Uncertain_significance
MXF	gyrA_T697A		Uncertain_significance
MXF	gyrA_T735S		Uncertain_significance
MXF	gyrA_T80A		Not_assoc_w_R_Interim
MXF	gyrA_T836K		Uncertain_significance
MXF	gyrA_T836R		Uncertain_significance
MXF	gyrA_V223I		Uncertain_significance
MXF	gyrA_V235A		Uncertain_significance
MXF	gyrA_V259L		Uncertain_significance
MXF	gyrA_V327L		Uncertain_significance
MXF	gyrA_V352L		Uncertain_significance
MXF	gyrA_V352M		Uncertain_significance
MXF	gyrA_V479M		Uncertain_significance
MXF	gyrA_V505I		Uncertain_significance
MXF	gyrA_V517L		Uncertain_significance
MXF	gyrA_V544L		Uncertain_significance
MXF	gyrA_V596M		Uncertain_significance
MXF	gyrA_V624L		Uncertain_significance
MXF	gyrA_V649L		Uncertain_significance
MXF	gyrA_V649M		Uncertain_significance
MXF	gyrA_V651A		Uncertain_significance
MXF	gyrA_V651I		Uncertain_significance
MXF	gyrA_V716F		Uncertain_significance
MXF	gyrA_V750A		Uncertain_significance
MXF	gyrA_V768A		Uncertain_significance
MXF	gyrA_V783L		Uncertain_significance
MXF	gyrA_V783M		Uncertain_significance
MXF	gyrA_Y276H		Uncertain_significance
MXF	gyrA_Y365H		Uncertain_significance
MXF	gyrA_Y379C		Uncertain_significance
MXF	gyrA_Y722C		Uncertain_significance
MXF	gyrB_A115V		Uncertain_significance
MXF	gyrB_A130S		Uncertain_significance
MXF	gyrB_A162S		Uncertain_significance
MXF	gyrB_A175T		Uncertain_significance
MXF	gyrB_A233G		Uncertain_significance
MXF	gyrB_A233P		Uncertain_significance
MXF	gyrB_A237G		Uncertain_significance
MXF	gyrB_A238G		Uncertain_significance
MXF	gyrB_A238T		Uncertain_significance
MXF	gyrB_A332V		Uncertain_significance
MXF	gyrB_A398V		Uncertain_significance
MXF	gyrB_A403S		Uncertain_significance
MXF	gyrB_A403V		Uncertain_significance
MXF	gyrB_A432V		Uncertain_significance
MXF	gyrB_A467T		Uncertain_significance
MXF	gyrB_A504T		Uncertain_significance
MXF	gyrB_A504V		Assoc_w_R_Interim
MXF	gyrB_A508V		Uncertain_significance
MXF	gyrB_A564T		Uncertain_significance
MXF	gyrB_A593V		Uncertain_significance
MXF	gyrB_A618D		Uncertain_significance
MXF	gyrB_A618T		Uncertain_significance
MXF	gyrB_A643D		Uncertain_significance
MXF	gyrB_A644D		Uncertain_significance
MXF	gyrB_A78G		Uncertain_significance
MXF	gyrB_A90G		Uncertain_significance
MXF	gyrB_A90T		Uncertain_significance
MXF	gyrB_C388G		Uncertain_significance
MXF	gyrB_D112H		Uncertain_significance
MXF	gyrB_D216G		Uncertain_significance
MXF	gyrB_D220E		Uncertain_significance
MXF	gyrB_D225G		Uncertain_significance
MXF	gyrB_D259E		Uncertain_significance
MXF	gyrB_D334G		Uncertain_significance
MXF	gyrB_D340G		Uncertain_significance
MXF	gyrB_D342E		Uncertain_significance
MXF	gyrB_D434E		Uncertain_significance
MXF	gyrB_D434G		Uncertain_significance
MXF	gyrB_D434H		Uncertain_significance
MXF	gyrB_D461A		Uncertain_significance
MXF	gyrB_D461H		Uncertain_significance
MXF	gyrB_D461N		Assoc_w_R_Interim
MXF	gyrB_D494A		Uncertain_significance
MXF	gyrB_D518G		Uncertain_significance
MXF	gyrB_D588N		Uncertain_significance
MXF	gyrB_D617Y		Uncertain_significance
MXF	gyrB_D645A		Uncertain_significance
MXF	gyrB_E181G		Uncertain_significance
MXF	gyrB_E21D		Uncertain_significance
MXF	gyrB_E21K		Uncertain_significance
MXF	gyrB_E228D		Uncertain_significance
MXF	gyrB_E228Q		Uncertain_significance
MXF	gyrB_E299Q		Uncertain_significance
MXF	gyrB_E364D		Uncertain_significance
MXF	gyrB_E379G		Uncertain_significance
MXF	gyrB_E397D		Uncertain_significance
MXF	gyrB_E425A		Uncertain_significance
MXF	gyrB_E501A		Uncertain_significance
MXF	gyrB_E501D		Assoc_w_R
MXF	gyrB_E501G		Uncertain_significance
MXF	gyrB_E501V		Assoc_w_R_Interim
MXF	gyrB_E586K		Uncertain_significance
MXF	gyrB_E604K		Uncertain_significance
MXF	gyrB_E654A		Uncertain_significance
MXF	gyrB_F549L		Uncertain_significance
MXF	gyrB_G282D		Uncertain_significance
MXF	gyrB_G436R		Uncertain_significance
MXF	gyrB_G470C		Uncertain_significance
MXF	gyrB_G512R		Uncertain_significance
MXF	gyrB_G520A		Uncertain_significance
MXF	gyrB_G520V		Uncertain_significance
MXF	gyrB_G594R		Uncertain_significance
MXF	gyrB_G598E		Uncertain_significance
MXF	gyrB_G606S		Uncertain_significance
MXF	gyrB_H272P		Uncertain_significance
MXF	gyrB_H302R		Uncertain_significance
MXF	gyrB_H311R		Uncertain_significance
MXF	gyrB_I19L		Uncertain_significance
MXF	gyrB_I271M		Uncertain_significance
MXF	gyrB_I271V		Uncertain_significance
MXF	gyrB_I34V		Uncertain_significance
MXF	gyrB_I435V		Uncertain_significance
MXF	gyrB_I486L		Uncertain_significance
MXF	gyrB_I486V		Uncertain_significance
MXF	gyrB_I493T		Uncertain_significance
MXF	gyrB_I505V		Uncertain_significance
MXF	gyrB_I556V		Uncertain_significance
MXF	gyrB_I601T		Uncertain_significance
MXF	gyrB_I607V		Uncertain_significance
MXF	gyrB_I84V		Uncertain_significance
MXF	gyrB_I93V		Uncertain_significance
MXF	gyrB_K140E		Uncertain_significance
MXF	gyrB_K159M		Uncertain_significance
MXF	gyrB_K333N		Uncertain_significance
MXF	gyrB_K404R		Uncertain_significance
MXF	gyrB_K430N		Uncertain_significance
MXF	gyrB_K452N		Uncertain_significance
MXF	gyrB_K498N		Uncertain_significance
MXF	gyrB_K498R		Uncertain_significance
MXF	gyrB_K526Q		Uncertain_significance
MXF	gyrB_K599R		Uncertain_significance
MXF	gyrB_K603R		Uncertain_significance
MXF	gyrB_K668R		Uncertain_significance
MXF	gyrB_K7Q		Uncertain_significance
MXF	gyrB_L156M		Uncertain_significance
MXF	gyrB_L257P		Uncertain_significance
MXF	gyrB_L354V		Uncertain_significance
MXF	gyrB_L375V		Uncertain_significance
MXF	gyrB_L455V		Uncertain_significance
MXF	gyrB_L509P		Uncertain_significance
MXF	gyrB_L555V		Uncertain_significance
MXF	gyrB_L638V		Uncertain_significance
MXF	gyrB_L673P		Uncertain_significance
MXF	gyrB_L69V		Uncertain_significance
MXF	gyrB_M100V		Uncertain_significance
MXF	gyrB_M197I		Uncertain_significance
MXF	gyrB_M291I		Not_assoc_w_R
MXF	gyrB_M530T		Uncertain_significance
MXF	gyrB_M616V		Uncertain_significance
MXF	gyrB_N499D		Assoc_w_R_Interim
MXF	gyrB_N499K		Uncertain_significance
MXF	gyrB_N499S		Uncertain_significance
MXF	gyrB_N499T		Uncertain_significance
MXF	gyrB_N499Y		Uncertain_significance
MXF	gyrB_N558D		Uncertain_significance
MXF	gyrB_N66S		Uncertain_significance
MXF	gyrB_P163L		Uncertain_significance
MXF	gyrB_P163S		Uncertain_significance
MXF	gyrB_P177L		Uncertain_significance
MXF	gyrB_P177R		Uncertain_significance
MXF	gyrB_P243S		Uncertain_significance
MXF	gyrB_P254L		Uncertain_significance
MXF	gyrB_P343A		Uncertain_significance
MXF	gyrB_P400R		Uncertain_significance
MXF	gyrB_P439A		Uncertain_significance
MXF	gyrB_P439R		Uncertain_significance
MXF	gyrB_P480S		Uncertain_significance
MXF	gyrB_P578A		Uncertain_significance
MXF	gyrB_P578R		Uncertain_significance
MXF	gyrB_P578S		Uncertain_significance
MXF	gyrB_P628A		Uncertain_significance
MXF	gyrB_P94L		Not_assoc_w_R
MXF	gyrB_Q148E		Uncertain_significance
MXF	gyrB_Q476E		Uncertain_significance
MXF	gyrB_Q503R		Uncertain_significance
MXF	gyrB_Q538R		Uncertain_significance
MXF	gyrB_Q565H		Uncertain_significance
MXF	gyrB_R212T		Uncertain_significance
MXF	gyrB_R446C		Uncertain_significance
MXF	gyrB_R446G		Uncertain_significance
MXF	gyrB_R446H		Uncertain_significance
MXF	gyrB_R446L		Uncertain_significance
MXF	gyrB_R451H		Uncertain_significance
MXF	gyrB_R523H		Uncertain_significance
MXF	gyrB_R523S		Uncertain_significance
MXF	gyrB_R553G		Uncertain_significance
MXF	gyrB_R575H		Uncertain_significance
MXF	gyrB_R587G		Uncertain_significance
MXF	gyrB_R634L		Uncertain_significance
MXF	gyrB_R665C		Uncertain_significance
MXF	gyrB_S147F		Uncertain_significance
MXF	gyrB_S16C		Uncertain_significance
MXF	gyrB_S274R		Uncertain_significance
MXF	gyrB_S274T		Uncertain_significance
MXF	gyrB_S363R		Uncertain_significance
MXF	gyrB_S413A		Uncertain_significance
MXF	gyrB_S447F		Uncertain_significance
MXF	gyrB_S447Y		Uncertain_significance
MXF	gyrB_S576G		Uncertain_significance
MXF	gyrB_S576I		Uncertain_significance
MXF	gyrB_S576T		Uncertain_significance
MXF	gyrB_S661T		Uncertain_significance
MXF	gyrB_T167M		Uncertain_significance
MXF	gyrB_T170A		Uncertain_significance
MXF	gyrB_T170K		Uncertain_significance
MXF	gyrB_T170M		Uncertain_significance
MXF	gyrB_T182I		Uncertain_significance
MXF	gyrB_T189P		Uncertain_significance
MXF	gyrB_T209A		Uncertain_significance
MXF	gyrB_T250S		Uncertain_significance
MXF	gyrB_T267S		Uncertain_significance
MXF	gyrB_T378S		Uncertain_significance
MXF	gyrB_T37S		Uncertain_significance
MXF	gyrB_T393S		Uncertain_significance
MXF	gyrB_T401I		Uncertain_significance
MXF	gyrB_T500A		Uncertain_significance
MXF	gyrB_T500I		Uncertain_significance
MXF	gyrB_T500N		Uncertain_significance
MXF	gyrB_T500P		Uncertain_significance
MXF	gyrB_T507A		Uncertain_significance
MXF	gyrB_T664I		Uncertain_significance
MXF	gyrB_V222M		Uncertain_significance
MXF	gyrB_V226A		Uncertain_significance
MXF	gyrB_V301L		Not_assoc_w_R
MXF	gyrB_V406I		Uncertain_significance
MXF	gyrB_V427M		Uncertain_significance
MXF	gyrB_V457L		Uncertain_significance
MXF	gyrB_V630I		Uncertain_significance
MXF	gyrB_V670F		Uncertain_significance
MXF	gyrB_V670I		Uncertain_significance
MXF	gyrB_V675I		Uncertain_significance
MXF	gyrB_V75G		Uncertain_significance
MXF	gyrB_Y144F		Uncertain_significance
MXF	gyrB_Y253S		Uncertain_significance
MXF	gyrB_c-170t	5070	Uncertain_significance
MXF	gyrB_-165_del_1_cg_c	5075	Uncertain_significance
MXF	gyrB_-165_ins_1_cg_cgt	5075	Uncertain_significance
MXF	gyrB_-165_ins_2_cg_cgtc	5075	Uncertain_significance
MXF	gyrB_c-165a	5075	Uncertain_significance
MXF	gyrB_c-165t	5075	Not_assoc_w_R
MXF	gyrB_-164_ins_1_g_gt	5076	Uncertain_significance
MXF	gyrB_g-164a	5076	Uncertain_significance
MXF	gyrB_-163_ins_1_t_tc	5077	Uncertain_significance
MXF	gyrB_-163_ins_2_t_tcg	5077	Uncertain_significance
MXF	gyrB_-162_del_1_cgggac_cggga	5078	Uncertain_significance
MXF	gyrB_-162_ins_1_c_cg	5078	Uncertain_significance
MXF	gyrB_-162_ins_1_cgggac_cgggaac	5078	Uncertain_significance
MXF	gyrB_-162_ins_1_cgggac_cggggac	5078	Uncertain_significance
MXF	gyrB_-162_ins_1_cgggac_cgggtac	5078	Uncertain_significance
MXF	gyrB_-162_ins_2_cgggac_cgggagac	5078	Uncertain_significance
MXF	gyrB_g-159a	5081	Uncertain_significance
MXF	gyrB_g-159c	5081	Uncertain_significance
MXF	gyrB_a-158g	5082	Uncertain_significance
MXF	gyrB_c-157a	5083	Uncertain_significance
MXF	gyrB_c-157t	5083	Uncertain_significance
MXF	gyrB_c-155t	5085	Uncertain_significance
MXF	gyrB_a-154c	5086	Uncertain_significance
MXF	gyrB_c-153t	5087	Uncertain_significance
MXF	gyrB_c-152t	5088	Uncertain_significance
MXF	gyrB_c-136t	5104	Uncertain_significance
MXF	gyrB_a-134g	5106	Uncertain_significance
MXF	gyrB_g-132a	5108	Uncertain_significance
MXF	gyrB_a-130g	5110	Uncertain_significance
MXF	gyrB_g-125t	5115	Uncertain_significance
MXF	gyrB_g-123c	5117	Uncertain_significance
MXF	gyrB_-118_ins_1_g_gt	5122	Uncertain_significance
MXF	gyrB_g-114c	5126	Uncertain_significance
MXF	gyrB_a-107c	5133	Uncertain_significance
MXF	gyrB_a-104c	5136	Uncertain_significance
MXF	gyrB_g-102a	5138	Uncertain_significance
MXF	gyrB_c-100t	5140	Uncertain_significance
MXF	gyrB_g-98t	5142	Uncertain_significance
MXF	gyrB_g-95c	5145	Uncertain_significance
MXF	gyrB_t-93c	5147	Uncertain_significance
MXF	gyrB_c-89a	5151	Uncertain_significance
MXF	gyrB_c-87g	5153	Uncertain_significance
MXF	gyrB_-86_del_1_tg_t	5154	Uncertain_significance
MXF	gyrB_c-80a	5160	Uncertain_significance
MXF	gyrB_g-66t	5174	Uncertain_significance
MXF	gyrB_-60_ins_1_t_tg	5180	Uncertain_significance
MXF	gyrB_-60_ins_2_t_tgc	5180	Uncertain_significance
MXF	gyrB_t-60c	5180	Uncertain_significance
MXF	gyrB_c-58g	5182	Uncertain_significance
MXF	gyrB_-56_del_1_ac_a	5184	Uncertain_significance
MXF	gyrB_c-55t	5185	Uncertain_significance
MXF	gyrB_c-54t	5186	Uncertain_significance
MXF	gyrB_c-53g	5187	Uncertain_significance
MXF	gyrB_c-52t	5188	Uncertain_significance
MXF	gyrB_c-45g	5195	Uncertain_significance
MXF	gyrB_c-37t	5203	Uncertain_significance
MXF	gyrB_c-34t	5206	Uncertain_significance
MXF	gyrB_c-26g	5214	Uncertain_significance
MXF	gyrB_c-20t	5220	Uncertain_significance
MXF	gyrB_g-13c	5227	Uncertain_significance
MXF	gyrB_t-10c	5230	Uncertain_significance
MXF	gyrB_g-4a	5236	Uncertain_significance
MXF	gyrB_c-1g	5239	Uncertain_significance
MXF	gyrB_1919_del_3_acgc_a	7158	Uncertain_significance
MXF	gyrA_c-34t	7268	Not_assoc_w_R
MXF	gyrA_c-32t	7270	Uncertain_significance
MXF	gyrA_a-30g	7272	Uncertain_significance
MXF	gyrA_c-27g	7275	Uncertain_significance
MXF	gyrA_c-27t	7275	Uncertain_significance
MXF	gyrA_g-25a	7277	Uncertain_significance
MXF	gyrA_g-25c	7277	Uncertain_significance
MXF	gyrA_g-19t	7283	Uncertain_significance
MXF	gyrA_a-8g	7294	Uncertain_significance
MXF	gyrA_921_del_3_cgat_c	8222	Uncertain_significance
MXF	gyrA_925_del_3_cggg_c	8226	Uncertain_significance
MXF	gyrA_2516_del_26_aatcaggctcgcccgacgacgatgcgg_a	9817	Uncertain_significance
MXF	gyrA_2516_del_53_aatcaggctcgcccgacgacgatgcggatcgcgtagcgatctgaggagga_agccagtcaggctcagcg	9817	Uncertain_significance
MXF	gyrA_2517_del_2_atcaggctcgc_atcgctcgc	9818	Uncertain_significance
