PZA	clpC1_A151T		Uncertain_significance
PZA	clpC1_A181V		Uncertain_significance
PZA	clpC1_A757V		Uncertain_significance
PZA	clpC1_A816V		Uncertain_significance
PZA	clpC1_A828V		Uncertain_significance
PZA	clpC1_A846P		Uncertain_significance
PZA	clpC1_D443A		Uncertain_significance
PZA	clpC1_D474G		Uncertain_significance
PZA	clpC1_D474H		Uncertain_significance
PZA	clpC1_D699A		Uncertain_significance
PZA	clpC1_D753V		Uncertain_significance
PZA	clpC1_D783H		Uncertain_significance
PZA	clpC1_E426G		Uncertain_significance
PZA	clpC1_E430D		Uncertain_significance
PZA	clpC1_E434K		Uncertain_significance
PZA	clpC1_E478K		Uncertain_significance
PZA	clpC1_E65D		Uncertain_significance
PZA	clpC1_E792G		Uncertain_significance
PZA	clpC1_E793K		Uncertain_significance
PZA	clpC1_E793Q		Uncertain_significance
PZA	clpC1_E810G		Uncertain_significance
PZA	clpC1_G159R		Uncertain_significance
PZA	clpC1_G471D		Uncertain_significance
PZA	clpC1_G686S		Uncertain_significance
PZA	clpC1_G813D		Uncertain_significance
PZA	clpC1_G822S		Uncertain_significance
PZA	clpC1_I139V		Uncertain_significance
PZA	clpC1_I673V		Uncertain_significance
PZA	clpC1_I727T		Uncertain_significance
PZA	clpC1_I78M		Uncertain_significance
PZA	clpC1_K47R		Uncertain_significance
PZA	clpC1_K694E		Uncertain_significance
PZA	clpC1_K743N		Uncertain_significance
PZA	clpC1_K743T		Uncertain_significance
PZA	clpC1_K825E		Uncertain_significance
PZA	clpC1_M693I		Uncertain_significance
PZA	clpC1_M734I		Uncertain_significance
PZA	clpC1_P419L		Uncertain_significance
PZA	clpC1_P74L		Uncertain_significance
PZA	clpC1_P766L		Uncertain_significance
PZA	clpC1_P796A		Uncertain_significance
PZA	clpC1_P796L		Not_assoc_w_R
PZA	clpC1_P796Q		Uncertain_significance
PZA	clpC1_Q146R		Uncertain_significance
PZA	clpC1_R413L		Uncertain_significance
PZA	clpC1_R432G		Uncertain_significance
PZA	clpC1_R453Q		Uncertain_significance
PZA	clpC1_R60C		Uncertain_significance
PZA	clpC1_R60H		Uncertain_significance
PZA	clpC1_R724S		Uncertain_significance
PZA	clpC1_R729G		Uncertain_significance
PZA	clpC1_R737L		Uncertain_significance
PZA	clpC1_R848L		Uncertain_significance
PZA	clpC1_T179M		Uncertain_significance
PZA	clpC1_T819S		Uncertain_significance
PZA	clpC1_V170L		Uncertain_significance
PZA	clpC1_V44F		Uncertain_significance
PZA	clpC1_V63A		Not_assoc_w_R
PZA	clpC1_V718I		Uncertain_significance
PZA	clpC1_V794F		Uncertain_significance
PZA	clpC1_V817M		Uncertain_significance
PZA	clpC1_Y690S		Uncertain_significance
PZA	panD_A96T		Uncertain_significance
PZA	panD_A98T		Uncertain_significance
PZA	panD_D109N		Uncertain_significance
PZA	panD_D116G		Uncertain_significance
PZA	panD_D31E		Uncertain_significance
PZA	panD_D37E		Uncertain_significance
PZA	panD_D50E		Uncertain_significance
PZA	panD_D50N		Uncertain_significance
PZA	panD_G139!		Uncertain_significance
PZA	panD_H21N		Uncertain_significance
PZA	panD_I115T		Uncertain_significance
PZA	panD_I49V		Uncertain_significance
PZA	panD_I60T		Uncertain_significance
PZA	panD_L132P		Uncertain_significance
PZA	panD_M117T		Uncertain_significance
PZA	panD_M1L		Uncertain_significance
PZA	panD_P134S		Uncertain_significance
PZA	panD_R104Q		Uncertain_significance
PZA	panD_R135G		Uncertain_significance
PZA	panD_R97W		Uncertain_significance
PZA	panD_R99G		Uncertain_significance
PZA	panD_T4A		Uncertain_significance
PZA	panD_V15A		Uncertain_significance
PZA	panD_V85M		Uncertain_significance
PZA	pncA_-125_del_1_cc_c		Not_assoc_w_R_Interim
PZA	pncA_442_ins_12_cgc_cgcgacgcggtacgc		Assoc_w_R_Interim
PZA	pncA_A102P		Assoc_w_R
PZA	pncA_A102T		Uncertain_significance
PZA	pncA_A102V		Uncertain_significance
PZA	pncA_A134G		Uncertain_significance
PZA	pncA_A134V		Assoc_w_R
PZA	pncA_A143G		Assoc_w_R
PZA	pncA_A143V		Uncertain_significance
PZA	pncA_A146E		Uncertain_significance
PZA	pncA_A146T		Assoc_w_R
PZA	pncA_A146V		Assoc_w_R
PZA	pncA_A171E		Assoc_w_R_Interim
PZA	pncA_A171T		Uncertain_significance
PZA	pncA_A171V		Not_assoc_w_R_Interim
PZA	pncA_A28D		Uncertain_significance
PZA	pncA_A30V		Uncertain_significance
PZA	pncA_A3E		Assoc_w_R_Interim
PZA	pncA_A46E		Assoc_w_R_Interim
PZA	pncA_A46T		Uncertain_significance
PZA	pncA_A46V		Assoc_w_R_Interim
PZA	pncA_A79E		Uncertain_significance
PZA	pncA_A79T		Not_assoc_w_R_Interim
PZA	pncA_A79V		Not_assoc_w_R_Interim
PZA	pncA_C138R		Assoc_w_R
PZA	pncA_C14!		Assoc_w_R_Interim
PZA	pncA_C14G		Uncertain_significance
PZA	pncA_C14R		Assoc_w_R
PZA	pncA_C14W		Uncertain_significance
PZA	pncA_C72R		Assoc_w_R_Interim
PZA	pncA_C72W		Uncertain_significance
PZA	pncA_C72Y		Assoc_w_R_Interim
PZA	pncA_D110G		Uncertain_significance
PZA	pncA_D110Y		Uncertain_significance
PZA	pncA_D129N		Uncertain_significance
PZA	pncA_D12A		Assoc_w_R
PZA	pncA_D12E		Assoc_w_R
PZA	pncA_D12G		Assoc_w_R
PZA	pncA_D12H		Uncertain_significance
PZA	pncA_D12N		Assoc_w_R_Interim
PZA	pncA_D136A		Uncertain_significance
PZA	pncA_D136E		Uncertain_significance
PZA	pncA_D136G		Uncertain_significance
PZA	pncA_D136N		Not_assoc_w_R_Interim
PZA	pncA_D136V		Uncertain_significance
PZA	pncA_D145E		Uncertain_significance
PZA	pncA_D145Y		Uncertain_significance
PZA	pncA_D158N		Uncertain_significance
PZA	pncA_D49A		Assoc_w_R
PZA	pncA_D49E		Assoc_w_R_Interim
PZA	pncA_D49G		Assoc_w_R
PZA	pncA_D49N		Assoc_w_R_Interim
PZA	pncA_D49Y		Uncertain_significance
PZA	pncA_D53E		Uncertain_significance
PZA	pncA_D63A		Assoc_w_R
PZA	pncA_D63G		Assoc_w_R_Interim
PZA	pncA_D80V		Uncertain_significance
PZA	pncA_D86G		Uncertain_significance
PZA	pncA_D8A		Assoc_w_R_Interim
PZA	pncA_D8E		Assoc_w_R_Interim
PZA	pncA_D8G		Assoc_w_R
PZA	pncA_D8H		Uncertain_significance
PZA	pncA_D8N		Assoc_w_R
PZA	pncA_D8Y		Uncertain_significance
PZA	pncA_E15!		Assoc_w_R_Interim
PZA	pncA_E15G		Not_assoc_w_R_Interim
PZA	pncA_E174D		Uncertain_significance
PZA	pncA_E181!		Assoc_w_R_Interim
PZA	pncA_E91!		Assoc_w_R_Interim
PZA	pncA_F106I		Uncertain_significance
PZA	pncA_F106S		Assoc_w_R_Interim
PZA	pncA_F13I		Assoc_w_R_Interim
PZA	pncA_F13L		Assoc_w_R_Interim
PZA	pncA_F13S		Uncertain_significance
PZA	pncA_F58C		Uncertain_significance
PZA	pncA_F58L		Assoc_w_R
PZA	pncA_F58S		Uncertain_significance
PZA	pncA_F58V		Uncertain_significance
PZA	pncA_F81S		Uncertain_significance
PZA	pncA_F81V		Assoc_w_R_Interim
PZA	pncA_F94C		Assoc_w_R
PZA	pncA_F94L		Assoc_w_R
PZA	pncA_F94S		Assoc_w_R_Interim
PZA	pncA_F94V		Uncertain_significance
PZA	pncA_G105D		Assoc_w_R_Interim
PZA	pncA_G105R		Uncertain_significance
PZA	pncA_G105V		Assoc_w_R
PZA	pncA_G108E		Uncertain_significance
PZA	pncA_G108R		Assoc_w_R_Interim
PZA	pncA_G124S		Uncertain_significance
PZA	pncA_G132A		Assoc_w_R
PZA	pncA_G132C		Uncertain_significance
PZA	pncA_G132D		Assoc_w_R_Interim
PZA	pncA_G132R		Uncertain_significance
PZA	pncA_G132S		Assoc_w_R
PZA	pncA_G162D		Assoc_w_R_Interim
PZA	pncA_G162R		Uncertain_significance
PZA	pncA_G17A		Uncertain_significance
PZA	pncA_G17D		Assoc_w_R_Interim
PZA	pncA_G17R		Uncertain_significance
PZA	pncA_G17V		Uncertain_significance
PZA	pncA_G24D		Assoc_w_R
PZA	pncA_G78C		Uncertain_significance
PZA	pncA_G78D		Uncertain_significance
PZA	pncA_G78S		Uncertain_significance
PZA	pncA_G78V		Uncertain_significance
PZA	pncA_G97C		Assoc_w_R
PZA	pncA_G97D		Assoc_w_R
PZA	pncA_G97R		Assoc_w_R
PZA	pncA_G97S		Assoc_w_R
PZA	pncA_G97V		Assoc_w_R_Interim
PZA	pncA_H137N		Uncertain_significance
PZA	pncA_H137P		Uncertain_significance
PZA	pncA_H137Q		Uncertain_significance
PZA	pncA_H137R		Uncertain_significance
PZA	pncA_H137Y		Uncertain_significance
PZA	pncA_H43P		Uncertain_significance
PZA	pncA_H43Y		Uncertain_significance
PZA	pncA_H51D		Assoc_w_R
PZA	pncA_H51P		Assoc_w_R_Interim
PZA	pncA_H51Q		Assoc_w_R
PZA	pncA_H51R		Assoc_w_R
PZA	pncA_H51Y		Assoc_w_R_Interim
PZA	pncA_H57D		Assoc_w_R
PZA	pncA_H57P		Uncertain_significance
PZA	pncA_H57Q		Uncertain_significance
PZA	pncA_H57R		Assoc_w_R
PZA	pncA_H57Y		Assoc_w_R
PZA	pncA_H71D		Assoc_w_R_Interim
PZA	pncA_H71P		Assoc_w_R
PZA	pncA_H71Q		Uncertain_significance
PZA	pncA_H71R		Assoc_w_R
PZA	pncA_H71Y		Assoc_w_R
PZA	pncA_H82D		Uncertain_significance
PZA	pncA_H82R		Assoc_w_R_Interim
PZA	pncA_I133S		Uncertain_significance
PZA	pncA_I133T		Assoc_w_R
PZA	pncA_I31S		Assoc_w_R
PZA	pncA_I31T		Assoc_w_R_Interim
PZA	pncA_I5S		Assoc_w_R_Interim
PZA	pncA_I5T		Uncertain_significance
PZA	pncA_I6L		Not_assoc_w_R_Interim
PZA	pncA_I6S		Uncertain_significance
PZA	pncA_I6T		Assoc_w_R
PZA	pncA_I6V		Uncertain_significance
PZA	pncA_I90S		Assoc_w_R
PZA	pncA_I90T		Assoc_w_R_Interim
PZA	pncA_K48E		Assoc_w_R_Interim
PZA	pncA_K48N		Uncertain_significance
PZA	pncA_K48T		Assoc_w_R_Interim
PZA	pncA_K96E		Assoc_w_R
PZA	pncA_K96N		Uncertain_significance
PZA	pncA_K96Q		Assoc_w_R_Interim
PZA	pncA_K96R		Assoc_w_R
PZA	pncA_K96T		Assoc_w_R
PZA	pncA_L116P		Assoc_w_R_Interim
PZA	pncA_L116R		Assoc_w_R_Interim
PZA	pncA_L116V		Uncertain_significance
PZA	pncA_L120P		Assoc_w_R
PZA	pncA_L120Q		Assoc_w_R_Interim
PZA	pncA_L120R		Assoc_w_R_Interim
PZA	pncA_L151S		Assoc_w_R
PZA	pncA_L151W		Uncertain_significance
PZA	pncA_L156P		Uncertain_significance
PZA	pncA_L159P		Uncertain_significance
PZA	pncA_L159R		Assoc_w_R
PZA	pncA_L159V		Uncertain_significance
PZA	pncA_L172P		Assoc_w_R
PZA	pncA_L172R		Assoc_w_R_Interim
PZA	pncA_L182F		Uncertain_significance
PZA	pncA_L182S		Assoc_w_R
PZA	pncA_L182W		Assoc_w_R_Interim
PZA	pncA_L19P		Assoc_w_R_Interim
PZA	pncA_L27P		Assoc_w_R
PZA	pncA_L27Q		Uncertain_significance
PZA	pncA_L35P		Uncertain_significance
PZA	pncA_L35R		Not_assoc_w_R_Interim
PZA	pncA_L4S		Assoc_w_R
PZA	pncA_L4W		Assoc_w_R
PZA	pncA_L85P		Assoc_w_R
PZA	pncA_L85R		Assoc_w_R
PZA	pncA_M175I		Uncertain_significance
PZA	pncA_M175R		Uncertain_significance
PZA	pncA_M175T		Assoc_w_R_Interim
PZA	pncA_M175V		Assoc_w_R
PZA	pncA_M1I		Uncertain_significance
PZA	pncA_M1R		Uncertain_significance
PZA	pncA_M1T		Assoc_w_R
PZA	pncA_N11H		Uncertain_significance
PZA	pncA_N11S		Uncertain_significance
PZA	pncA_P115L		Uncertain_significance
PZA	pncA_P115S		Uncertain_significance
PZA	pncA_P54A		Uncertain_significance
PZA	pncA_P54L		Assoc_w_R
PZA	pncA_P54Q		Assoc_w_R_Interim
PZA	pncA_P54R		Uncertain_significance
PZA	pncA_P54S		Uncertain_significance
PZA	pncA_P62L		Assoc_w_R
PZA	pncA_P62Q		Uncertain_significance
PZA	pncA_P62R		Uncertain_significance
PZA	pncA_P62S		Assoc_w_R_Interim
PZA	pncA_P62T		Assoc_w_R_Interim
PZA	pncA_P69L		Assoc_w_R
PZA	pncA_P69R		Uncertain_significance
PZA	pncA_P69S		Uncertain_significance
PZA	pncA_P77L		Uncertain_significance
PZA	pncA_Q10!		Assoc_w_R_Interim
PZA	pncA_Q10H		Assoc_w_R_Interim
PZA	pncA_Q10P		Assoc_w_R
PZA	pncA_Q10R		Assoc_w_R
PZA	pncA_Q122!		Assoc_w_R
PZA	pncA_Q141!		Assoc_w_R
PZA	pncA_Q141P		Assoc_w_R
PZA	pncA_R123P		Uncertain_significance
PZA	pncA_R140P		Uncertain_significance
PZA	pncA_R140S		Uncertain_significance
PZA	pncA_R148S		Uncertain_significance
PZA	pncA_R154G		Assoc_w_R
PZA	pncA_R176C		Uncertain_significance
PZA	pncA_R2L		Uncertain_significance
PZA	pncA_R2Q		Uncertain_significance
PZA	pncA_S104G		Uncertain_significance
PZA	pncA_S104I		Assoc_w_R_Interim
PZA	pncA_S104R		Assoc_w_R_Interim
PZA	pncA_S104T		Uncertain_significance
PZA	pncA_S164!		Assoc_w_R_Interim
PZA	pncA_S164P		Assoc_w_R
PZA	pncA_S179I		Uncertain_significance
PZA	pncA_S18!		Assoc_w_R_Interim
PZA	pncA_S18P		Uncertain_significance
PZA	pncA_S32I		Uncertain_significance
PZA	pncA_S59C		Uncertain_significance
PZA	pncA_S59F		Uncertain_significance
PZA	pncA_S59P		Assoc_w_R
PZA	pncA_S65P		Uncertain_significance
PZA	pncA_S66L		Not_assoc_w_R_Interim
PZA	pncA_S66P		Uncertain_significance
PZA	pncA_S67P		Assoc_w_R
PZA	pncA_S67W		Uncertain_significance
PZA	pncA_T100I		Uncertain_significance
PZA	pncA_T100P		Uncertain_significance
PZA	pncA_T114M		Not_assoc_w_R_Interim
PZA	pncA_T114P		Uncertain_significance
PZA	pncA_T135A		Uncertain_significance
PZA	pncA_T135I		Uncertain_significance
PZA	pncA_T135N		Assoc_w_R_Interim
PZA	pncA_T135P		Assoc_w_R
PZA	pncA_T142A		Assoc_w_R
PZA	pncA_T142K		Assoc_w_R_Interim
PZA	pncA_T142M		Assoc_w_R
PZA	pncA_T142P		Uncertain_significance
PZA	pncA_T153P		Uncertain_significance
PZA	pncA_T160A		Uncertain_significance
PZA	pncA_T160P		Assoc_w_R
PZA	pncA_T160R		Uncertain_significance
PZA	pncA_T167I		Uncertain_significance
PZA	pncA_T168I		Not_assoc_w_R_Interim
PZA	pncA_T168P		Assoc_w_R_Interim
PZA	pncA_T177P		Assoc_w_R
PZA	pncA_T47A		Assoc_w_R
PZA	pncA_T47I		Uncertain_significance
PZA	pncA_T47N		Uncertain_significance
PZA	pncA_T47P		Assoc_w_R_Interim
PZA	pncA_T61P		Uncertain_significance
PZA	pncA_T76A		Uncertain_significance
PZA	pncA_T76I		Assoc_w_R_Interim
PZA	pncA_T76P		Assoc_w_R
PZA	pncA_T87M		Not_assoc_w_R_Interim
PZA	pncA_V109G		Uncertain_significance
PZA	pncA_V125F		Assoc_w_R
PZA	pncA_V125G		Assoc_w_R_Interim
PZA	pncA_V125I		Uncertain_significance
PZA	pncA_V128G		Assoc_w_R
PZA	pncA_V128I		Uncertain_significance
PZA	pncA_V130G		Assoc_w_R
PZA	pncA_V131F		Assoc_w_R_Interim
PZA	pncA_V131G		Assoc_w_R_Interim
PZA	pncA_V139A		Assoc_w_R
PZA	pncA_V139G		Assoc_w_R
PZA	pncA_V139L		Assoc_w_R_Interim
PZA	pncA_V139M		Uncertain_significance
PZA	pncA_V155A		Uncertain_significance
PZA	pncA_V155G		Assoc_w_R
PZA	pncA_V155L		Uncertain_significance
PZA	pncA_V155M		Assoc_w_R_Interim
PZA	pncA_V157G		Uncertain_significance
PZA	pncA_V157L		Uncertain_significance
PZA	pncA_V163A		Uncertain_significance
PZA	pncA_V163G		Uncertain_significance
PZA	pncA_V163L		Uncertain_significance
PZA	pncA_V180A		Assoc_w_R_Interim
PZA	pncA_V180F		Assoc_w_R
PZA	pncA_V180G		Assoc_w_R
PZA	pncA_V180L		Uncertain_significance
PZA	pncA_V183L		Uncertain_significance
PZA	pncA_V21A		Not_assoc_w_R_Interim
PZA	pncA_V21G		Assoc_w_R_Interim
PZA	pncA_V44G		Assoc_w_R_Interim
PZA	pncA_V45A		Uncertain_significance
PZA	pncA_V45M		Uncertain_significance
PZA	pncA_V7A		Assoc_w_R
PZA	pncA_V7F		Uncertain_significance
PZA	pncA_V7G		Assoc_w_R
PZA	pncA_V7I		Uncertain_significance
PZA	pncA_V7L		Assoc_w_R
PZA	pncA_V93A		Uncertain_significance
PZA	pncA_V9G		Assoc_w_R_Interim
PZA	pncA_W119!		Assoc_w_R_Interim
PZA	pncA_W119C		Assoc_w_R
PZA	pncA_W119G		Assoc_w_R_Interim
PZA	pncA_W119R		Assoc_w_R_Interim
PZA	pncA_W68!		Assoc_w_R_Interim
PZA	pncA_W68C		Assoc_w_R
PZA	pncA_W68G		Assoc_w_R
PZA	pncA_W68L		Uncertain_significance
PZA	pncA_W68R		Assoc_w_R
PZA	pncA_W68S		Uncertain_significance
PZA	pncA_Y103!		Assoc_w_R
PZA	pncA_Y103C		Assoc_w_R
PZA	pncA_Y103D		Assoc_w_R_Interim
PZA	pncA_Y103H		Assoc_w_R
PZA	pncA_Y103S		Assoc_w_R_Interim
PZA	pncA_Y34!		Assoc_w_R_Interim
PZA	pncA_Y34D		Assoc_w_R
PZA	pncA_Y41!		Assoc_w_R_Interim
PZA	pncA_Y41C		Uncertain_significance
PZA	pncA_Y64!		Assoc_w_R_Interim
PZA	pncA_Y64D		Assoc_w_R_Interim
PZA	pncA_Y95D		Uncertain_significance
PZA	pncA_Y99!		Assoc_w_R_Interim
PZA	pncA_Y99C		Uncertain_significance
PZA	PPE35_A685V		Uncertain_significance
PZA	PPE35_A748E		Uncertain_significance
PZA	PPE35_A748T		Uncertain_significance
PZA	PPE35_A798T		Uncertain_significance
PZA	PPE35_A901V		Uncertain_significance
PZA	PPE35_A971G		Uncertain_significance
PZA	PPE35_E743K		Uncertain_significance
PZA	PPE35_E773K		Uncertain_significance
PZA	PPE35_E818K		Uncertain_significance
PZA	PPE35_E843K		Uncertain_significance
PZA	PPE35_F657L		Uncertain_significance
PZA	PPE35_F657S		Uncertain_significance
PZA	PPE35_F686L		Uncertain_significance
PZA	PPE35_F704L		Uncertain_significance
PZA	PPE35_F714L		Uncertain_significance
PZA	PPE35_F734C		Uncertain_significance
PZA	PPE35_F784L		Uncertain_significance
PZA	PPE35_F809I		Uncertain_significance
PZA	PPE35_F982V		Uncertain_significance
PZA	PPE35_G623S		Uncertain_significance
PZA	PPE35_G624A		Uncertain_significance
PZA	PPE35_G624D		Uncertain_significance
PZA	PPE35_G629R		Uncertain_significance
PZA	PPE35_G678C		Uncertain_significance
PZA	PPE35_G678R		Uncertain_significance
PZA	PPE35_G697S		Uncertain_significance
PZA	PPE35_G727W		Uncertain_significance
PZA	PPE35_G783A		Uncertain_significance
PZA	PPE35_G808A		Uncertain_significance
PZA	PPE35_G808S		Uncertain_significance
PZA	PPE35_G830E		Uncertain_significance
PZA	PPE35_G877D		Uncertain_significance
PZA	PPE35_G884W		Uncertain_significance
PZA	PPE35_G915!		Uncertain_significance
PZA	PPE35_G930R		Uncertain_significance
PZA	PPE35_G932S		Uncertain_significance
PZA	PPE35_G937S		Uncertain_significance
PZA	PPE35_G938R		Uncertain_significance
PZA	PPE35_G949A		Uncertain_significance
PZA	PPE35_G949S		Uncertain_significance
PZA	PPE35_G974S		Uncertain_significance
PZA	PPE35_G979A		Uncertain_significance
PZA	PPE35_I676V		Uncertain_significance
PZA	PPE35_I751V		Uncertain_significance
PZA	PPE35_I841S		Uncertain_significance
PZA	PPE35_I841V		Uncertain_significance
PZA	PPE35_I950T		Uncertain_significance
PZA	PPE35_I973V		Uncertain_significance
PZA	PPE35_L654F		Uncertain_significance
PZA	PPE35_L654S		Uncertain_significance
PZA	PPE35_L759S		Uncertain_significance
PZA	PPE35_L781M		Uncertain_significance
PZA	PPE35_L789R		Uncertain_significance
PZA	PPE35_L864R		Uncertain_significance
PZA	PPE35_L896S		Not_assoc_w_R
PZA	PPE35_L959R		Uncertain_significance
PZA	PPE35_L977R		Uncertain_significance
PZA	PPE35_N718S		Uncertain_significance
PZA	PPE35_N889S		Uncertain_significance
PZA	PPE35_N921S		Uncertain_significance
PZA	PPE35_N935S		Uncertain_significance
PZA	PPE35_P608S		Uncertain_significance
PZA	PPE35_P618L		Uncertain_significance
PZA	PPE35_P642S		Uncertain_significance
PZA	PPE35_P670L		Not_assoc_w_R
PZA	PPE35_P683L		Uncertain_significance
PZA	PPE35_P713L		Uncertain_significance
PZA	PPE35_P717L		Uncertain_significance
PZA	PPE35_P737L		Uncertain_significance
PZA	PPE35_P787L		Uncertain_significance
PZA	PPE35_P803Q		Uncertain_significance
PZA	PPE35_P803S		Uncertain_significance
PZA	PPE35_P822S		Not_assoc_w_R
PZA	PPE35_P823L		Uncertain_significance
PZA	PPE35_P823S		Uncertain_significance
PZA	PPE35_P853L		Uncertain_significance
PZA	PPE35_P872L		Uncertain_significance
PZA	PPE35_P872Q		Uncertain_significance
PZA	PPE35_P885S		Uncertain_significance
PZA	PPE35_Q619R		Uncertain_significance
PZA	PPE35_Q675P		Uncertain_significance
PZA	PPE35_Q722R		Uncertain_significance
PZA	PPE35_Q767!		Uncertain_significance
PZA	PPE35_Q813E		Uncertain_significance
PZA	PPE35_Q813R		Uncertain_significance
PZA	PPE35_Q838!		Uncertain_significance
PZA	PPE35_S616R		Uncertain_significance
PZA	PPE35_S616T		Uncertain_significance
PZA	PPE35_S621G		Uncertain_significance
PZA	PPE35_S626R		Uncertain_significance
PZA	PPE35_S645I		Uncertain_significance
PZA	PPE35_S868R		Uncertain_significance
PZA	PPE35_S914L		Uncertain_significance
PZA	PPE35_S941A		Uncertain_significance
PZA	PPE35_S948I		Uncertain_significance
PZA	PPE35_T601A		Uncertain_significance
PZA	PPE35_T609M		Uncertain_significance
PZA	PPE35_T612A		Uncertain_significance
PZA	PPE35_T612S		Uncertain_significance
PZA	PPE35_T632P		Uncertain_significance
PZA	PPE35_T689A		Uncertain_significance
PZA	PPE35_T712P		Not_assoc_w_R
PZA	PPE35_T741N		Uncertain_significance
PZA	PPE35_T750M		Uncertain_significance
PZA	PPE35_T765I		Uncertain_significance
PZA	PPE35_T765N		Uncertain_significance
PZA	PPE35_T765P		Uncertain_significance
PZA	PPE35_T770R		Uncertain_significance
PZA	PPE35_T820A		Uncertain_significance
PZA	PPE35_T835P		Uncertain_significance
PZA	PPE35_T845A		Uncertain_significance
PZA	PPE35_T845I		Uncertain_significance
PZA	PPE35_T846A		Uncertain_significance
PZA	PPE35_T846M		Uncertain_significance
PZA	PPE35_T860I		Uncertain_significance
PZA	PPE35_T861A		Uncertain_significance
PZA	PPE35_T865A		Uncertain_significance
PZA	PPE35_T865I		Uncertain_significance
PZA	PPE35_T922A		Uncertain_significance
PZA	PPE35_T956I		Uncertain_significance
PZA	PPE35_T986A		Uncertain_significance
PZA	PPE35_V656G		Uncertain_significance
PZA	PPE35_V672A		Uncertain_significance
PZA	PPE35_V672L		Uncertain_significance
PZA	PPE35_V694L		Uncertain_significance
PZA	PPE35_V854A		Uncertain_significance
PZA	PPE35_V854M		Uncertain_significance
PZA	PPE35_V967A		Uncertain_significance
PZA	PPE35_W919!		Uncertain_significance
PZA	PPE35_Y887!		Uncertain_significance
PZA	Rv1258c_A113V		Uncertain_significance
PZA	Rv1258c_A123V		Uncertain_significance
PZA	Rv1258c_A135T		Uncertain_significance
PZA	Rv1258c_A148T		Uncertain_significance
PZA	Rv1258c_A166T		Uncertain_significance
PZA	Rv1258c_A178V		Uncertain_significance
PZA	Rv1258c_A187T		Uncertain_significance
PZA	Rv1258c_A196G		Uncertain_significance
PZA	Rv1258c_A19V		Uncertain_significance
PZA	Rv1258c_A237V		Uncertain_significance
PZA	Rv1258c_A266V		Uncertain_significance
PZA	Rv1258c_A275V		Uncertain_significance
PZA	Rv1258c_A29E		Uncertain_significance
PZA	Rv1258c_A301T		Uncertain_significance
PZA	Rv1258c_A340T		Uncertain_significance
PZA	Rv1258c_A358T		Uncertain_significance
PZA	Rv1258c_A367G		Uncertain_significance
PZA	Rv1258c_A367T		Uncertain_significance
PZA	Rv1258c_A367V		Uncertain_significance
PZA	Rv1258c_A373V		Uncertain_significance
PZA	Rv1258c_A374P		Uncertain_significance
PZA	Rv1258c_A374V		Uncertain_significance
PZA	Rv1258c_A378V		Uncertain_significance
PZA	Rv1258c_A394T		Uncertain_significance
PZA	Rv1258c_A399V		Uncertain_significance
PZA	Rv1258c_A418D		Uncertain_significance
PZA	Rv1258c_A41G		Uncertain_significance
PZA	Rv1258c_A65T		Uncertain_significance
PZA	Rv1258c_A78T		Uncertain_significance
PZA	Rv1258c_A80V		Uncertain_significance
PZA	Rv1258c_D23V		Uncertain_significance
PZA	Rv1258c_D404N		Uncertain_significance
PZA	Rv1258c_D67N		Uncertain_significance
PZA	Rv1258c_E194D		Uncertain_significance
PZA	Rv1258c_E214K		Uncertain_significance
PZA	Rv1258c_E243A		Not_assoc_w_R
PZA	Rv1258c_E38A		Uncertain_significance
PZA	Rv1258c_E38K		Uncertain_significance
PZA	Rv1258c_E402A		Uncertain_significance
PZA	Rv1258c_F218V		Uncertain_significance
PZA	Rv1258c_G229R		Uncertain_significance
PZA	Rv1258c_G24C		Uncertain_significance
PZA	Rv1258c_G360D		Uncertain_significance
PZA	Rv1258c_G360S		Uncertain_significance
PZA	Rv1258c_G363V		Uncertain_significance
PZA	Rv1258c_G375R		Uncertain_significance
PZA	Rv1258c_G391R		Uncertain_significance
PZA	Rv1258c_G97D		Uncertain_significance
PZA	Rv1258c_H254R		Uncertain_significance
PZA	Rv1258c_I314T		Uncertain_significance
PZA	Rv1258c_L109F		Uncertain_significance
PZA	Rv1258c_L17P		Uncertain_significance
PZA	Rv1258c_L240P		Uncertain_significance
PZA	Rv1258c_L240R		Uncertain_significance
PZA	Rv1258c_L296V		Uncertain_significance
PZA	Rv1258c_L370P		Uncertain_significance
PZA	Rv1258c_L397P		Uncertain_significance
PZA	Rv1258c_L397V		Uncertain_significance
PZA	Rv1258c_M121I		Uncertain_significance
PZA	Rv1258c_M121V		Uncertain_significance
PZA	Rv1258c_M127R		Uncertain_significance
PZA	Rv1258c_M18T		Uncertain_significance
PZA	Rv1258c_M1I		Uncertain_significance
PZA	Rv1258c_M230T		Uncertain_significance
PZA	Rv1258c_M242I		Uncertain_significance
PZA	Rv1258c_M242T		Uncertain_significance
PZA	Rv1258c_M291R		Uncertain_significance
PZA	Rv1258c_M315I		Uncertain_significance
PZA	Rv1258c_N151D		Uncertain_significance
PZA	Rv1258c_N3K		Uncertain_significance
PZA	Rv1258c_P129R		Uncertain_significance
PZA	Rv1258c_P241S		Uncertain_significance
PZA	Rv1258c_P248T		Uncertain_significance
PZA	Rv1258c_P257L		Uncertain_significance
PZA	Rv1258c_P330Q		Uncertain_significance
PZA	Rv1258c_P330S		Uncertain_significance
PZA	Rv1258c_P361S		Uncertain_significance
PZA	Rv1258c_P369T		Uncertain_significance
PZA	Rv1258c_P414S		Not_assoc_w_R
PZA	Rv1258c_P54L		Uncertain_significance
PZA	Rv1258c_P54S		Uncertain_significance
PZA	Rv1258c_P90H		Uncertain_significance
PZA	Rv1258c_P90L		Uncertain_significance
PZA	Rv1258c_Q206L		Uncertain_significance
PZA	Rv1258c_Q255H		Uncertain_significance
PZA	Rv1258c_Q329!		Uncertain_significance
PZA	Rv1258c_Q337P		Uncertain_significance
PZA	Rv1258c_Q43H		Uncertain_significance
PZA	Rv1258c_R204Q		Uncertain_significance
PZA	Rv1258c_R396W		Uncertain_significance
PZA	Rv1258c_R401H		Uncertain_significance
PZA	Rv1258c_R71H		Uncertain_significance
PZA	Rv1258c_S126!		Uncertain_significance
PZA	Rv1258c_S184P		Uncertain_significance
PZA	Rv1258c_S40N		Uncertain_significance
PZA	Rv1258c_S49R		Uncertain_significance
PZA	Rv1258c_S4T		Uncertain_significance
PZA	Rv1258c_T167A		Uncertain_significance
PZA	Rv1258c_T167M		Uncertain_significance
PZA	Rv1258c_T16M		Uncertain_significance
PZA	Rv1258c_T173I		Uncertain_significance
PZA	Rv1258c_T173P		Uncertain_significance
PZA	Rv1258c_T234I		Uncertain_significance
PZA	Rv1258c_T290I		Uncertain_significance
PZA	Rv1258c_T297I		Uncertain_significance
PZA	Rv1258c_T338A		Uncertain_significance
PZA	Rv1258c_T371I		Uncertain_significance
PZA	Rv1258c_T379K		Uncertain_significance
PZA	Rv1258c_T390S		Uncertain_significance
PZA	Rv1258c_T59R		Uncertain_significance
PZA	Rv1258c_T64S		Uncertain_significance
PZA	Rv1258c_V209A		Uncertain_significance
PZA	Rv1258c_V219A		Uncertain_significance
PZA	Rv1258c_V224A		Uncertain_significance
PZA	Rv1258c_V245M		Uncertain_significance
PZA	Rv1258c_V280L		Uncertain_significance
PZA	Rv1258c_V285I		Uncertain_significance
PZA	Rv1258c_V304A		Uncertain_significance
PZA	Rv1258c_V320A		Uncertain_significance
PZA	Rv1258c_V335M		Uncertain_significance
PZA	Rv1258c_V66I		Uncertain_significance
PZA	Rv1258c_V74A		Uncertain_significance
PZA	Rv1258c_W220!		Uncertain_significance
PZA	Rv1258c_W94!		Uncertain_significance
PZA	Rv1258c_Y250C		Uncertain_significance
PZA	Rv1258c_Y250H		Uncertain_significance
PZA	Rv3236c_A105G		Uncertain_significance
PZA	Rv3236c_A105T		Uncertain_significance
PZA	Rv3236c_A107V		Uncertain_significance
PZA	Rv3236c_A117P		Uncertain_significance
PZA	Rv3236c_A122V		Uncertain_significance
PZA	Rv3236c_A150V		Uncertain_significance
PZA	Rv3236c_A161T		Uncertain_significance
PZA	Rv3236c_A16V		Uncertain_significance
PZA	Rv3236c_A195V		Uncertain_significance
PZA	Rv3236c_A198E		Uncertain_significance
PZA	Rv3236c_A238V		Uncertain_significance
PZA	Rv3236c_A244V		Uncertain_significance
PZA	Rv3236c_A329G		Uncertain_significance
PZA	Rv3236c_A357V		Uncertain_significance
PZA	Rv3236c_A370T		Not_assoc_w_R
PZA	Rv3236c_A383T		Uncertain_significance
PZA	Rv3236c_A383V		Uncertain_significance
PZA	Rv3236c_A39S		Uncertain_significance
PZA	Rv3236c_A52S		Uncertain_significance
PZA	Rv3236c_D114E		Uncertain_significance
PZA	Rv3236c_D257G		Uncertain_significance
PZA	Rv3236c_D268H		Uncertain_significance
PZA	Rv3236c_D283G		Uncertain_significance
PZA	Rv3236c_E335G		Uncertain_significance
PZA	Rv3236c_F274L		Uncertain_significance
PZA	Rv3236c_F311S		Uncertain_significance
PZA	Rv3236c_F336L		Uncertain_significance
PZA	Rv3236c_F360L		Uncertain_significance
PZA	Rv3236c_G115D		Uncertain_significance
PZA	Rv3236c_G123R		Uncertain_significance
PZA	Rv3236c_G243S		Uncertain_significance
PZA	Rv3236c_G253R		Uncertain_significance
PZA	Rv3236c_G285E		Uncertain_significance
PZA	Rv3236c_G309W		Uncertain_significance
PZA	Rv3236c_G327A		Uncertain_significance
PZA	Rv3236c_G334E		Uncertain_significance
PZA	Rv3236c_G350E		Uncertain_significance
PZA	Rv3236c_G375S		Uncertain_significance
PZA	Rv3236c_G376V		Uncertain_significance
PZA	Rv3236c_G47C		Uncertain_significance
PZA	Rv3236c_G61D		Uncertain_significance
PZA	Rv3236c_G61S		Uncertain_significance
PZA	Rv3236c_G74A		Uncertain_significance
PZA	Rv3236c_H237R		Uncertain_significance
PZA	Rv3236c_I225V		Uncertain_significance
PZA	Rv3236c_I340V		Uncertain_significance
PZA	Rv3236c_I341V		Uncertain_significance
PZA	Rv3236c_I58M		Uncertain_significance
PZA	Rv3236c_I64M		Uncertain_significance
PZA	Rv3236c_L110F		Uncertain_significance
PZA	Rv3236c_L140R		Uncertain_significance
PZA	Rv3236c_L172R		Uncertain_significance
PZA	Rv3236c_L18F		Uncertain_significance
PZA	Rv3236c_L249F		Uncertain_significance
PZA	Rv3236c_L369V		Uncertain_significance
PZA	Rv3236c_L69F		Uncertain_significance
PZA	Rv3236c_L8S		Uncertain_significance
PZA	Rv3236c_L8!		Uncertain_significance
PZA	Rv3236c_M290I		Uncertain_significance
PZA	Rv3236c_M310T		Uncertain_significance
PZA	Rv3236c_N45H		Uncertain_significance
PZA	Rv3236c_P103L		Uncertain_significance
PZA	Rv3236c_P349L		Uncertain_significance
PZA	Rv3236c_P34Q		Uncertain_significance
PZA	Rv3236c_P91A		Uncertain_significance
PZA	Rv3236c_P91S		Uncertain_significance
PZA	Rv3236c_R135W		Uncertain_significance
PZA	Rv3236c_R141G		Uncertain_significance
PZA	Rv3236c_R141H		Uncertain_significance
PZA	Rv3236c_R142Q		Uncertain_significance
PZA	Rv3236c_R146W		Uncertain_significance
PZA	Rv3236c_R201C		Uncertain_significance
PZA	Rv3236c_R201H		Uncertain_significance
PZA	Rv3236c_R258Q		Uncertain_significance
PZA	Rv3236c_R27!		Uncertain_significance
PZA	Rv3236c_R314G		Uncertain_significance
PZA	Rv3236c_R314Q		Uncertain_significance
PZA	Rv3236c_R315Q		Uncertain_significance
PZA	Rv3236c_R321C		Uncertain_significance
PZA	Rv3236c_R325H		Uncertain_significance
PZA	Rv3236c_R333W		Uncertain_significance
PZA	Rv3236c_R5K		Uncertain_significance
PZA	Rv3236c_R87G		Uncertain_significance
PZA	Rv3236c_S130T		Uncertain_significance
PZA	Rv3236c_S235L		Uncertain_significance
PZA	Rv3236c_S281P		Uncertain_significance
PZA	Rv3236c_S84R		Uncertain_significance
PZA	Rv3236c_S85N		Uncertain_significance
PZA	Rv3236c_T102A		Not_assoc_w_R
PZA	Rv3236c_T125A		Uncertain_significance
PZA	Rv3236c_T174P		Uncertain_significance
PZA	Rv3236c_T211P		Uncertain_significance
PZA	Rv3236c_T250M		Uncertain_significance
PZA	Rv3236c_T252S		Uncertain_significance
PZA	Rv3236c_T328S		Uncertain_significance
PZA	Rv3236c_T60A		Uncertain_significance
PZA	Rv3236c_V106A		Uncertain_significance
PZA	Rv3236c_V151A		Not_assoc_w_R
PZA	Rv3236c_V151M		Uncertain_significance
PZA	Rv3236c_V182G		Uncertain_significance
PZA	Rv3236c_V1M		Uncertain_significance
PZA	Rv3236c_V222A		Uncertain_significance
PZA	Rv3236c_V262M		Uncertain_significance
PZA	Rv3236c_V293A		Uncertain_significance
PZA	Rv3236c_V300I		Uncertain_significance
PZA	Rv3236c_V365I		Uncertain_significance
PZA	Rv3236c_V67L		Uncertain_significance
PZA	Rv3236c_V98I		Uncertain_significance
PZA	Rv3236c_Y126H		Uncertain_significance
PZA	Rv1258c_1125_ins_1_t_tc	1406216	Uncertain_significance
PZA	Rv1258c_926_del_5663_ggcaggaacgcgatgaccatcgatgccaaacccagggtaagaaccgcggt_gtcg	1406415	Uncertain_significance
PZA	Rv1258c_763_del_6693_ggtggtcggtgaagtatttcgggaacagcacgctctccatcggcagatac_g	1406578	Uncertain_significance
PZA	Rv1258c_753_del_1_ga_g	1406588	Uncertain_significance
PZA	Rv1258c_741_ins_1_g_ga	1406600	Uncertain_significance
PZA	Rv1258c_581_ins_1_tc_tgc	1406760	Uncertain_significance
PZA	Rv1258c_581_ins_1_t_tg	1406760	Not_assoc_w_R
PZA	Rv1258c_521_del_2_attg_at	1406820	Uncertain_significance
PZA	Rv1258c_506_del_121_ccaaccgtcgcgatcatcaagccaccgatggccgggccgacaataaaggc_c	1406835	Uncertain_significance
PZA	Rv1258c_373_del_1_ca_c	1406968	Uncertain_significance
PZA	Rv1258c_354_del_1_cgggccgaaggc_ctggccgtatt	1406987	Uncertain_significance
PZA	Rv1258c_297_del_3_gtcgc_gt	1407044	Uncertain_significance
PZA	Rv1258c_272_del_1_ag_a	1407069	Uncertain_significance
PZA	Rv1258c_272_ins_1_a_ag	1407069	Uncertain_significance
PZA	Rv1258c_262_del_1_cg_c	1407079	Not_assoc_w_R
PZA	Rv1258c_231_ins_1_c_ca	1407110	Uncertain_significance
PZA	Rv1258c_151_del_28_tcgcactggccacgatcgaggcctgccca_t	1407190	Uncertain_significance
PZA	Rv1258c_113_del_10_tcgcgctgcaacac_tcac	1407228	Uncertain_significance
PZA	Rv1258c_113_del_10_tcgcgctgcaa_t	1407228	Uncertain_significance
PZA	Rv1258c_15_del_1_gt_g	1407326	Uncertain_significance
PZA	Rv1258c_c-8t_(udgB_4)	1407348	Uncertain_significance
PZA	Rv1258c_t-16a_(udgB_6)	1407356	Uncertain_significance
PZA	Rv1258c_g-22c_(udgB_8)	1407362	Uncertain_significance
PZA	Rv1258c_c-23t_(udgB_9)	1407363	Uncertain_significance
PZA	Rv1258c_g-30a_(udgB_11)	1407370	Uncertain_significance
PZA	Rv1258c_-35_del_1_tg_t_(udgB_37)	1407375	Uncertain_significance
PZA	Rv1258c_c-36t_(udgB_13)	1407376	Uncertain_significance
PZA	Rv1258c_g-45t_(udgB_16)	1407385	Uncertain_significance
PZA	Rv1258c_-55_del_9_cgctgccgca_c_(udgB_57)	1407395	Uncertain_significance
PZA	Rv1258c_g-67a_(udgB_23)	1407407	Uncertain_significance
PZA	PPE35_2788_del_34_cggctagcagcccaacaggacttgtgttgaaccaa_c	2167825	Uncertain_significance
PZA	PPE35_2737_ins_1_c_cg	2167876	Uncertain_significance
PZA	PPE35_2646_ins_1_t_tg	2167967	Uncertain_significance
PZA	PPE35_2568_del_1_ca_c	2168045	Uncertain_significance
PZA	PPE35_2538_del_2_cgt_c	2168075	Uncertain_significance
PZA	PPE35_2438_del_5_tgagga_t	2168175	Uncertain_significance
PZA	PPE35_2388_del_150_ggtggtaatcgccgggatgctgagctgcggcagcgtaaacccacccagcg_g	2168225	Uncertain_significance
PZA	PPE35_2202_ins_1_g_ga	2168411	Uncertain_significance
PZA	PPE35_2152_del_6_tggggag_t	2168461	Uncertain_significance
PZA	PPE35_2143_del_21_tgaagggggtgacgttgattgc_t	2168470	Uncertain_significance
PZA	PPE35_2135_ins_1_g_gt	2168478	Uncertain_significance
PZA	PPE35_2052_del_1_ag_a	2168561	Uncertain_significance
PZA	PPE35_2022_del_1_cg_c	2168591	Uncertain_significance
PZA	PPE35_g-11a	2170623	Uncertain_significance
PZA	PPE35_c-17t	2170629	Uncertain_significance
PZA	PPE35_c-28t	2170640	Uncertain_significance
PZA	PPE35_a-35g	2170647	Uncertain_significance
PZA	PPE35_-38_del_3_aagg_a	2170650	Uncertain_significance
PZA	PPE35_g-45a	2170657	Uncertain_significance
PZA	PPE35_-46_del_2_acg_a	2170658	Uncertain_significance
PZA	PPE35_g-57a	2170669	Uncertain_significance
PZA	PPE35_g-63c	2170675	Uncertain_significance
PZA	PPE35_g-65a	2170677	Uncertain_significance
PZA	PPE35_g-69a	2170681	Uncertain_significance
PZA	PPE35_t-80g	2170692	Uncertain_significance
PZA	PPE35_c-81t	2170693	Uncertain_significance
PZA	PPE35_c-89t	2170701	Uncertain_significance
PZA	PPE35_t-99c	2170711	Uncertain_significance
PZA	PPE35_a-108g	2170720	Uncertain_significance
PZA	PPE35_g-110a	2170722	Uncertain_significance
PZA	PPE35_t-112c	2170724	Uncertain_significance
PZA	PPE35_t-112g	2170724	Uncertain_significance
PZA	PPE35_g-114a	2170726	Uncertain_significance
PZA	PPE35_c-119t	2170731	Uncertain_significance
PZA	PPE35_a-126g	2170738	Uncertain_significance
PZA	PPE35_g-130t	2170742	Uncertain_significance
PZA	pncA_560_del_163_caggagctgcaaaccaactcgacgctggcggtgcgcatctcctccagcgc_c	2288682	Assoc_w_R_Interim
PZA	pncA_539_del_6_acgctgg_a	2288703	Assoc_w_R_Interim
PZA	pncA_533_del_1_gc_g	2288709	Assoc_w_R_Interim
PZA	pncA_533_ins_1_gcggtgcgcatctcctccagcgcggcgacggtgg_gcggtgcgcatctcctcccagcgcggcgacggtgg	2288709	Assoc_w_R
PZA	pncA_533_ins_2_gcggtgcgcatctcctccagcgcggcgacggtgg_gcggtgcgcatctcctccagcgcgcggcgacggtgg	2288709	Assoc_w_R_Interim
PZA	pncA_533_ins_2_gcggtgcgcatctcctccagcgcggcgacggtgg_gcggtgcgcgcatctcctccagcgcggcgacggtgg	2288709	Assoc_w_R_Interim
PZA	pncA_529_ins_2_t_tgc	2288713	Assoc_w_R_Interim
PZA	pncA_524_ins_1_a_at	2288718	Assoc_w_R_Interim
PZA	pncA_518_ins_1_t_tc	2288724	Assoc_w_R
PZA	pncA_516_del_1_ca_c	2288726	Assoc_w_R_Interim
PZA	pncA_514_del_36_gcgcggcgacggtggtatcggccgacacacccgctgt_g	2288728	Assoc_w_R_Interim
PZA	pncA_495_del_3_ggcc_g	2288747	Assoc_w_R_Interim
PZA	pncA_493_del_1237_ccgacacacccgctgtcaggtccaccagcaccctggtggccaagccattg_c	2288749	Assoc_w_R_Interim
PZA	pncA_491_del_1_ga_g	2288751	Assoc_w_R_Interim
PZA	pncA_487_ins_1_c_ca	2288755	Assoc_w_R_Interim
PZA	pncA_484_del_2_ccg_c	2288758	Assoc_w_R_Interim
PZA	pncA_481_del_1_ct_c	2288761	Assoc_w_R_Interim
PZA	pncA_477_del_1_ca_c	2288765	Assoc_w_R_Interim
PZA	pncA_476_ins_1_a_ag	2288766	Assoc_w_R_Interim
PZA	pncA_473_ins_1_t_tc	2288769	Assoc_w_R_Interim
PZA	pncA_471_ins_1_c_ca	2288771	Assoc_w_R_Interim
PZA	pncA_471_ins_1_c_ct	2288771	Assoc_w_R_Interim
PZA	pncA_467_del_8_agcaccctggtggccaa_agtggccaa	2288775	Assoc_w_R_Interim
PZA	pncA_467_ins_1_agcaccctggtggccaa_agcaccctggtgggccaa	2288775	Assoc_w_R
PZA	pncA_466_ins_3_g_gcac	2288776	Assoc_w_R_Interim
PZA	pncA_465_del_13_caccctggtggcca_c	2288777	Assoc_w_R_Interim
PZA	pncA_465_del_1_ca_c	2288777	Assoc_w_R_Interim
PZA	pncA_465_ins_1_c_ca	2288777	Assoc_w_R
PZA	pncA_464_del_1_ac_a	2288778	Assoc_w_R_Interim
PZA	pncA_464_del_321_accctggtggccaagccattgcgtaccgcgtcctcggccgtctggcgcac_a	2288778	Assoc_w_R_Interim
PZA	pncA_464_ins_1_a_ac	2288778	Assoc_w_R_Interim
PZA	pncA_464_ins_2_a_acc	2288778	Assoc_w_R_Interim
PZA	pncA_461_ins_1_c_ct	2288781	Assoc_w_R_Interim
PZA	pncA_459_del_1_ggt_gg	2288783	Assoc_w_R_Interim
PZA	pncA_458_del_1_gt_g	2288784	Assoc_w_R_Interim
PZA	pncA_458_del_1_gtg_gt	2288784	Assoc_w_R_Interim
PZA	pncA_457_ins_1_t_tg	2288785	Assoc_w_R_Interim
PZA	pncA_457_ins_2_t_tgg	2288785	Assoc_w_R_Interim
PZA	pncA_454_del_8_ccaagccattgcgtaccgcgtcctcggccgtctggcg_ctgcgtaccgcgtcctcggccgtctggct	2288788	Assoc_w_R_Interim
PZA	pncA_450_ins_1_g_gc	2288792	Assoc_w_R_Interim
PZA	pncA_449_ins_2_c_cca	2288793	Assoc_w_R_Interim
PZA	pncA_448_ins_1_c_ca	2288794	Assoc_w_R_Interim
PZA	pncA_429_ins_10_g_ggccgtctggc	2288813	Assoc_w_R_Interim
PZA	pncA_423_del_1_ct_c	2288819	Assoc_w_R_Interim
PZA	pncA_418_ins_1_gcacacaatgat_gcacacaatgatt	2288824	Assoc_w_R_Interim
PZA	pncA_418_ins_1_g_gc	2288824	Assoc_w_R_Interim
PZA	pncA_409_ins_1_g_ga	2288833	Assoc_w_R_Interim
PZA	pncA_408_ins_1_a_at	2288834	Assoc_w_R_Interim
PZA	pncA_407_del_12_tcggtggcaatac_t	2288835	Assoc_w_R_Interim
PZA	pncA_407_del_1_tcg_tg	2288835	Assoc_w_R_Interim
PZA	pncA_406_del_1_cg_c	2288836	Assoc_w_R_Interim
PZA	pncA_400_del_119_caataccgaccacatcgacctcatcgacgccgcgttgccgcagccaattc_c	2288842	Assoc_w_R_Interim
PZA	pncA_400_del_1_ca_c	2288842	Assoc_w_R_Interim
PZA	pncA_398_del_15_ataccgaccacatcgacctcatcgacgccgcgttgccgca_ataccgaccacgccgcgttgccgca	2288844	Assoc_w_R_Interim
PZA	pncA_398_del_1_ataccgaccacatcgacctcatcgacgccgcgttgccgca_ataccgacccatcgacctcatcgacgccgcgttgccgca	2288844	Assoc_w_R_Interim
PZA	pncA_398_del_9_ataccgaccacatcgacctcatcgacgccgcgttgccgca_ataccgacctcatcgacgccgcgttgccgca	2288844	Assoc_w_R_Interim
PZA	pncA_398_ins_2_ataccgaccacatcgacctcatcgacgccgcgttgccgca_ataccgaccccacatcgacctcatcgacgccgcgttgccgca	2288844	Assoc_w_R_Interim
PZA	pncA_395_del_9_ccgaccacat_c	2288847	Assoc_w_R
PZA	pncA_394_ins_1_c_ca	2288848	Assoc_w_R_Interim
PZA	pncA_394_ins_1_c_cg	2288848	Assoc_w_R_Interim
PZA	pncA_392_ins_1_a_ac	2288850	Assoc_w_R
PZA	pncA_392_ins_2_a_acc	2288850	Assoc_w_R
PZA	pncA_391_del_14_ccacatcgacctcat_c	2288851	Assoc_w_R_Interim
PZA	pncA_391_del_1_cca_cc	2288851	Assoc_w_R_Interim
PZA	pncA_391_del_4_ccacat_cc	2288851	Assoc_w_R_Interim
PZA	pncA_391_del_7_ccacatcgacc_cccc	2288851	Assoc_w_R_Interim
PZA	pncA_390_del_15_cacatcgacctcatcg_c	2288852	Assoc_w_R_Interim
PZA	pncA_390_del_16_cacatcgacctcatcga_c	2288852	Assoc_w_R_Interim
PZA	pncA_390_del_1_ca_c	2288852	Assoc_w_R_Interim
PZA	pncA_390_del_4_cacat_c	2288852	Assoc_w_R
PZA	pncA_390_ins_1_c_ct	2288852	Assoc_w_R_Interim
PZA	pncA_390_ins_2_c_ccc	2288852	Assoc_w_R_Interim
PZA	pncA_389_del_9_acatcgacct_a	2288853	Assoc_w_R
PZA	pncA_382_ins_2_c_cct	2288860	Assoc_w_R_Interim
PZA	pncA_356_ins_1_c_ca	2288886	Assoc_w_R_Interim
PZA	pncA_350_del_1232_agcagtggcgtgccgttctcgtcgactccttcgaagccgctgtacgctcc_a	2288892	Assoc_w_R_Interim
PZA	pncA_350_ins_1_a_ag	2288892	Assoc_w_R_Interim
PZA	pncA_344_del_1_ggc_gg	2288898	Assoc_w_R_Interim
PZA	pncA_336_del_1_gt_g	2288906	Assoc_w_R_Interim
PZA	pncA_327_del_12_gactccttcgaagccg_gact	2288915	Assoc_w_R_Interim
PZA	pncA_324_del_12_tccttcgaagccg_t	2288918	Assoc_w_R_Interim
PZA	pncA_319_del_1_cga_cg	2288923	Assoc_w_R_Interim
PZA	pncA_318_del_1_ga_g	2288924	Assoc_w_R
PZA	pncA_315_del_12_gccgctgtacgct_g	2288927	Assoc_w_R_Interim
PZA	pncA_315_ins_1_g_gc	2288927	Assoc_w_R_Interim
PZA	pncA_310_del_4_tgtac_t	2288932	Assoc_w_R_Interim
PZA	pncA_306_del_1_cg_c	2288936	Assoc_w_R_Interim
PZA	pncA_294_del_1_ggcaccct_ggcccct	2288948	Assoc_w_R_Interim
PZA	pncA_294_ins_1_ggcaccct_ggcacccta	2288948	Assoc_w_R_Interim
PZA	pncA_291_del_1_ac_a	2288951	Assoc_w_R_Interim
PZA	pncA_288_del_1_ct_c	2288954	Assoc_w_R_Interim
PZA	pncA_288_ins_33_c_caccccgtccacgatgacattcgagatcgccagg	2288954	Assoc_w_R_Interim
PZA	pncA_287_ins_1_t_ta	2288955	Assoc_w_R_Interim
PZA	pncA_278_ins_12_a_accgcctcgattg	2288964	Assoc_w_R_Interim
PZA	pncA_261_del_1_cgt_cg	2288981	Assoc_w_R_Interim
PZA	pncA_260_ins_14_g_gtgtccagactggga	2288982	Assoc_w_R_Interim
PZA	pncA_253_del_2_gactgggatggaa_gagggatggaa	2288989	Assoc_w_R_Interim
PZA	pncA_252_del_1_ac_a	2288990	Assoc_w_R_Interim
PZA	pncA_250_del_1_tg_t	2288992	Assoc_w_R_Interim
PZA	pncA_250_ins_1_t_tg	2288992	Assoc_w_R_Interim
PZA	pncA_247_ins_5_g_gatgga	2288995	Assoc_w_R_Interim
PZA	pncA_234_del_1_gc_g	2289008	Assoc_w_R_Interim
PZA	pncA_234_ins_1_g_gc	2289008	Assoc_w_R_Interim
PZA	pncA_232_del_12_cgggagtaccgct_c	2289010	Assoc_w_R_Interim
PZA	pncA_232_del_1_cg_c	2289010	Assoc_w_R_Interim
PZA	pncA_220_ins_1_t_tg	2289022	Assoc_w_R_Interim
PZA	pncA_218_ins_35_acgc_acgccactcgggggcggcgcccccgagggtgggggtagc	2289024	Assoc_w_R_Interim
PZA	pncA_201_del_12_cgacgaggaatagt_ct	2289041	Assoc_w_R_Interim
PZA	pncA_201_del_6_cgacgaggaatagtccggtgtgccg_cgacgaggaatagtccggt	2289041	Assoc_w_R_Interim
PZA	pncA_198_del_3_cgag_c	2289044	Assoc_w_R_Interim
PZA	pncA_196_ins_1_agga_aagat	2289046	Assoc_w_R_Interim
PZA	pncA_193_del_10_aatagtccggtg_aa	2289049	Assoc_w_R_Interim
PZA	pncA_193_del_11_aatagtccggtgt_aa	2289049	Assoc_w_R_Interim
PZA	pncA_193_ins_1_a_at	2289049	Assoc_w_R_Interim
PZA	pncA_192_del_11_atagtccggtgt_a	2289050	Assoc_w_R_Interim
PZA	pncA_190_del_845_agtccggtgtgccggagaagtggtcacccgggtcgatgtggaagtccttg_a	2289052	Assoc_w_R_Interim
PZA	pncA_186_ins_1_c_ct	2289056	Assoc_w_R_Interim
PZA	pncA_186_ins_2_c_ccc	2289056	Assoc_w_R_Interim
PZA	pncA_185_ins_9_g_gaatagtccg	2289057	Assoc_w_R_Interim
PZA	pncA_170_del_1_tg_t	2289072	Assoc_w_R_Interim
PZA	pncA_170_del_4_tggtc_t	2289072	Assoc_w_R_Interim
PZA	pncA_170_del_9_tggtcacccg_t	2289072	Assoc_w_R_Interim
PZA	pncA_169_del_1_ggt_gg	2289073	Assoc_w_R_Interim
PZA	pncA_166_del_1_cac_ca	2289076	Assoc_w_R_Interim
PZA	pncA_166_del_3_caccc_ca	2289076	Assoc_w_R_Interim
PZA	pncA_162_ins_1_c_cg	2289080	Assoc_w_R_Interim
PZA	pncA_156_del_11_gatgtggaagtc_g	2289086	Assoc_w_R_Interim
PZA	pncA_153_ins_1_g_gt	2289089	Assoc_w_R_Interim
PZA	pncA_135_del_1_ca_c	2289107	Assoc_w_R_Interim
PZA	pncA_133_del_17_cgacgtgatggtagtccg_c	2289109	Assoc_w_R_Interim
PZA	pncA_128_del_2_tga_t	2289114	Assoc_w_R_Interim
PZA	pncA_117_ins_1_c_cg	2289125	Assoc_w_R_Interim
PZA	pncA_116_ins_1_g_gc	2289126	Assoc_w_R_Interim
PZA	pncA_108_ins_8_g_ggccaggta	2289134	Assoc_w_R_Interim
PZA	pncA_93_del_2_gat_g	2289149	Assoc_w_R_Interim
PZA	pncA_86_del_1_cg_c	2289156	Assoc_w_R_Interim
PZA	pncA_81_ins_1_c_ca	2289161	Assoc_w_R_Interim
PZA	pncA_76_ins_1_c_cg	2289166	Assoc_w_R_Interim
PZA	pncA_75_del_27_ggcgccaccggttaccgccagcgagcca_g	2289167	Assoc_w_R_Interim
PZA	pncA_72_del_1_gc_g	2289170	Assoc_w_R_Interim
PZA	pncA_67_ins_1_c_cg	2289175	Assoc_w_R_Interim
PZA	pncA_65_del_1_gt_g	2289177	Assoc_w_R_Interim
PZA	pncA_63_del_1_ta_t	2289179	Assoc_w_R_Interim
PZA	pncA_60_ins_1_c_cg	2289182	Assoc_w_R_Interim
PZA	pncA_59_del_11_gccagcgagccac_gc	2289183	Assoc_w_R_Interim
PZA	pncA_59_ins_1_g_gc	2289183	Assoc_w_R_Interim
PZA	pncA_51_ins_1_g_gc	2289191	Assoc_w_R_Interim
PZA	pncA_48_ins_1_a_ac	2289194	Assoc_w_R_Interim
PZA	pncA_45_del_10_ctcgcagaagt_c	2289197	Assoc_w_R_Interim
PZA	pncA_43_ins_1_c_cg	2289199	Assoc_w_R_Interim
PZA	pncA_38_ins_4_a_aagtc	2289204	Assoc_w_R_Interim
PZA	pncA_37_ins_27_a_acgacttctgcgagggtggctcgctggc	2289205	Assoc_w_R_Interim
PZA	pncA_35_ins_1_t_tc	2289207	Assoc_w_R_Interim
PZA	pncA_23_ins_1_t_tc	2289219	Assoc_w_R_Interim
PZA	pncA_21_del_1_ga_g	2289221	Assoc_w_R_Interim
PZA	pncA_20_del_3_acgatgatc_atgatg	2289222	Assoc_w_R_Interim
PZA	pncA_18_ins_1_g_ga	2289224	Assoc_w_R_Interim
PZA	pncA_17_del_9_atgatcaacgc_at	2289225	Assoc_w_R_Interim
PZA	pncA_8_del_1_gc_g	2289234	Assoc_w_R_Interim
PZA	pncA_-2_ins_1_c_cg	2289243	Not_assoc_w_R_Interim
PZA	pncA_-3_del_1_gtc_gt	2289244	Assoc_w_R_Interim
PZA	pncA_c-3t	2289244	Uncertain_significance
PZA	pncA_-4_del_1_tc_t	2289245	Assoc_w_R
PZA	pncA_g-6c	2289247	Uncertain_significance
PZA	pncA_t-7c	2289248	Assoc_w_R_Interim
PZA	pncA_t-7g	2289248	Uncertain_significance
PZA	pncA_g-9a	2289250	Uncertain_significance
PZA	pncA_t-10c	2289251	Uncertain_significance
PZA	pncA_a-11c	2289252	Assoc_w_R
PZA	pncA_a-11g	2289252	Assoc_w_R
PZA	pncA_a-11t	2289252	Assoc_w_R_Interim
PZA	pncA_t-12c	2289253	Assoc_w_R_Interim
PZA	pncA_a-15c	2289256	Uncertain_significance
PZA	pncA_c-19t	2289260	Uncertain_significance
PZA	pncA_g-21a	2289262	Uncertain_significance
PZA	pncA_-29_ins_1_c_cg	2289270	Uncertain_significance
PZA	pncA_-32_ins_1_g_gc	2289273	Uncertain_significance
PZA	pncA_g-33a	2289274	Not_assoc_w_R_Interim
PZA	pncA_t-60g_(Rv2044c_100)	2289301	Not_assoc_w_R_Interim
PZA	Rv3236c_1004_del_1_tc_t	3612113	Uncertain_significance
PZA	Rv3236c_1004_ins_1_t_tc	3612113	Uncertain_significance
PZA	Rv3236c_766_del_1_cg_c	3612351	Uncertain_significance
PZA	Rv3236c_707_del_2_agc_a	3612410	Uncertain_significance
PZA	Rv3236c_689_ins_3_g_gcca	3612428	Uncertain_significance
PZA	Rv3236c_652_del_1_at_a	3612465	Uncertain_significance
PZA	Rv3236c_371_del_1_ac_a	3612746	Uncertain_significance
PZA	Rv3236c_t-18c_(Rv3237c_157)	3613134	Uncertain_significance
PZA	Rv3236c_g-23a_(Rv3237c_155)	3613139	Uncertain_significance
PZA	Rv3236c_g-32a_(Rv3237c_152)	3613148	Uncertain_significance
PZA	Rv3236c_g-34c_(Rv3237c_152)	3613150	Uncertain_significance
PZA	Rv3236c_c-35t_(Rv3237c_151)	3613151	Uncertain_significance
PZA	Rv3236c_c-44t_(Rv3237c_148)	3613160	Uncertain_significance
PZA	Rv3236c_c-56a_(Rv3237c_144)	3613172	Uncertain_significance
PZA	Rv3236c_t-57a_(Rv3237c_144)	3613173	Uncertain_significance
PZA	Rv3236c_a-58c_(Rv3237c_144)	3613174	Uncertain_significance
PZA	Rv3236c_t-66g_(Rv3237c_141)	3613182	Uncertain_significance
PZA	Rv3236c_c-68t_(Rv3237c_140)	3613184	Uncertain_significance
PZA	Rv3236c_c-105t_(Rv3237c_128)	3613221	Uncertain_significance
PZA	Rv3236c_g-124a_(Rv3237c_122)	3613240	Uncertain_significance
PZA	Rv3236c_g-128a_(Rv3237c_120)	3613244	Uncertain_significance
PZA	Rv3236c_t-129c_(Rv3237c_120)	3613245	Uncertain_significance
PZA	Rv3236c_g-139t_(Rv3237c_117)	3613255	Uncertain_significance
PZA	Rv3236c_c-149g_(Rv3237c_113)	3613265	Uncertain_significance
PZA	Rv3236c_c-149t_(Rv3237c_113)	3613265	Uncertain_significance
PZA	Rv3236c_g-150a_(Rv3237c_113)	3613266	Uncertain_significance
PZA	Rv3236c_c-153t_(Rv3237c_112)	3613269	Uncertain_significance
PZA	Rv3236c_t-167c_(Rv3237c_107)	3613283	Uncertain_significance
PZA	Rv3236c_c-169t_(Rv3237c_107)	3613285	Uncertain_significance
PZA	Rv3236c_c-170g_(Rv3237c_106)	3613286	Uncertain_significance
PZA	Rv3236c_g-175t_(Rv3237c_105)	3613291	Uncertain_significance
PZA	Rv3236c_c-183a_(Rv3237c_102)	3613299	Uncertain_significance
PZA	Rv3236c_c-183t_(Rv3237c_102)	3613299	Uncertain_significance
PZA	Rv3236c_g-185c_(Rv3237c_101)	3613301	Uncertain_significance
PZA	Rv3236c_g-186a_(Rv3237c_101)	3613302	Uncertain_significance
PZA	Rv3236c_g-191t_(Rv3237c_99)	3613307	Uncertain_significance
PZA	Rv3236c_g-193a_(Rv3237c_99)	3613309	Uncertain_significance
PZA	Rv3236c_t-195g_(Rv3237c_98)	3613311	Uncertain_significance
PZA	Rv3236c_g-204t_(Rv3237c_95)	3613320	Uncertain_significance
PZA	Rv3236c_-210_del_5_cggatgt_cg_(Rv3237c_278)	3613326	Uncertain_significance
PZA	Rv3236c_c-211g_(Rv3237c_93)	3613327	Uncertain_significance
PZA	Rv3236c_t-224c_(Rv3237c_88)	3613340	Uncertain_significance
PZA	Rv3236c_t-224g_(Rv3237c_88)	3613340	Uncertain_significance
PZA	Rv3236c_g-238t_(Rv3237c_84)	3613354	Uncertain_significance
PZA	Rv3236c_g-242a_(Rv3237c_82)	3613358	Uncertain_significance
PZA	Rv3236c_c-250g_(Rv3237c_80)	3613366	Uncertain_significance
PZA	Rv3236c_g-251t_(Rv3237c_79)	3613367	Uncertain_significance
PZA	Rv3236c_c-261t_(Rv3237c_76)	3613377	Uncertain_significance
PZA	Rv3236c_t-263c_(Rv3237c_75)	3613379	Uncertain_significance
PZA	Rv3236c_a-270g_(Rv3237c_73)	3613386	Uncertain_significance
PZA	Rv3236c_g-329a_(Rv3237c_53)	3613445	Uncertain_significance
PZA	Rv3236c_g-349a_(Rv3237c_47)	3613465	Uncertain_significance
PZA	Rv3236c_g-353a_(Rv3237c_45)	3613469	Uncertain_significance
PZA	Rv3236c_c-362t_(Rv3237c_42)	3613478	Uncertain_significance
PZA	Rv3236c_c-365g_(Rv3237c_41)	3613481	Uncertain_significance
PZA	Rv3236c_g-371a_(Rv3237c_39)	3613487	Uncertain_significance
PZA	Rv3236c_t-372a_(Rv3237c_39)	3613488	Uncertain_significance
PZA	Rv3236c_g-376a_(Rv3237c_38)	3613492	Uncertain_significance
PZA	Rv3236c_c-389a_(Rv3237c_33)	3613505	Uncertain_significance
PZA	Rv3236c_c-397t_(Rv3237c_31)	3613513	Uncertain_significance
PZA	Rv3236c_c-413t_(Rv3237c_25)	3613529	Uncertain_significance
PZA	Rv3236c_c-425t_(Rv3237c_21)	3613541	Uncertain_significance
PZA	Rv3236c_c-448t_(Rv3237c_14)	3613564	Uncertain_significance
PZA	Rv3236c_t-450g_(Rv3237c_13)	3613566	Uncertain_significance
PZA	Rv3236c_g-455a_(Rv3237c_11)	3613571	Uncertain_significance
PZA	Rv3236c_-456_del_1_ac_a_(Rv3237c_32)	3613572	Uncertain_significance
PZA	Rv3236c_-456_ins_1_a_ac_(Rv3237c_32)	3613572	Uncertain_significance
PZA	Rv3236c_g-457a_(Rv3237c_11)	3613573	Uncertain_significance
PZA	Rv3236c_g-475a_(Rv3237c_5)	3613591	Uncertain_significance
PZA	Rv3236c_-479_del_6_gacgtcc_g_(Rv3237c_9)	3613595	Uncertain_significance
PZA	Rv3236c_g-484a_(Rv3237c_2)	3613600	Uncertain_significance
PZA	Rv3236c_c-489t_(Rv3237c_c-2t)	3613605	Uncertain_significance
PZA	Rv3236c_c-490t_(Rv3237c_c-3t)	3613606	Uncertain_significance
PZA	Rv3236c_a-509g_(Rv3237c_a-22g)	3613625	Uncertain_significance
PZA	Rv3236c_c-512t_(Rv3237c_c-25t)	3613628	Uncertain_significance
PZA	Rv3236c_a-520g_(Rv3237c_a-33g)	3613636	Not_assoc_w_R
PZA	clpC1_g-7t	4040711	Uncertain_significance
PZA	clpC1_a-15g	4040719	Uncertain_significance
PZA	clpC1_g-24t	4040728	Uncertain_significance
PZA	clpC1_g-46c	4040750	Uncertain_significance
PZA	clpC1_g-49a	4040753	Uncertain_significance
PZA	clpC1_c-50t	4040754	Uncertain_significance
PZA	clpC1_c-66t	4040770	Uncertain_significance
PZA	clpC1_c-71t	4040775	Uncertain_significance
PZA	clpC1_g-82a	4040786	Uncertain_significance
PZA	clpC1_c-86g	4040790	Uncertain_significance
PZA	clpC1_c-98g	4040802	Uncertain_significance
PZA	clpC1_c-98t	4040802	Uncertain_significance
PZA	clpC1_g-105a	4040809	Uncertain_significance
PZA	clpC1_c-107g	4040811	Uncertain_significance
PZA	panD_404_del_1_cg_c	4043878	Uncertain_significance
PZA	panD_354_del_1_gc_g	4043928	Uncertain_significance
PZA	panD_t-1853c_(Rv3603c_t-16c)	4046134	Uncertain_significance
PZA	panD_c-1854t_(Rv3603c_c-17t)	4046135	Uncertain_significance
PZA	panD_c-1855a_(Rv3603c_c-18a)	4046136	Uncertain_significance
PZA	panD_a-1856g_(Rv3603c_a-19g)	4046137	Uncertain_significance
PZA	panD_a-1858c_(Rv3603c_a-21c)	4046139	Uncertain_significance
PZA	panD_a-1864g_(Rv3603c_a-27g)	4046145	Uncertain_significance
PZA	panD_c-1880a_(Rv3603c_c-43a)	4046161	Uncertain_significance
PZA	panD_c-1880t_(Rv3603c_c-43t)	4046161	Uncertain_significance
PZA	panD_g-1889t_(Rv3603c_g-52t)	4046170	Uncertain_significance
PZA	panD_c-1892t_(Rv3603c_c-55t)	4046173	Uncertain_significance
PZA	panD_-1894_del_6_cggtcacc_cg_(Rv3603c_cggtcacc-57cg)	4046175	Uncertain_significance
PZA	panD_g-1894a_(Rv3603c_g-57a)	4046175	Uncertain_significance
PZA	panD_c-1895a_(Rv3603c_c-58a)	4046176	Uncertain_significance
PZA	panD_c-1904t_(Rv3603c_c-67t)	4046185	Uncertain_significance
PZA	panD_a-1918c_(Rv3603c_a-81c)	4046199	Uncertain_significance
PZA	panD_g-1920a_(Rv3603c_g-83a)	4046201	Uncertain_significance
PZA	panD_t-1921a_(Rv3603c_t-84a)	4046202	Uncertain_significance
PZA	panD_c-1923t_(Rv3603c_c-86t)	4046204	Uncertain_significance
PZA	panD_t-1929c_(Rv3603c_t-92c)	4046210	Uncertain_significance
PZA	panD_-1936_del_1_cg_c_(Rv3603c_cg-99c)	4046217	Uncertain_significance
PZA	panD_c-1937t_(Rv3603c_c-100t)	4046218	Not_assoc_w_R
PZA	panD_c-1938g	4046219	Uncertain_significance
PZA	panD_c-1940t	4046221	Uncertain_significance
PZA	panD_g-1946c	4046227	Uncertain_significance
PZA	panD_a-1947c	4046228	Uncertain_significance
