ETH	ethA_A112G		Uncertain_significance
ETH	ethA_a-11g		combo
ETH	inhA_t-770a		combo
ETH	ethA_A12V		Uncertain_significance
ETH	ethA_A152V		Uncertain_significance
ETH	ethA_A185V		Uncertain_significance
ETH	ethA_A187E		Uncertain_significance
ETH	ethA_A187V		Uncertain_significance
ETH	ethA_A19V		Uncertain_significance
ETH	ethA_A20D		Uncertain_significance
ETH	ethA_A20P		Uncertain_significance
ETH	ethA_A20S		Uncertain_significance
ETH	ethA_A20V		Uncertain_significance
ETH	ethA_A222T		Uncertain_significance
ETH	ethA_A222V		Uncertain_significance
ETH	ethA_A234D		Uncertain_significance
ETH	ethA_A247P		Uncertain_significance
ETH	ethA_A304V		Uncertain_significance
ETH	ethA_A322V		Uncertain_significance
ETH	ethA_A335D		Uncertain_significance
ETH	ethA_A33G		Uncertain_significance
ETH	ethA_A33P		Uncertain_significance
ETH	ethA_A341E		Uncertain_significance
ETH	ethA_A341V		Assoc_w_R_Interim
ETH	ethA_A352E		Uncertain_significance
ETH	ethA_A354G		Uncertain_significance
ETH	ethA_A381P		combo
ETH	inhA_c-777t		combo
ETH	ethA_A381P		combo
ETH	inhA_g-779t		combo
ETH	ethA_A381P		Uncertain_significance
ETH	ethA_A389D		Uncertain_significance
ETH	ethA_A395D		Uncertain_significance
ETH	ethA_A481T		Uncertain_significance
ETH	ethA_A74E		Uncertain_significance
ETH	ethA_A74P		Uncertain_significance
ETH	ethA_A74V		Uncertain_significance
ETH	ethA_A76D		Uncertain_significance
ETH	ethA_A89E		Uncertain_significance
ETH	ethA_C131!		Assoc_w_R_Interim
ETH	ethA_C131R		Uncertain_significance
ETH	ethA_C137G		Uncertain_significance
ETH	ethA_C137R		Uncertain_significance
ETH	ethA_C137Y		Uncertain_significance
ETH	ethA_C253!		Assoc_w_R_Interim
ETH	ethA_C253F		Uncertain_significance
ETH	ethA_C253R		Uncertain_significance
ETH	ethA_C253W		Uncertain_significance
ETH	ethA_C27Y		Uncertain_significance
ETH	ethA_C294!		Assoc_w_R_Interim
ETH	ethA_C294W		Uncertain_significance
ETH	ethA_C294Y		Uncertain_significance
ETH	ethA_C403G		Uncertain_significance
ETH	ethA_C403R		Uncertain_significance
ETH	ethA_C403W		Uncertain_significance
ETH	ethA_C403Y		Uncertain_significance
ETH	ethA_D144G		Uncertain_significance
ETH	ethA_D144N		Uncertain_significance
ETH	ethA_D174G		Uncertain_significance
ETH	ethA_D196E		Uncertain_significance
ETH	ethA_D219E		Uncertain_significance
ETH	ethA_D219G		Uncertain_significance
ETH	ethA_D290E		Uncertain_significance
ETH	ethA_D336E		Uncertain_significance
ETH	ethA_D396G		Uncertain_significance
ETH	ethA_D396N		Uncertain_significance
ETH	ethA_D410H		Uncertain_significance
ETH	ethA_D444G		Uncertain_significance
ETH	ethA_D464G		Uncertain_significance
ETH	ethA_D46N		Uncertain_significance
ETH	ethA_D56A		Uncertain_significance
ETH	ethA_D56G		Uncertain_significance
ETH	ethA_D58A		Uncertain_significance
ETH	ethA_D58G		Uncertain_significance
ETH	ethA_D77G		Uncertain_significance
ETH	ethA_E113Q		Uncertain_significance
ETH	ethA_E132!		Assoc_w_R_Interim
ETH	ethA_E311D		Uncertain_significance
ETH	ethA_E332!		Assoc_w_R_Interim
ETH	ethA_E36K		Uncertain_significance
ETH	ethA_E36Q		Uncertain_significance
ETH	ethA_E400K		Uncertain_significance
ETH	ethA_E433D		Uncertain_significance
ETH	ethA_E476!		Assoc_w_R_Interim
ETH	ethA_E476Q		Uncertain_significance
ETH	ethA_F133S		Uncertain_significance
ETH	ethA_F151L		Uncertain_significance
ETH	ethA_F157S		Uncertain_significance
ETH	ethA_F264L		Uncertain_significance
ETH	ethA_F264S		Uncertain_significance
ETH	ethA_F282L		Uncertain_significance
ETH	ethA_F282V		Uncertain_significance
ETH	ethA_F302S		Uncertain_significance
ETH	ethA_F302V		Uncertain_significance
ETH	ethA_F320S		Uncertain_significance
ETH	ethA_F414L		Uncertain_significance
ETH	ethA_F431L		Uncertain_significance
ETH	ethA_F48S		Uncertain_significance
ETH	ethA_F64C		Uncertain_significance
ETH	ethA_F64L		Uncertain_significance
ETH	ethA_F66L		Uncertain_significance
ETH	ethA_G11D		Uncertain_significance
ETH	ethA_G11V		Assoc_w_R_Interim
ETH	ethA_G124D		Uncertain_significance
ETH	ethA_G124V		Uncertain_significance
ETH	ethA_G139A		Uncertain_significance
ETH	ethA_G139D		Uncertain_significance
ETH	ethA_G139S		Uncertain_significance
ETH	ethA_G13E		Uncertain_significance
ETH	ethA_G13R		Uncertain_significance
ETH	ethA_G16D		Uncertain_significance
ETH	ethA_G182A		Uncertain_significance
ETH	ethA_G182C		Uncertain_significance
ETH	ethA_G182D		Uncertain_significance
ETH	ethA_G182S		Uncertain_significance
ETH	ethA_G184D		Uncertain_significance
ETH	ethA_G275E		Uncertain_significance
ETH	ethA_G324A		Uncertain_significance
ETH	ethA_G324R		Uncertain_significance
ETH	ethA_G343E		Uncertain_significance
ETH	ethA_G343R		Uncertain_significance
ETH	ethA_G343V		Uncertain_significance
ETH	ethA_G350C		Uncertain_significance
ETH	ethA_G351V		Uncertain_significance
ETH	ethA_G371C		Uncertain_significance
ETH	ethA_G371V		Uncertain_significance
ETH	ethA_G413D		Uncertain_significance
ETH	ethA_G423R		Uncertain_significance
ETH	ethA_G423V		Uncertain_significance
ETH	ethA_G42D		Uncertain_significance
ETH	ethA_G42S		Uncertain_significance
ETH	ethA_G42V		Uncertain_significance
ETH	ethA_G43A		Uncertain_significance
ETH	ethA_G43C		Uncertain_significance
ETH	ethA_G43D		Uncertain_significance
ETH	ethA_G43S		Uncertain_significance
ETH	ethA_G43V		Uncertain_significance
ETH	ethA_G450C		Uncertain_significance
ETH	ethA_G450S		Uncertain_significance
ETH	ethA_G471R		Uncertain_significance
ETH	ethA_G471V		Uncertain_significance
ETH	ethA_G477D		Uncertain_significance
ETH	ethA_G488V		Uncertain_significance
ETH	ethA_G63D		Uncertain_significance
ETH	ethA_G63V		Uncertain_significance
ETH	ethA_G78D		Uncertain_significance
ETH	ethA_G78S		Uncertain_significance
ETH	ethA_G93R		Uncertain_significance
ETH	ethA_H102P		Uncertain_significance
ETH	ethA_H119P		Uncertain_significance
ETH	ethA_H163D		Uncertain_significance
ETH	ethA_H166P		Uncertain_significance
ETH	ethA_H201P		Uncertain_significance
ETH	ethA_H22D		Uncertain_significance
ETH	ethA_H22P		Uncertain_significance
ETH	ethA_H22R		Uncertain_significance
ETH	ethA_H22Y		Uncertain_significance
ETH	ethA_H281P		Uncertain_significance
ETH	ethA_H281Q		Uncertain_significance
ETH	ethA_H281R		Uncertain_significance
ETH	ethA_H285P		Uncertain_significance
ETH	ethA_H307P		Uncertain_significance
ETH	ethA_H307Q		Uncertain_significance
ETH	ethA_H4N		Uncertain_significance
ETH	ethA_I105L		Uncertain_significance
ETH	ethA_I120N		Uncertain_significance
ETH	ethA_I120V		Uncertain_significance
ETH	ethA_I161S		Uncertain_significance
ETH	ethA_I161V		Uncertain_significance
ETH	ethA_I178V		Uncertain_significance
ETH	ethA_I181S		Uncertain_significance
ETH	ethA_I212M		Uncertain_significance
ETH	ethA_I305S		Uncertain_significance
ETH	ethA_I337V		Uncertain_significance
ETH	ethA_I338M		Uncertain_significance
ETH	ethA_I338S		Uncertain_significance
ETH	ethA_I339S		Uncertain_significance
ETH	ethA_I34M		Uncertain_significance
ETH	ethA_I34S		Uncertain_significance
ETH	ethA_I34T		Uncertain_significance
ETH	ethA_I356T		Uncertain_significance
ETH	ethA_I377K		Uncertain_significance
ETH	ethA_I473S		Uncertain_significance
ETH	ethA_I81T		Uncertain_significance
ETH	ethA_I94S		Uncertain_significance
ETH	ethA_I98V		Uncertain_significance
ETH	ethA_I9S		Uncertain_significance
ETH	ethA_I9T		Uncertain_significance
ETH	ethA_K200R		Uncertain_significance
ETH	ethA_K394!		Assoc_w_R_Interim
ETH	ethA_K394T		Uncertain_significance
ETH	ethA_K86!		Assoc_w_R_Interim
ETH	ethA_L126F		Uncertain_significance
ETH	ethA_L129R		Uncertain_significance
ETH	ethA_L134H		Uncertain_significance
ETH	ethA_L134P		Uncertain_significance
ETH	ethA_L134R		Uncertain_significance
ETH	ethA_L136R		Uncertain_significance
ETH	ethA_L171F		Uncertain_significance
ETH	ethA_L190F		Uncertain_significance
ETH	ethA_L190P		Uncertain_significance
ETH	ethA_L194P		Uncertain_significance
ETH	ethA_L194R		Uncertain_significance
ETH	ethA_L205P		Uncertain_significance
ETH	ethA_L205R		Uncertain_significance
ETH	ethA_L225H		Uncertain_significance
ETH	ethA_L225P		Uncertain_significance
ETH	ethA_L225R		Uncertain_significance
ETH	ethA_L229P		Uncertain_significance
ETH	ethA_L23P		Uncertain_significance
ETH	ethA_L23R		Uncertain_significance
ETH	ethA_L244P		Uncertain_significance
ETH	ethA_L293!		Assoc_w_R_Interim
ETH	ethA_L295W		Uncertain_significance
ETH	ethA_L344S		Uncertain_significance
ETH	ethA_L348F		Uncertain_significance
ETH	ethA_L35P		Uncertain_significance
ETH	ethA_L35R		Uncertain_significance
ETH	ethA_L35V		Uncertain_significance
ETH	ethA_L374F		Uncertain_significance
ETH	ethA_L374H		Uncertain_significance
ETH	ethA_L374R		Uncertain_significance
ETH	ethA_L393P		Uncertain_significance
ETH	ethA_L393R		Uncertain_significance
ETH	ethA_L397P		Uncertain_significance
ETH	ethA_L397R		Uncertain_significance
ETH	ethA_L405S		Uncertain_significance
ETH	ethA_L406S		Uncertain_significance
ETH	ethA_L440P		Uncertain_significance
ETH	ethA_L478R		Uncertain_significance
ETH	ethA_L47S		Uncertain_significance
ETH	ethA_L62P		Uncertain_significance
ETH	ethA_L62R		Uncertain_significance
ETH	ethA_L82R		Uncertain_significance
ETH	ethA_M1I		Uncertain_significance
ETH	ethA_M1L		Uncertain_significance
ETH	ethA_M1R		Assoc_w_R
ETH	ethA_M1T		Assoc_w_R_Interim
ETH	ethA_M204T		Uncertain_significance
ETH	ethA_M204V		Uncertain_significance
ETH	ethA_M233I		Uncertain_significance
ETH	ethA_M233V		Uncertain_significance
ETH	ethA_M260I		Uncertain_significance
ETH	ethA_M263T		Uncertain_significance
ETH	ethA_M372R		Uncertain_significance
ETH	ethA_M373T		Uncertain_significance
ETH	ethA_M380I		Uncertain_significance
ETH	ethA_M409T		Uncertain_significance
ETH	ethA_M41R		Uncertain_significance
ETH	ethA_M59I		Uncertain_significance
ETH	ethA_M59R		Uncertain_significance
ETH	ethA_M59T		Uncertain_significance
ETH	ethA_N287K		Uncertain_significance
ETH	ethA_N298T		Uncertain_significance
ETH	ethA_N345K		combo
ETH	inhA_c-777t		combo
ETH	ethA_N345K		combo
ETH	inhA_g-154a		combo
ETH	ethA_N345K		combo
ETH	inhA_S94A		combo
ETH	inhA_c-777t		combo
ETH	ethA_N345K		Uncertain_significance
ETH	ethA_N379D		Uncertain_significance
ETH	ethA_N379H		Uncertain_significance
ETH	ethA_N379K		Uncertain_significance
ETH	ethA_N379S		Uncertain_significance
ETH	ethA_P149L		Uncertain_significance
ETH	ethA_P160S		Uncertain_significance
ETH	ethA_P160T		Uncertain_significance
ETH	ethA_P164L		Uncertain_significance
ETH	ethA_P164Q		Uncertain_significance
ETH	ethA_P192L		Uncertain_significance
ETH	ethA_P192S		Uncertain_significance
ETH	ethA_P192T		Uncertain_significance
ETH	ethA_P230L		Uncertain_significance
ETH	ethA_P230Q		Uncertain_significance
ETH	ethA_P257L		Uncertain_significance
ETH	ethA_P257Q		Uncertain_significance
ETH	ethA_P257R		Uncertain_significance
ETH	ethA_P257S		Uncertain_significance
ETH	ethA_P257T		Uncertain_significance
ETH	ethA_P273L		Uncertain_significance
ETH	ethA_P273R		Uncertain_significance
ETH	ethA_P273S		Uncertain_significance
ETH	ethA_P284A		Uncertain_significance
ETH	ethA_P288S		Uncertain_significance
ETH	ethA_P334A		Uncertain_significance
ETH	ethA_P378L		Assoc_w_R_Interim
ETH	ethA_P422L		Uncertain_significance
ETH	ethA_P436A		Uncertain_significance
ETH	ethA_P436L		Uncertain_significance
ETH	ethA_P447L		Uncertain_significance
ETH	ethA_P447S		Uncertain_significance
ETH	ethA_P454L		Uncertain_significance
ETH	ethA_P454S		Uncertain_significance
ETH	ethA_P51H		Uncertain_significance
ETH	ethA_P51L		Uncertain_significance
ETH	ethA_P51R		Uncertain_significance
ETH	ethA_P68L		Uncertain_significance
ETH	ethA_Q121!		Assoc_w_R_Interim
ETH	ethA_Q165!		Assoc_w_R_Interim
ETH	ethA_Q165E		Uncertain_significance
ETH	ethA_Q165H		Uncertain_significance
ETH	ethA_Q165P		Uncertain_significance
ETH	ethA_Q165R		Uncertain_significance
ETH	ethA_Q206!		Assoc_w_R_Interim
ETH	ethA_Q206P		Uncertain_significance
ETH	ethA_Q215!		Assoc_w_R_Interim
ETH	ethA_Q246!		Assoc_w_R_Interim
ETH	ethA_Q246P		Uncertain_significance
ETH	ethA_Q24!		Assoc_w_R_Interim
ETH	ethA_Q254!		Assoc_w_R_Interim
ETH	ethA_Q254P		Uncertain_significance
ETH	ethA_Q269!		Assoc_w_R_Interim
ETH	ethA_Q271!		Assoc_w_R_Interim
ETH	ethA_Q271H		Uncertain_significance
ETH	ethA_Q271P		Uncertain_significance
ETH	ethA_Q291P		Uncertain_significance
ETH	ethA_Q347!		Assoc_w_R_Interim
ETH	ethA_Q359!		Assoc_w_R_Interim
ETH	ethA_Q360!		Assoc_w_R_Interim
ETH	ethA_Q73!		Assoc_w_R_Interim
ETH	ethA_R115C		Uncertain_significance
ETH	ethA_R207C		Uncertain_significance
ETH	ethA_R207G		Assoc_w_R
ETH	ethA_R207S		Uncertain_significance
ETH	ethA_R218W		Uncertain_significance
ETH	ethA_R239G		Uncertain_significance
ETH	ethA_R239W		Uncertain_significance
ETH	ethA_R261W		Uncertain_significance
ETH	ethA_R270H		Uncertain_significance
ETH	ethA_R279!		Assoc_w_R_Interim
ETH	ethA_R303P		Uncertain_significance
ETH	ethA_R326L		Uncertain_significance
ETH	ethA_R326Q		Uncertain_significance
ETH	ethA_R404L		Uncertain_significance
ETH	ethA_R421!		Assoc_w_R_Interim
ETH	ethA_R441C		Uncertain_significance
ETH	ethA_R441P		Uncertain_significance
ETH	ethA_R452G		Uncertain_significance
ETH	ethA_R456C		Uncertain_significance
ETH	ethA_R466W		Uncertain_significance
ETH	ethA_R469W		Uncertain_significance
ETH	ethA_R479P		Uncertain_significance
ETH	ethA_R54C		Uncertain_significance
ETH	ethA_R54H		Uncertain_significance
ETH	ethA_R54L		Uncertain_significance
ETH	ethA_R65P		Uncertain_significance
ETH	ethA_R67H		Uncertain_significance
ETH	ethA_R96K		Uncertain_significance
ETH	ethA_S138I		Uncertain_significance
ETH	ethA_S138R		Uncertain_significance
ETH	ethA_S15C		Uncertain_significance
ETH	ethA_S183G		Uncertain_significance
ETH	ethA_S183R		Uncertain_significance
ETH	ethA_S197!		Assoc_w_R_Interim
ETH	ethA_S208A		Uncertain_significance
ETH	ethA_S208L		Uncertain_significance
ETH	ethA_S208P		Uncertain_significance
ETH	ethA_S251R		Uncertain_significance
ETH	ethA_S266R		combo
ETH	inhA_c-777t		combo
ETH	ethA_S266R		Uncertain_significance
ETH	ethA_S329P		Uncertain_significance
ETH	ethA_S375Y		Uncertain_significance
ETH	ethA_S390F		Assoc_w_R_Interim
ETH	ethA_S390Y		Uncertain_significance
ETH	ethA_S399!		Assoc_w_R_Interim
ETH	ethA_S399L		Uncertain_significance
ETH	ethA_S424L		Uncertain_significance
ETH	ethA_S55A		Uncertain_significance
ETH	ethA_S55C		Uncertain_significance
ETH	ethA_S55P		Uncertain_significance
ETH	ethA_S57P		Uncertain_significance
ETH	ethA_S57Y		Assoc_w_R_Interim
ETH	ethA_T117P		Uncertain_significance
ETH	ethA_T125M		Uncertain_significance
ETH	ethA_T186P		Uncertain_significance
ETH	ethA_T189M		Uncertain_significance
ETH	ethA_T203P		Uncertain_significance
ETH	ethA_T210N		Uncertain_significance
ETH	ethA_T232A		Uncertain_significance
ETH	ethA_T2A		Uncertain_significance
ETH	ethA_T314A		Uncertain_significance
ETH	ethA_T314I		Uncertain_significance
ETH	ethA_T321P		Uncertain_significance
ETH	ethA_T340I		Uncertain_significance
ETH	ethA_T342A		Uncertain_significance
ETH	ethA_T342K		Uncertain_significance
ETH	ethA_T342M		Uncertain_significance
ETH	ethA_T353M		Uncertain_significance
ETH	ethA_T355P		Uncertain_significance
ETH	ethA_T365M		Uncertain_significance
ETH	ethA_T366P		Uncertain_significance
ETH	ethA_T383P		Uncertain_significance
ETH	ethA_T392A		Uncertain_significance
ETH	ethA_T392P		Uncertain_significance
ETH	ethA_T392R		Uncertain_significance
ETH	ethA_T435I		Uncertain_significance
ETH	ethA_T44A		Uncertain_significance
ETH	ethA_T44I		Uncertain_significance
ETH	ethA_T44P		Uncertain_significance
ETH	ethA_T453I		Uncertain_significance
ETH	ethA_T453R		Uncertain_significance
ETH	ethA_T453S		Uncertain_significance
ETH	ethA_T61K		Uncertain_significance
ETH	ethA_T61M		Uncertain_significance
ETH	ethA_T61R		Uncertain_significance
ETH	ethA_T70S		Uncertain_significance
ETH	ethA_T88I		Assoc_w_R_Interim
ETH	ethA_T88P		Uncertain_significance
ETH	ethA_V10G		Uncertain_significance
ETH	ethA_V118F		Uncertain_significance
ETH	ethA_V118G		Uncertain_significance
ETH	ethA_V179G		Uncertain_significance
ETH	ethA_V17A		Uncertain_significance
ETH	ethA_V188I		Uncertain_significance
ETH	ethA_V191M		Uncertain_significance
ETH	ethA_V202G		Uncertain_significance
ETH	ethA_V238G		Uncertain_significance
ETH	ethA_V238I		Uncertain_significance
ETH	ethA_V243A		Uncertain_significance
ETH	ethA_V243G		Uncertain_significance
ETH	ethA_V249A		Uncertain_significance
ETH	ethA_V296M		Uncertain_significance
ETH	ethA_V310I		Uncertain_significance
ETH	ethA_V384G		Uncertain_significance
ETH	ethA_V402F		Uncertain_significance
ETH	ethA_V417E		Uncertain_significance
ETH	ethA_V419I		Uncertain_significance
ETH	ethA_V426F		Uncertain_significance
ETH	ethA_V489F		Uncertain_significance
ETH	ethA_V7A		Uncertain_significance
ETH	ethA_W109!		Assoc_w_R_Interim
ETH	ethA_W109C		Uncertain_significance
ETH	ethA_W116!		Assoc_w_R_Interim
ETH	ethA_W116C		Uncertain_significance
ETH	ethA_W167C		Uncertain_significance
ETH	ethA_W167R		Uncertain_significance
ETH	ethA_W167S		Uncertain_significance
ETH	ethA_W21!		Assoc_w_R_Interim
ETH	ethA_W21G		Uncertain_significance
ETH	ethA_W21L		Uncertain_significance
ETH	ethA_W21R		Uncertain_significance
ETH	ethA_W228!		Assoc_w_R_Interim
ETH	ethA_W240!		Assoc_w_R_Interim
ETH	ethA_W240R		Uncertain_significance
ETH	ethA_W256!		Assoc_w_R_Interim
ETH	ethA_W256G		Uncertain_significance
ETH	ethA_W289!		Assoc_w_R_Interim
ETH	ethA_W289R		Uncertain_significance
ETH	ethA_W391!		Assoc_w_R_Interim
ETH	ethA_W391C		Uncertain_significance
ETH	ethA_W391R		Uncertain_significance
ETH	ethA_W455!		Assoc_w_R_Interim
ETH	ethA_W455R		Uncertain_significance
ETH	ethA_W45!		Assoc_w_R_Interim
ETH	ethA_W45L		Uncertain_significance
ETH	ethA_W69!		Assoc_w_R_Interim
ETH	ethA_W69L		Uncertain_significance
ETH	ethA_W69R		Uncertain_significance
ETH	ethA_W69S		Uncertain_significance
ETH	ethA_Y140!		Assoc_w_R_Interim
ETH	ethA_Y141C		Uncertain_significance
ETH	ethA_Y143!		Assoc_w_R_Interim
ETH	ethA_Y147!		Assoc_w_R_Interim
ETH	ethA_Y147S		Uncertain_significance
ETH	ethA_Y211!		Assoc_w_R_Interim
ETH	ethA_Y211C		Uncertain_significance
ETH	ethA_Y211D		Uncertain_significance
ETH	ethA_Y211H		Uncertain_significance
ETH	ethA_Y211S		Uncertain_significance
ETH	ethA_Y235H		Uncertain_significance
ETH	ethA_Y250!		Assoc_w_R_Interim
ETH	ethA_Y250N		Uncertain_significance
ETH	ethA_Y276!		Assoc_w_R_Interim
ETH	ethA_Y276C		Uncertain_significance
ETH	ethA_Y276H		Uncertain_significance
ETH	ethA_Y286C		Uncertain_significance
ETH	ethA_Y32D		Assoc_w_R_Interim
ETH	ethA_Y369C		Uncertain_significance
ETH	ethA_Y369D		Uncertain_significance
ETH	ethA_Y382N		Uncertain_significance
ETH	ethA_Y386!		Assoc_w_R_Interim
ETH	ethA_Y386C		Uncertain_significance
ETH	ethA_Y386S		Uncertain_significance
ETH	ethA_Y408!		Assoc_w_R_Interim
ETH	ethA_Y438!		Assoc_w_R_Interim
ETH	ethA_Y461!		Assoc_w_R_Interim
ETH	ethA_Y461C		Uncertain_significance
ETH	ethA_Y461D		Uncertain_significance
ETH	ethA_Y50C		Uncertain_significance
ETH	ethA_Y50D		Uncertain_significance
ETH	ethA_Y50H		Uncertain_significance
ETH	ethA_Y60!		Assoc_w_R_Interim
ETH	ethA_Y60C		Uncertain_significance
ETH	ethA_Y60D		Uncertain_significance
ETH	ethA_Y60N		Uncertain_significance
ETH	ethA_Y60S		Uncertain_significance
ETH	ethA_Y84!		Assoc_w_R_Interim
ETH	ethA_Y84C		Uncertain_significance
ETH	ethA_Y84D		Uncertain_significance
ETH	ethA_Y92!		Assoc_w_R_Interim
ETH	ethA_Y92H		Uncertain_significance
ETH	ethR_A129V		Uncertain_significance
ETH	ethR_A151S		Uncertain_significance
ETH	ethR_A155V		Uncertain_significance
ETH	ethR_A161T		Uncertain_significance
ETH	ethR_A161V		Uncertain_significance
ETH	ethR_A174T		Uncertain_significance
ETH	ethR_A18T		Uncertain_significance
ETH	ethR_A43D		Uncertain_significance
ETH	ethR_A43T		Uncertain_significance
ETH	ethR_A83T		Uncertain_significance
ETH	ethR_A91T		Uncertain_significance
ETH	ethR_A95T		Uncertain_significance
ETH	ethR_D158G		Uncertain_significance
ETH	ethR_D23E		Uncertain_significance
ETH	ethR_D44Y		Uncertain_significance
ETH	ethR_D48E		Uncertain_significance
ETH	ethR_D48G		Uncertain_significance
ETH	ethR_D77N		Uncertain_significance
ETH	ethR_D84A		Uncertain_significance
ETH	ethR_E156A		Uncertain_significance
ETH	ethR_E170D		Uncertain_significance
ETH	ethR_E190Q		Uncertain_significance
ETH	ethR_F110L		Uncertain_significance
ETH	ethR_F184L		Uncertain_significance
ETH	ethR_F61L		Uncertain_significance
ETH	ethR_G106R		Uncertain_significance
ETH	ethR_G115R		Uncertain_significance
ETH	ethR_G124C		Uncertain_significance
ETH	ethR_G14V		Uncertain_significance
ETH	ethR_G160D		Uncertain_significance
ETH	ethR_G189R		Uncertain_significance
ETH	ethR_G189S		Uncertain_significance
ETH	ethR_I146M		Uncertain_significance
ETH	ethR_I153V		Uncertain_significance
ETH	ethR_I45M		Uncertain_significance
ETH	ethR_L42P		Uncertain_significance
ETH	ethR_L76V		Uncertain_significance
ETH	ethR_M142I		Uncertain_significance
ETH	ethR_M85I		Uncertain_significance
ETH	ethR_N93S		Uncertain_significance
ETH	ethR_P163L		Uncertain_significance
ETH	ethR_P192A		Uncertain_significance
ETH	ethR_P94S		Uncertain_significance
ETH	ethR_Q143K		Uncertain_significance
ETH	ethR_R104L		Uncertain_significance
ETH	ethR_R122Q		Uncertain_significance
ETH	ethR_R16H		Uncertain_significance
ETH	ethR_R216C		Uncertain_significance
ETH	ethR_R216H		Uncertain_significance
ETH	ethR_R99H		Uncertain_significance
ETH	ethR_S10W		Uncertain_significance
ETH	ethR_S131R		Uncertain_significance
ETH	ethR_S186L		Uncertain_significance
ETH	ethR_T140M		Uncertain_significance
ETH	ethR_T149M		Uncertain_significance
ETH	ethR_T165I		Uncertain_significance
ETH	ethR_T2A		Uncertain_significance
ETH	ethR_T32S		Uncertain_significance
ETH	ethR_T3A		Uncertain_significance
ETH	ethR_T3I		Uncertain_significance
ETH	ethR_T74A		Uncertain_significance
ETH	ethR_V109A		Uncertain_significance
ETH	ethR_V120A		Uncertain_significance
ETH	ethR_V132A		Uncertain_significance
ETH	ethR_W145!		Uncertain_significance
ETH	inhA_A133T		Uncertain_significance
ETH	inhA_A190S		Uncertain_significance
ETH	inhA_A201T		Uncertain_significance
ETH	inhA_A22S		Uncertain_significance
ETH	inhA_A235T		Uncertain_significance
ETH	inhA_A239T		Uncertain_significance
ETH	inhA_A239V		Uncertain_significance
ETH	inhA_A84T		Uncertain_significance
ETH	inhA_D248N		Uncertain_significance
ETH	inhA_D52G		Uncertain_significance
ETH	inhA_D89N		Uncertain_significance
ETH	inhA_E209G		Uncertain_significance
ETH	inhA_E80A		Uncertain_significance
ETH	inhA_F41S		Uncertain_significance
ETH	inhA_G212S		Uncertain_significance
ETH	inhA_G221S		Uncertain_significance
ETH	inhA_G40W		Uncertain_significance
ETH	inhA_G76D		Uncertain_significance
ETH	inhA_G83R		Uncertain_significance
ETH	inhA_I16T		Uncertain_significance
ETH	inhA_I194T		Uncertain_significance
ETH	inhA_I21T		Uncertain_significance
ETH	inhA_I21V		combo
ETH	inhA_c-777t		combo
ETH	inhA_I21V		Uncertain_significance
ETH	inhA_I228V		Uncertain_significance
ETH	inhA_I95L		Uncertain_significance
ETH	inhA_I95V		Uncertain_significance
ETH	inhA_M161V		Uncertain_significance
ETH	inhA_N231K		Uncertain_significance
ETH	inhA_P107S		Uncertain_significance
ETH	inhA_Q216E		Uncertain_significance
ETH	inhA_Q35R		Uncertain_significance
ETH	inhA_S94A		Assoc_w_R_Interim
ETH	inhA_T162M		Uncertain_significance
ETH	inhA_T162S		Uncertain_significance
ETH	inhA_T236A		Uncertain_significance
ETH	inhA_T236M		Uncertain_significance
ETH	inhA_T2P		Uncertain_significance
ETH	inhA_T51A		Uncertain_significance
ETH	inhA_V171I		Uncertain_significance
ETH	inhA_V203A		Uncertain_significance
ETH	inhA_V78A		Uncertain_significance
ETH	inhA_V91A		Uncertain_significance
ETH	inhA_Y182H		Uncertain_significance
ETH	mshA_A134V		Uncertain_significance
ETH	mshA_A177T		Uncertain_significance
ETH	mshA_A182T		Uncertain_significance
ETH	mshA_A187T		Uncertain_significance
ETH	mshA_A187V		Uncertain_significance
ETH	mshA_A233E		Uncertain_significance
ETH	mshA_A24V		Uncertain_significance
ETH	mshA_A254G		Uncertain_significance
ETH	mshA_A2T		Uncertain_significance
ETH	mshA_A337T		Uncertain_significance
ETH	mshA_A342V		Uncertain_significance
ETH	mshA_A343V		Uncertain_significance
ETH	mshA_A347V		Uncertain_significance
ETH	mshA_A364V		Uncertain_significance
ETH	mshA_A48V		Uncertain_significance
ETH	mshA_A76S		Uncertain_significance
ETH	mshA_D121G		Uncertain_significance
ETH	mshA_D124N		Uncertain_significance
ETH	mshA_D190G		Uncertain_significance
ETH	mshA_D218A		Uncertain_significance
ETH	mshA_D218E		Uncertain_significance
ETH	mshA_D281G		Uncertain_significance
ETH	mshA_D403G		Uncertain_significance
ETH	mshA_D42Y		Uncertain_significance
ETH	mshA_D64N		Uncertain_significance
ETH	mshA_E118K		Uncertain_significance
ETH	mshA_E220D		Uncertain_significance
ETH	mshA_E318D		Uncertain_significance
ETH	mshA_E458Q		Uncertain_significance
ETH	mshA_E85A		Uncertain_significance
ETH	mshA_G106A		Uncertain_significance
ETH	mshA_G260R		Uncertain_significance
ETH	mshA_G292R		Uncertain_significance
ETH	mshA_G305D		Uncertain_significance
ETH	mshA_G384V		Uncertain_significance
ETH	mshA_G411E		Uncertain_significance
ETH	mshA_G411R		Uncertain_significance
ETH	mshA_G446S		Uncertain_significance
ETH	mshA_G467D		Uncertain_significance
ETH	mshA_G477R		Uncertain_significance
ETH	mshA_G479D		Uncertain_significance
ETH	mshA_G479S		Uncertain_significance
ETH	mshA_G67A		Uncertain_significance
ETH	mshA_G83R		Uncertain_significance
ETH	mshA_H152R		Uncertain_significance
ETH	mshA_H471R		Uncertain_significance
ETH	mshA_I402T		Uncertain_significance
ETH	mshA_I84L		Uncertain_significance
ETH	mshA_K278E		Uncertain_significance
ETH	mshA_L12V		Uncertain_significance
ETH	mshA_L137P		Uncertain_significance
ETH	mshA_L188V		Uncertain_significance
ETH	mshA_L198R		Uncertain_significance
ETH	mshA_L306R		Uncertain_significance
ETH	mshA_L357R		Uncertain_significance
ETH	mshA_L408S		Uncertain_significance
ETH	mshA_M417V		Uncertain_significance
ETH	mshA_N111S		Uncertain_significance
ETH	mshA_N37D		Uncertain_significance
ETH	mshA_N69S		Uncertain_significance
ETH	mshA_P105S		Uncertain_significance
ETH	mshA_P249A		Uncertain_significance
ETH	mshA_P249L		Uncertain_significance
ETH	mshA_P249S		Uncertain_significance
ETH	mshA_P33S		Uncertain_significance
ETH	mshA_P469L		Uncertain_significance
ETH	mshA_Q205!		Uncertain_significance
ETH	mshA_R168C		Uncertain_significance
ETH	mshA_R266C		Uncertain_significance
ETH	mshA_R26C		Uncertain_significance
ETH	mshA_R26H		Uncertain_significance
ETH	mshA_R273G		Uncertain_significance
ETH	mshA_R294C		Uncertain_significance
ETH	mshA_R324Q		Uncertain_significance
ETH	mshA_R413Q		Uncertain_significance
ETH	mshA_R443H		Uncertain_significance
ETH	mshA_R455L		Uncertain_significance
ETH	mshA_R45L		Uncertain_significance
ETH	mshA_S10L		Uncertain_significance
ETH	mshA_S31F		Uncertain_significance
ETH	mshA_S352H		Uncertain_significance
ETH	mshA_S461!		Uncertain_significance
ETH	mshA_T179R		Uncertain_significance
ETH	mshA_T334A		Uncertain_significance
ETH	mshA_T388A		Uncertain_significance
ETH	mshA_V293W		Uncertain_significance
ETH	mshA_V325M		Uncertain_significance
ETH	mshA_V346A		Uncertain_significance
ETH	mshA_V390A		Uncertain_significance
ETH	mshA_V416M		Uncertain_significance
ETH	mshA_V4M		Uncertain_significance
ETH	mshA_W169C		Uncertain_significance
ETH	mshA_W430L		Uncertain_significance
ETH	mshA_Y351H		Uncertain_significance
ETH	ndh_A121T		Uncertain_significance
ETH	ndh_A154V		Uncertain_significance
ETH	ndh_A209V		Uncertain_significance
ETH	ndh_A219T		Uncertain_significance
ETH	ndh_A219V		Uncertain_significance
ETH	ndh_A233T		Uncertain_significance
ETH	ndh_A272T		Uncertain_significance
ETH	ndh_A300D		Uncertain_significance
ETH	ndh_A380V		Uncertain_significance
ETH	ndh_A402V		Uncertain_significance
ETH	ndh_A446P		Uncertain_significance
ETH	ndh_A44G		Uncertain_significance
ETH	ndh_A69S		Uncertain_significance
ETH	ndh_A9E		Uncertain_significance
ETH	ndh_A9T		Uncertain_significance
ETH	ndh_D163E		Uncertain_significance
ETH	ndh_D251A		Uncertain_significance
ETH	ndh_D251E		Uncertain_significance
ETH	ndh_D93E		Uncertain_significance
ETH	ndh_E165V		Uncertain_significance
ETH	ndh_E270D		Uncertain_significance
ETH	ndh_E327A		Uncertain_significance
ETH	ndh_F365L		Uncertain_significance
ETH	ndh_F437V		Uncertain_significance
ETH	ndh_G120S		Uncertain_significance
ETH	ndh_G122S		Uncertain_significance
ETH	ndh_G179D		Uncertain_significance
ETH	ndh_G246A		Uncertain_significance
ETH	ndh_G301D		Uncertain_significance
ETH	ndh_G313R		Uncertain_significance
ETH	ndh_G339A		Uncertain_significance
ETH	ndh_G389D		Uncertain_significance
ETH	ndh_G427S		Uncertain_significance
ETH	ndh_H400R		Uncertain_significance
ETH	ndh_I20T		Uncertain_significance
ETH	ndh_I269V		Uncertain_significance
ETH	ndh_K169E		Uncertain_significance
ETH	ndh_K274N		Uncertain_significance
ETH	ndh_K460E		Uncertain_significance
ETH	ndh_L170P		Uncertain_significance
ETH	ndh_L309R		Uncertain_significance
ETH	ndh_M1T		Uncertain_significance
ETH	ndh_N128S		Uncertain_significance
ETH	ndh_N88D		Uncertain_significance
ETH	ndh_P111H		Uncertain_significance
ETH	ndh_P164S		Uncertain_significance
ETH	ndh_P312S		Uncertain_significance
ETH	ndh_P330S		Uncertain_significance
ETH	ndh_P70L		Uncertain_significance
ETH	ndh_P7L		Uncertain_significance
ETH	ndh_Q10K		Uncertain_significance
ETH	ndh_Q292P		Uncertain_significance
ETH	ndh_Q363S		Uncertain_significance
ETH	ndh_Q97R		Uncertain_significance
ETH	ndh_R16Q		Uncertain_significance
ETH	ndh_R202Q		Uncertain_significance
ETH	ndh_R235Q		Uncertain_significance
ETH	ndh_R254C		Uncertain_significance
ETH	ndh_R268H		Uncertain_significance
ETH	ndh_R284P		Uncertain_significance
ETH	ndh_R284W		Uncertain_significance
ETH	ndh_R45C		Uncertain_significance
ETH	ndh_S114R		Uncertain_significance
ETH	ndh_S140F		Uncertain_significance
ETH	ndh_S206P		Uncertain_significance
ETH	ndh_S22F		Uncertain_significance
ETH	ndh_S271L		Uncertain_significance
ETH	ndh_S345R		Uncertain_significance
ETH	ndh_S388G		Uncertain_significance
ETH	ndh_S423R		Uncertain_significance
ETH	ndh_S463N		Uncertain_significance
ETH	ndh_T174A		Uncertain_significance
ETH	ndh_T181A		Uncertain_significance
ETH	ndh_T424P		Uncertain_significance
ETH	ndh_T47S		Uncertain_significance
ETH	ndh_V117I		Uncertain_significance
ETH	ndh_V176I		Uncertain_significance
ETH	ndh_V18A		Uncertain_significance
ETH	ndh_V220L		Uncertain_significance
ETH	ndh_V326M		Uncertain_significance
ETH	ndh_V74L		Uncertain_significance
ETH	ndh_V99A		Uncertain_significance
ETH	ndh_Y364D		Uncertain_significance
ETH	Rv3083_A197V		Uncertain_significance
ETH	Rv3083_A205T		Uncertain_significance
ETH	Rv3083_A313S		Uncertain_significance
ETH	Rv3083_A345S		Uncertain_significance
ETH	Rv3083_A363T		Uncertain_significance
ETH	Rv3083_A381T		Uncertain_significance
ETH	Rv3083_A404T		Uncertain_significance
ETH	Rv3083_A488V		Uncertain_significance
ETH	Rv3083_A489V		Uncertain_significance
ETH	Rv3083_A86P		Uncertain_significance
ETH	Rv3083_C298R		Uncertain_significance
ETH	Rv3083_C298S		Uncertain_significance
ETH	Rv3083_C331R		Uncertain_significance
ETH	Rv3083_C407G		Uncertain_significance
ETH	Rv3083_C407R		Uncertain_significance
ETH	Rv3083_D224A		Uncertain_significance
ETH	Rv3083_D236N		Uncertain_significance
ETH	Rv3083_D415N		Uncertain_significance
ETH	Rv3083_D432N		Uncertain_significance
ETH	Rv3083_D469A		Uncertain_significance
ETH	Rv3083_D46H		Uncertain_significance
ETH	Rv3083_D56A		Uncertain_significance
ETH	Rv3083_D71H		Uncertain_significance
ETH	Rv3083_D87E		Uncertain_significance
ETH	Rv3083_E322D		Uncertain_significance
ETH	Rv3083_E336Q		Uncertain_significance
ETH	Rv3083_E369A		Uncertain_significance
ETH	Rv3083_E36G		Uncertain_significance
ETH	Rv3083_F286V		Uncertain_significance
ETH	Rv3083_G101D		Uncertain_significance
ETH	Rv3083_G101S		Uncertain_significance
ETH	Rv3083_G120S		Uncertain_significance
ETH	Rv3083_G13S		Uncertain_significance
ETH	Rv3083_G141C		Uncertain_significance
ETH	Rv3083_G141S		Uncertain_significance
ETH	Rv3083_G155S		Uncertain_significance
ETH	Rv3083_G334A		Uncertain_significance
ETH	Rv3083_G362D		Uncertain_significance
ETH	Rv3083_G375S		Uncertain_significance
ETH	Rv3083_G403D		Uncertain_significance
ETH	Rv3083_G42R		Uncertain_significance
ETH	Rv3083_G442S		Uncertain_significance
ETH	Rv3083_G447D		Uncertain_significance
ETH	Rv3083_G447R		Uncertain_significance
ETH	Rv3083_G481A		Uncertain_significance
ETH	Rv3083_G93D		Uncertain_significance
ETH	Rv3083_H165Q		Uncertain_significance
ETH	Rv3083_H168P		Uncertain_significance
ETH	Rv3083_H22D		Uncertain_significance
ETH	Rv3083_H412R		Uncertain_significance
ETH	Rv3083_H99Y		Uncertain_significance
ETH	Rv3083_I137T		Uncertain_significance
ETH	Rv3083_I17V		Uncertain_significance
ETH	Rv3083_I226V		Uncertain_significance
ETH	Rv3083_I250V		Uncertain_significance
ETH	Rv3083_I32T		Uncertain_significance
ETH	Rv3083_I81S		Uncertain_significance
ETH	Rv3083_I85T		Uncertain_significance
ETH	Rv3083_K253!		Uncertain_significance
ETH	Rv3083_K374E		Uncertain_significance
ETH	Rv3083_K374N		Uncertain_significance
ETH	Rv3083_K374T		Uncertain_significance
ETH	Rv3083_K457T		Uncertain_significance
ETH	Rv3083_K471N		Uncertain_significance
ETH	Rv3083_L150R		Uncertain_significance
ETH	Rv3083_L173V		Uncertain_significance
ETH	Rv3083_L210R		Uncertain_significance
ETH	Rv3083_L269P		Uncertain_significance
ETH	Rv3083_L291R		Uncertain_significance
ETH	Rv3083_L330M		Uncertain_significance
ETH	Rv3083_L377M		Uncertain_significance
ETH	Rv3083_L378R		Uncertain_significance
ETH	Rv3083_L410P		Uncertain_significance
ETH	Rv3083_L75P		Uncertain_significance
ETH	Rv3083_L75R		Uncertain_significance
ETH	Rv3083_M209I		Uncertain_significance
ETH	Rv3083_M209T		Uncertain_significance
ETH	Rv3083_M283I		Uncertain_significance
ETH	Rv3083_M371I		Uncertain_significance
ETH	Rv3083_M451V		Uncertain_significance
ETH	Rv3083_N349K		Uncertain_significance
ETH	Rv3083_N349S		Uncertain_significance
ETH	Rv3083_N380K		Uncertain_significance
ETH	Rv3083_N380S		Uncertain_significance
ETH	Rv3083_P201R		Uncertain_significance
ETH	Rv3083_P214R		Uncertain_significance
ETH	Rv3083_P235L		Uncertain_significance
ETH	Rv3083_P288S		Uncertain_significance
ETH	Rv3083_P382L		Uncertain_significance
ETH	Rv3083_P423L		Uncertain_significance
ETH	Rv3083_Q167!		Uncertain_significance
ETH	Rv3083_Q256R		Uncertain_significance
ETH	Rv3083_Q351!		Uncertain_significance
ETH	Rv3083_Q438!		Uncertain_significance
ETH	Rv3083_Q448H		Uncertain_significance
ETH	Rv3083_Q448P		Uncertain_significance
ETH	Rv3083_Q448R		Uncertain_significance
ETH	Rv3083_R252Q		Uncertain_significance
ETH	Rv3083_R275C		Uncertain_significance
ETH	Rv3083_R335W		Uncertain_significance
ETH	Rv3083_R37G		Uncertain_significance
ETH	Rv3083_R408Q		Uncertain_significance
ETH	Rv3083_R424C		Uncertain_significance
ETH	Rv3083_R446H		Uncertain_significance
ETH	Rv3083_R49C		Uncertain_significance
ETH	Rv3083_R67S		Uncertain_significance
ETH	Rv3083_S111I		Uncertain_significance
ETH	Rv3083_S138N		Uncertain_significance
ETH	Rv3083_S219A		Uncertain_significance
ETH	Rv3083_S333P		Uncertain_significance
ETH	Rv3083_S441P		Uncertain_significance
ETH	Rv3083_T208M		Uncertain_significance
ETH	Rv3083_T396P		Uncertain_significance
ETH	Rv3083_T419A		Uncertain_significance
ETH	Rv3083_T419K		Uncertain_significance
ETH	Rv3083_T61A		Uncertain_significance
ETH	Rv3083_T90M		Uncertain_significance
ETH	Rv3083_V118G		Uncertain_significance
ETH	Rv3083_V229A		Uncertain_significance
ETH	Rv3083_V229I		Uncertain_significance
ETH	Rv3083_V281M		Uncertain_significance
ETH	Rv3083_V316M		Uncertain_significance
ETH	Rv3083_V376L		Uncertain_significance
ETH	Rv3083_V462M		Uncertain_significance
ETH	Rv3083_V7F		Uncertain_significance
ETH	Rv3083_V94I		Uncertain_significance
ETH	Rv3083_W271!		Uncertain_significance
ETH	Rv3083_W45L		Uncertain_significance
ETH	Rv3083_W45R		Uncertain_significance
ETH	Rv3083_W460!		Uncertain_significance
ETH	Rv3083_W69!		Uncertain_significance
ETH	Rv3083_Y100D		Uncertain_significance
ETH	Rv3083_Y131D		Uncertain_significance
ETH	Rv3083_Y145C		Uncertain_significance
ETH	Rv3083_Y145D		Uncertain_significance
ETH	Rv3083_Y216C		Uncertain_significance
ETH	Rv3083_Y240H		Uncertain_significance
ETH	Rv3083_Y365H		Uncertain_significance
ETH	Rv3083_Y418C		Uncertain_significance
ETH	Rv3083_Y84C		Uncertain_significance
ETH	Rv3083_Y84H		Uncertain_significance
ETH	mshA_c-676t_(Rv0485_230)	574672	Uncertain_significance
ETH	mshA_a-675c_(Rv0485_230)	574673	Uncertain_significance
ETH	mshA_c-669g_(Rv0485_232)	574679	Uncertain_significance
ETH	mshA_c-669t_(Rv0485_232)	574679	Uncertain_significance
ETH	mshA_c-667t_(Rv0485_233)	574681	Uncertain_significance
ETH	mshA_g-660a_(Rv0485_235)	574688	Uncertain_significance
ETH	mshA_g-660c_(Rv0485_235)	574688	Uncertain_significance
ETH	mshA_c-651t_(Rv0485_238)	574697	Uncertain_significance
ETH	mshA_g-650a_(Rv0485_239)	574698	Uncertain_significance
ETH	mshA_c-641t_(Rv0485_242)	574707	Uncertain_significance
ETH	mshA_a-630c_(Rv0485_245)	574718	Uncertain_significance
ETH	mshA_g-629c_(Rv0485_246)	574719	Uncertain_significance
ETH	mshA_c-622t_(Rv0485_248)	574726	Uncertain_significance
ETH	mshA_g-595a_(Rv0485_257)	574753	Uncertain_significance
ETH	mshA_c-589g_(Rv0485_259)	574759	Uncertain_significance
ETH	mshA_c-579t_(Rv0485_262)	574769	Uncertain_significance
ETH	mshA_c-574a_(Rv0485_264)	574774	Uncertain_significance
ETH	mshA_c-574g_(Rv0485_264)	574774	Uncertain_significance
ETH	mshA_c-574t_(Rv0485_264)	574774	Uncertain_significance
ETH	mshA_c-570t_(Rv0485_265)	574778	Uncertain_significance
ETH	mshA_c-565g_(Rv0485_267)	574783	Uncertain_significance
ETH	mshA_g-561a_(Rv0485_268)	574787	Uncertain_significance
ETH	mshA_a-553g_(Rv0485_271)	574795	Uncertain_significance
ETH	mshA_g-539c_(Rv0485_276)	574809	Uncertain_significance
ETH	mshA_c-537a_(Rv0485_276)	574811	Uncertain_significance
ETH	mshA_g-528t_(Rv0485_279)	574820	Uncertain_significance
ETH	mshA_c-524t_(Rv0485_281)	574824	Uncertain_significance
ETH	mshA_t-518c_(Rv0485_283)	574830	Uncertain_significance
ETH	mshA_t-518g_(Rv0485_283)	574830	Uncertain_significance
ETH	mshA_a-515g_(Rv0485_284)	574833	Uncertain_significance
ETH	mshA_g-506a_(Rv0485_287)	574842	Uncertain_significance
ETH	mshA_g-491a_(Rv0485_292)	574857	Uncertain_significance
ETH	mshA_t-486c_(Rv0485_293)	574862	Uncertain_significance
ETH	mshA_g-460a_(Rv0485_302)	574888	Uncertain_significance
ETH	mshA_t-453g_(Rv0485_304)	574895	Uncertain_significance
ETH	mshA_g-448c_(Rv0485_306)	574900	Uncertain_significance
ETH	mshA_g-442a_(Rv0485_308)	574906	Uncertain_significance
ETH	mshA_c-439t_(Rv0485_309)	574909	Uncertain_significance
ETH	mshA_c-438a_(Rv0485_309)	574910	Uncertain_significance
ETH	mshA_g-434a_(Rv0485_311)	574914	Uncertain_significance
ETH	mshA_c-427t_(Rv0485_313)	574921	Uncertain_significance
ETH	mshA_t-426g_(Rv0485_313)	574922	Uncertain_significance
ETH	mshA_c-421t_(Rv0485_315)	574927	Uncertain_significance
ETH	mshA_a-378c_(Rv0485_329)	574970	Uncertain_significance
ETH	mshA_c-376t_(Rv0485_330)	574972	Uncertain_significance
ETH	mshA_g-354a_(Rv0485_337)	574994	Uncertain_significance
ETH	mshA_g-338a_(Rv0485_343)	575010	Uncertain_significance
ETH	mshA_c-330t_(Rv0485_345)	575018	Uncertain_significance
ETH	mshA_c-315t_(Rv0485_350)	575033	Uncertain_significance
ETH	mshA_c-309t_(Rv0485_352)	575039	Uncertain_significance
ETH	mshA_c-303t_(Rv0485_354)	575045	Uncertain_significance
ETH	mshA_a-301g_(Rv0485_355)	575047	Uncertain_significance
ETH	mshA_a-297g_(Rv0485_356)	575051	Uncertain_significance
ETH	mshA_g-296a_(Rv0485_357)	575052	Uncertain_significance
ETH	mshA_a-241c_(Rv0485_375)	575107	Uncertain_significance
ETH	mshA_c-229g_(Rv0485_379)	575119	Uncertain_significance
ETH	mshA_g-219c_(Rv0485_382)	575129	Uncertain_significance
ETH	mshA_a-202c_(Rv0485_388)	575146	Uncertain_significance
ETH	mshA_c-183t_(Rv0485_394)	575165	Uncertain_significance
ETH	mshA_g-175a_(Rv0485_397)	575173	Uncertain_significance
ETH	mshA_a-156g_(Rv0485_403)	575192	Uncertain_significance
ETH	mshA_c-153t_(Rv0485_404)	575195	Uncertain_significance
ETH	mshA_g-136c_(Rv0485_410)	575212	Uncertain_significance
ETH	mshA_c-127t_(Rv0485_413)	575221	Uncertain_significance
ETH	mshA_g-125a_(Rv0485_414)	575223	Uncertain_significance
ETH	mshA_t-114c_(Rv0485_417)	575234	Uncertain_significance
ETH	mshA_c-111t_(Rv0485_418)	575237	Uncertain_significance
ETH	mshA_g-108a_(Rv0485_419)	575240	Uncertain_significance
ETH	mshA_g-93t_(Rv0485_424)	575255	Uncertain_significance
ETH	mshA_c-83t_(Rv0485_428)	575265	Uncertain_significance
ETH	mshA_c-67t_(Rv0485_433)	575281	Uncertain_significance
ETH	mshA_c-66t_(Rv0485_433)	575282	Uncertain_significance
ETH	mshA_c-65g_(Rv0485_434)	575283	Uncertain_significance
ETH	mshA_c-65t_(Rv0485_434)	575283	Uncertain_significance
ETH	mshA_c-64a_(Rv0485_434)	575284	Uncertain_significance
ETH	mshA_g-63t_(Rv0485_434)	575285	Uncertain_significance
ETH	mshA_c-34t	575314	Uncertain_significance
ETH	mshA_c-29t	575319	Uncertain_significance
ETH	mshA_c-28g	575320	Uncertain_significance
ETH	mshA_g-2a	575346	Uncertain_significance
ETH	mshA_217_del_1_ct_c	575564	Uncertain_significance
ETH	mshA_238_del_37_gcccgtcggggcatcgaggtggagatcttcacccgggc_g	575585	Uncertain_significance
ETH	mshA_308_ins_2_t_tgg	575655	Uncertain_significance
ETH	mshA_374_ins_1_t_tg	575721	Uncertain_significance
ETH	mshA_524_ins_1_a_ac	575871	Uncertain_significance
ETH	mshA_563_del_1_tg_t	575910	Uncertain_significance
ETH	mshA_566_ins_2_c_ccg	575913	Uncertain_significance
ETH	mshA_573_ins_1_c_cg	575920	Uncertain_significance
ETH	mshA_585_ins_1_g_gc	575932	Uncertain_significance
ETH	mshA_713_ins_1_t_tc	576060	Uncertain_significance
ETH	mshA_830_ins_5_t_tgaagg	576177	Uncertain_significance
ETH	mshA_1403_ins_15_a_agccccgccactggac	576750	Uncertain_significance
ETH	inhA_g-864a_(Rv1482c_c-39t,_fabG1_g-102a)	1673338	Uncertain_significance
ETH	inhA_g-862a_(Rv1482c_c-41t)	1673340	Uncertain_significance
ETH	inhA_a-854g_(Rv1482c_t-49c)	1673348	Uncertain_significance
ETH	inhA_t-852g_(Rv1482c_a-51c)	1673350	Uncertain_significance
ETH	inhA_g-836a_(Rv1482c_c-67t)	1673366	Uncertain_significance
ETH	inhA_a-834g_(Rv1482c_t-69c)	1673368	Uncertain_significance
ETH	inhA_a-827c_(Rv1482c_t-76g)	1673375	Uncertain_significance
ETH	inhA_c-815a_(Rv1482c_g-88t)	1673387	Uncertain_significance
ETH	inhA_c-815t_(Rv1482c_g-88a)	1673387	Uncertain_significance
ETH	inhA_g-809c_(Rv1482c_c-94g)	1673393	Uncertain_significance
ETH	inhA_-808_del_14_acataccgatttcggcccggccg_acataccgg_(Rv1482c_acataccgatttcggcccggccg-95acataccgg)	1673394	Uncertain_significance
ETH	inhA_-808_del_1_acataccgatttcggcccggccg_acataccgatttggcccggccg_(Rv1482c_acataccgatttcggcccggccg-95acataccgatttggcccggccg)	1673394	Uncertain_significance
ETH	inhA_a-808g_(Rv1482c_t-95c)	1673394	Uncertain_significance
ETH	inhA_c-807g_(Rv1482c_g-96c)	1673395	Uncertain_significance
ETH	inhA_g-801a_(fabG1_g-39a)	1673401	Uncertain_significance
ETH	inhA_c-796g_(fabG1_c-34g)	1673406	Uncertain_significance
ETH	inhA_c-796t_(fabG1_c-34t)	1673406	Uncertain_significance
ETH	inhA_g-794t_(fabG1_g-32t)	1673408	Uncertain_significance
ETH	inhA_c-792t_(fabG1_c-30t)	1673410	Uncertain_significance
ETH	inhA_g-789c_(fabG1_g-27c)	1673413	Uncertain_significance
ETH	inhA_c-782t_(fabG1_c-20t)	1673420	Uncertain_significance
ETH	inhA_g-779t_(fabG1_g-17t)	1673423	Uncertain_significance
ETH	inhA_a-778g	1673424	Assoc_w_R_Interim
ETH	fabG1_a-16g	1673424	Assoc_w_R_Interim
ETH	inhA_c-777t	1673425	Assoc_w_R
ETH	fabG1_c-15t	1673425	Assoc_w_R
ETH	inhA_g-771a_(fabG1_g-9a)	1673431	Uncertain_significance
ETH	inhA_t-770a	1673432	Assoc_w_R_Interim
ETH	fabG1_t-8a	1673432	Assoc_w_R_Interim
ETH	inhA_t-770c	1673432	Assoc_w_R_Interim
ETH	fabG1_t-8c	1673432	Assoc_w_R_Interim
ETH	inhA_t-770g_(fabG1_t-8g)	1673432	Uncertain_significance
ETH	inhA_t-767c_(fabG1_t-5c)	1673435	Uncertain_significance
ETH	inhA_g-764a_(fabG1_g-2a)	1673438	Uncertain_significance
ETH	inhA_c-752g_(fabG1_T4R)	1673450	Uncertain_significance
ETH	inhA_c-752t_(fabG1_T4I)	1673450	Uncertain_significance
ETH	inhA_a-747g_(fabG1_T6A)	1673455	Uncertain_significance
ETH	inhA_a-734g_(fabG1_K10R)	1673468	Uncertain_significance
ETH	inhA_c-730t_(fabG1_P11P)	1673472	Uncertain_significance
ETH	inhA_c-728g_(fabG1_P12R)	1673474	Uncertain_significance
ETH	inhA_g-705a_(fabG1_V20I)	1673497	Uncertain_significance
ETH	inhA_c-700t_(fabG1_T21T)	1673502	Uncertain_significance
ETH	inhA_g-688a_(fabG1_R25R)	1673514	Uncertain_significance
ETH	inhA_g-636a_(fabG1_A43T)	1673566	Uncertain_significance
ETH	inhA_c-616t_(fabG1_S49S)	1673586	Uncertain_significance
ETH	inhA_g-602a_(fabG1_G54E)	1673600	Uncertain_significance
ETH	inhA_g-552a_(fabG1_A71T)	1673650	Uncertain_significance
ETH	inhA_c-547t_(fabG1_F72F)	1673655	Uncertain_significance
ETH	inhA_g-541c_(fabG1_A74A)	1673661	Uncertain_significance
ETH	inhA_c-529a_(fabG1_H78Q)	1673673	Uncertain_significance
ETH	inhA_g-526t_(fabG1_Q79H)	1673676	Uncertain_significance
ETH	inhA_t-523c_(fabG1_G80G)	1673679	Uncertain_significance
ETH	inhA_c-522g_(fabG1_P81A)	1673680	Uncertain_significance
ETH	inhA_g-520c_(fabG1_P81P)	1673682	Uncertain_significance
ETH	inhA_c-510g_(fabG1_L85V)	1673692	Uncertain_significance
ETH	inhA_a-478c_(fabG1_A95A)	1673724	Uncertain_significance
ETH	inhA_c-472t_(fabG1_L97L)	1673730	Uncertain_significance
ETH	inhA_g-466t_(fabG1_R99R)	1673736	Uncertain_significance
ETH	inhA_c-436t_(fabG1_I109I)	1673766	Uncertain_significance
ETH	inhA_c-424t_(fabG1_L113L)	1673778	Uncertain_significance
ETH	inhA_g-386a_(fabG1_S126N)	1673816	Uncertain_significance
ETH	inhA_a-375c_(fabG1_N130H)	1673827	Uncertain_significance
ETH	inhA_g-358t_(fabG1_M135I)	1673844	Uncertain_significance
ETH	inhA_a-351g_(fabG1_I138V)	1673851	Uncertain_significance
ETH	inhA_c-337t_(fabG1_S142S)	1673865	Uncertain_significance
ETH	inhA_g-312a_(fabG1_A151T)	1673890	Uncertain_significance
ETH	inhA_a-282g_(fabG1_I161V)	1673920	Uncertain_significance
ETH	inhA_c-277t_(fabG1_G162G)	1673925	Uncertain_significance
ETH	inhA_g-253a_(fabG1_E170E)	1673949	Uncertain_significance
ETH	inhA_g-235a_(fabG1_V176V)	1673967	Uncertain_significance
ETH	inhA_g-214a_(fabG1_P183P)	1673988	Uncertain_significance
ETH	inhA_g-180a_(fabG1_D195N)	1674022	Uncertain_significance
ETH	inhA_a-176c_(fabG1_E196A)	1674026	Uncertain_significance
ETH	inhA_g-160a_(fabG1_G201G)	1674042	Uncertain_significance
ETH	inhA_c-158t_(fabG1_A202V)	1674044	Uncertain_significance
ETH	inhA_c-156t_(fabG1_L203L)	1674046	Uncertain_significance
ETH	inhA_g-154a	1674048	Assoc_w_R_Interim
ETH	fabG1_L203L	1674048	Assoc_w_R_Interim
ETH	inhA_c-140a_(fabG1_A208E)	1674062	Uncertain_significance
ETH	inhA_g-139a_(fabG1_A208A)	1674063	Uncertain_significance
ETH	inhA_c-127a_(fabG1_G212G)	1674075	Uncertain_significance
ETH	inhA_c-112t_(fabG1_V217V)	1674090	Uncertain_significance
ETH	inhA_c-100a_(fabG1_V221V)	1674102	Uncertain_significance
ETH	inhA_c-94t_(fabG1_F223F)	1674108	Uncertain_significance
ETH	inhA_c-93t_(fabG1_L224L)	1674109	Uncertain_significance
ETH	inhA_t-88a_(fabG1_A225A)	1674114	Uncertain_significance
ETH	inhA_c-67t_(fabG1_I232I)	1674135	Uncertain_significance
ETH	inhA_c-40t_(fabG1_G241G)	1674162	Uncertain_significance
ETH	inhA_c-25t_(fabG1_G246G)	1674177	Uncertain_significance
ETH	inhA_g-20a_(fabG1_!248!)	1674182	Uncertain_significance
ETH	inhA_c-18t	1674184	Uncertain_significance
ETH	inhA_c-16g	1674186	Uncertain_significance
ETH	inhA_-13_ins_20_c_cacaaggacgcacatgacagg	1674189	Uncertain_significance
ETH	inhA_-12_ins_4_ac_acaagg	1674190	Uncertain_significance
ETH	inhA_-11_ins_5_c_caagga	1674191	Uncertain_significance
ETH	ndh_1288_ins_1_t_tc	2101755	Uncertain_significance
ETH	ndh_1009_ins_1_t_tg	2102034	Uncertain_significance
ETH	ndh_1005_ins_1_g_gc	2102038	Uncertain_significance
ETH	ndh_971_ins_2_g_gcc	2102072	Uncertain_significance
ETH	ndh_904_del_3_ggcc_g	2102139	Uncertain_significance
ETH	ndh_678_ins_2_t_tgc	2102365	Uncertain_significance
ETH	ndh_329_del_1_gt_g	2102714	Uncertain_significance
ETH	ndh_257_ins_2_a_aac	2102786	Uncertain_significance
ETH	ndh_16_del_1_ctt_ct	2103027	Uncertain_significance
ETH	ndh_c-1g	2103043	Uncertain_significance
ETH	ndh_a-22g	2103064	Uncertain_significance
ETH	ndh_g-23a	2103065	Uncertain_significance
ETH	ndh_c-34t	2103076	Uncertain_significance
ETH	ndh_-42_ins_13_a_agttagctactacg	2103084	Uncertain_significance
ETH	ndh_a-45g	2103087	Uncertain_significance
ETH	ndh_t-46g	2103088	Uncertain_significance
ETH	ndh_g-51c	2103093	Uncertain_significance
ETH	ndh_g-54t	2103096	Uncertain_significance
ETH	ndh_c-59a	2103101	Uncertain_significance
ETH	ndh_g-65a	2103107	Uncertain_significance
ETH	ndh_g-70t	2103112	Uncertain_significance
ETH	ndh_g-75a	2103117	Uncertain_significance
ETH	ndh_a-95g	2103137	Uncertain_significance
ETH	Rv3083_117_ins_1_g_gc	3448620	Uncertain_significance
ETH	Rv3083_192_ins_2_c_caa	3448695	Uncertain_significance
ETH	Rv3083_200_del_1_gc_g	3448703	Uncertain_significance
ETH	Rv3083_379_ins_1_g_ga	3448882	Uncertain_significance
ETH	Rv3083_443_ins_1_g_gt	3448946	Uncertain_significance
ETH	Rv3083_563_del_1_cg_c	3449066	Uncertain_significance
ETH	Rv3083_637_del_7_tccccgtc_t	3449140	Uncertain_significance
ETH	Rv3083_637_ins_1_tccccgtc_tccccgctc	3449140	Uncertain_significance
ETH	Rv3083_842_del_1_tg_t	3449345	Uncertain_significance
ETH	Rv3083_848_ins_1_t_tg	3449351	Uncertain_significance
ETH	Rv3083_934_del_7_ggcgcggc_g	3449437	Uncertain_significance
ETH	Rv3083_1189_del_10_ctgaagtccga_c	3449692	Uncertain_significance
ETH	Rv3083_1207_ins_2_g_ggc	3449710	Uncertain_significance
ETH	Rv3083_1214_del_1_ac_a	3449717	Uncertain_significance
ETH	Rv3083_1238_del_1_tg_t	3449741	Uncertain_significance
ETH	Rv3083_1321_del_3_tccg_t	3449824	Uncertain_significance
ETH	Rv3083_1446_del_5_gctgca_g	3449949	Uncertain_significance
ETH	ethA_1466_del_1_ac_a	4326008	Assoc_w_R_Interim
ETH	ethA_1466_ins_1_ac_acc	4326008	Assoc_w_R_Interim
ETH	ethA_1460_del_3961_accggggcaggccttttggcgaaccgcagaccctcgtcgtcgatcttgcc_a	4326014	Assoc_w_R_Interim
ETH	ethA_1436_ins_1_c_cg	4326038	Assoc_w_R_Interim
ETH	ethA_1432_del_1_ga_g	4326042	Assoc_w_R_Interim
ETH	ethA_1432_ins_1_ga_gaa	4326042	Assoc_w_R_Interim
ETH	ethA_1429_ins_2_c_cct	4326045	Assoc_w_R_Interim
ETH	ethA_1408_del_1_gc_g	4326066	Assoc_w_R_Interim
ETH	ethA_1397_ins_1_c_ca	4326077	Assoc_w_R_Interim
ETH	ethA_1395_ins_1_g_ga	4326079	Assoc_w_R_Interim
ETH	ethA_1392_del_1_gtc_gt	4326082	Assoc_w_R_Interim
ETH	ethA_1392_ins_1_g_gt	4326082	Assoc_w_R_Interim
ETH	ethA_1392_ins_1_gt_gtc	4326082	Assoc_w_R_Interim
ETH	ethA_1392_ins_1_gt_gtt	4326082	Assoc_w_R_Interim
ETH	ethA_1392_ins_2_g_gtc	4326082	Assoc_w_R_Interim
ETH	ethA_1392_ins_2_gt_gtct	4326082	Assoc_w_R_Interim
ETH	ethA_1387_del_1_gt_g	4326087	Assoc_w_R_Interim
ETH	ethA_1382_del_11_tagttctgattc_t	4326092	Assoc_w_R_Interim
ETH	ethA_1352_ins_1_g_ga	4326122	Assoc_w_R_Interim
ETH	ethA_1350_ins_1_a_ac	4326124	Assoc_w_R_Interim
ETH	ethA_1345_del_1_gct_gc	4326129	Assoc_w_R_Interim
ETH	ethA_1344_del_1_ct_c	4326130	Assoc_w_R_Interim
ETH	ethA_1342_del_1_tg_t	4326132	Assoc_w_R_Interim
ETH	ethA_1334_ins_1_t_tc	4326140	Assoc_w_R_Interim
ETH	ethA_1330_del_7_ccagcgag_c	4326144	Assoc_w_R_Interim
ETH	ethA_1320_del_1_ca_c	4326154	Assoc_w_R_Interim
ETH	ethA_1308_del_1_tg_t	4326166	Assoc_w_R_Interim
ETH	ethA_1308_ins_1_tg_tgg	4326166	Assoc_w_R_Interim
ETH	ethA_1308_ins_1_t_tg	4326166	Assoc_w_R_Interim
ETH	ethA_1306_del_15_gggtgaactccatgaagggccgctcttcgacatctgagcccggtcgctcg_ggggccgctcttcgacatctgagcccggtcgctcgacgaccacggt	4326168	Assoc_w_R_Interim
ETH	ethA_1306_del_1_gggtgaactccatgaagggccgctcttcgacatctgagcccggtcgctcg_gggtgaactccatgaaggccgctcttcgacatctgagcccggtcgctcga	4326168	Assoc_w_R_Interim
ETH	ethA_1306_del_1_gggtgaactccatgaagggccgctcttcgacatctgagcccggtcgctcg_gggtgaactccatgaagggccgctcttcgacatctgagcccgtcgctcga	4326168	Assoc_w_R_Interim
ETH	ethA_1306_del_1_gggtgaactccatgaagggccgctcttcgacatctgagcccggtcgctcg_gggtgaactccatgaagggccgctcttcgacatctgagccggtcgctcga	4326168	Assoc_w_R_Interim
ETH	ethA_1306_del_1_gggtgaactccatgaagggccgctcttcgacatctgagcccggtcgctcg_gggtgaactccatgaagggcgctcttcgacatctgagcccggtcgctcga	4326168	Assoc_w_R_Interim
ETH	ethA_1306_del_1_gggtgaactccatgaagggccgctcttcgacatctgagcccggtcgctcg_gggtgaactccatgagggccgctcttcgacatctgagcccggtcgctcga	4326168	Assoc_w_R_Interim
ETH	ethA_1306_del_2_gggtgaactccatgaagggccgctcttcgacatctgagcccggtcgctcg_gggtgaactccatagggccgctcttcgacatctgagcccggtcgctcgac	4326168	Assoc_w_R_Interim
ETH	ethA_1306_ins_1_gggtgaactccatgaagggccgctcttcgacatctgagcccggtcgctcg_gggtgaacctccatgaagggccgctcttcgacatctgagcccggtcgctc	4326168	Assoc_w_R_Interim
ETH	ethA_1306_ins_22_gggtgaactccatgaagggccgctcttcgacatctgagcccggtcgctcg_gggtgaactccatgaagggccgctcttcgacatctgagcccccgctcttc	4326168	Assoc_w_R_Interim
ETH	ethA_1306_ins_2_gggtgaactccatgaagggccgctcttcgacatctgagcccggtcgctcg_gggtgaacactccatgaagggccgctcttcgacatctgagcccggtcgct	4326168	Assoc_w_R_Interim
ETH	ethA_1266_del_1_cg_c	4326208	Assoc_w_R_Interim
ETH	ethA_1243_del_1_ca_c	4326231	Assoc_w_R_Interim
ETH	ethA_1243_ins_1_ca_caa	4326231	Assoc_w_R_Interim
ETH	ethA_1243_ins_1_c_ca	4326231	Assoc_w_R_Interim
ETH	ethA_1231_del_1_cg_c	4326243	Assoc_w_R_Interim
ETH	ethA_1225_del_1_tgtaattcaaca_tgtaattcaac	4326249	Assoc_w_R_Interim
ETH	ethA_1195_ins_3_a_acac	4326279	Assoc_w_R_Interim
ETH	ethA_1186_del_1_cg_c	4326288	Assoc_w_R_Interim
ETH	ethA_1176_ins_2_c_cgt	4326298	Assoc_w_R_Interim
ETH	ethA_1169_del_1_ga_g	4326305	Assoc_w_R_Interim
ETH	ethA_1160_ins_1_g_gt	4326314	Assoc_w_R_Interim
ETH	ethA_1157_del_1_tag_tg	4326317	Assoc_w_R_Interim
ETH	ethA_1153_del_1_ca_c	4326321	Assoc_w_R_Interim
ETH	ethA_1153_ins_1_c_ca	4326321	Assoc_w_R_Interim
ETH	ethA_1150_ins_13_c_ccgtgtaggccatg	4326324	Assoc_w_R_Interim
ETH	ethA_1135_del_1_tg_t	4326339	Assoc_w_R_Interim
ETH	ethA_1124_del_1_ga_g	4326350	Assoc_w_R_Interim
ETH	ethA_1122_del_1_aa_a	4326352	Assoc_w_R_Interim
ETH	ethA_1113_del_1_gc_g	4326361	Assoc_w_R_Interim
ETH	ethA_1113_ins_1_gc_gcc	4326361	Assoc_w_R_Interim
ETH	ethA_1106_del_1_ta_t	4326368	Assoc_w_R_Interim
ETH	ethA_1073_del_3_ccgt_c	4326401	Assoc_w_R_Interim
ETH	ethA_1062_del_4_cgccg_c	4326412	Assoc_w_R_Interim
ETH	ethA_1062_ins_1_c_cg	4326412	Assoc_w_R_Interim
ETH	ethA_1061_del_1_gc_g	4326413	Assoc_w_R_Interim
ETH	ethA_1056_ins_1_c_cg	4326418	Assoc_w_R_Interim
ETH	ethA_1055_del_1_gc_g	4326419	Assoc_w_R_Interim
ETH	ethA_1048_del_1_ca_c	4326426	Assoc_w_R_Interim
ETH	ethA_1048_ins_1_ca_caa	4326426	Assoc_w_R_Interim
ETH	ethA_1048_ins_1_c_ca	4326426	Assoc_w_R_Interim
ETH	ethA_1035_del_1_gt_g	4326439	Assoc_w_R_Interim
ETH	ethA_1033_del_3_tcaa_t	4326441	Assoc_w_R_Interim
ETH	ethA_1030_del_1_ac_a	4326444	Assoc_w_R_Interim
ETH	ethA_1030_ins_1_a_ac	4326444	Assoc_w_R_Interim
ETH	ethA_1030_ins_2_a_acc	4326444	Assoc_w_R_Interim
ETH	ethA_1019_del_3_gtaa_g	4326455	Assoc_w_R_Interim
ETH	ethA_1019_ins_3_g_gtaa	4326455	Assoc_w_R_Interim
ETH	ethA_1011_del_1_ga_g	4326463	Assoc_w_R_Interim
ETH	ethA_1000_del_141_gcagttcgcgacctgagttcagccggattccggtcgcggtgaaccgttca_g	4326474	Assoc_w_R_Interim
ETH	ethA_974_ins_1_a_at	4326500	Assoc_w_R_Interim
ETH	ethA_969_del_2027_ggtcgcggtgaaccgttcaatggtgtcggtcaccacctcgaccttcccgt_g	4326505	Assoc_w_R_Interim
ETH	ethA_969_ins_3_g_ggtc	4326505	Assoc_w_R_Interim
ETH	ethA_959_del_29_aaccgttcaatggtgtcggtcaccacctcgacct_aacct	4326515	Assoc_w_R_Interim
ETH	ethA_945_ins_38_g_gcccaacctggtagcggcggcgttggcgcgcgggctggc	4326529	Assoc_w_R_Interim
ETH	ethA_943_del_1_cg_c	4326531	Assoc_w_R_Interim
ETH	ethA_940_del_1_tc_t	4326534	Assoc_w_R_Interim
ETH	ethA_940_ins_1_tc_tca	4326534	Assoc_w_R_Interim
ETH	ethA_938_del_1_ac_a	4326536	Assoc_w_R_Interim
ETH	ethA_927_del_1_ct_c	4326547	Assoc_w_R_Interim
ETH	ethA_897_del_1_gc_g	4326577	Assoc_w_R_Interim
ETH	ethA_887_del_1_accaagcacaatcgctg_acaagcacaatcgctg	4326587	Assoc_w_R_Interim
ETH	ethA_887_del_1_accaagcacaatcgctg_accagcacaatcgctg	4326587	Assoc_w_R_Interim
ETH	ethA_886_del_1_cca_cc	4326588	Assoc_w_R_Interim
ETH	ethA_885_del_1_ca_c	4326589	Assoc_w_R_Interim
ETH	ethA_883_del_2_agca_ag	4326591	Assoc_w_R_Interim
ETH	ethA_882_ins_4_g_gcaca	4326592	Assoc_w_R_Interim
ETH	ethA_870_ins_1_g_gt	4326604	Assoc_w_R_Interim
ETH	ethA_868_del_1561_cccaggggttgtagtgcgggccgaagtgctttcgcacgtcgtacccctcg_c	4326606	Assoc_w_R_Interim
ETH	ethA_867_ins_5_c_ccaggg	4326607	Assoc_w_R_Interim
ETH	ethA_865_del_1_ag_a	4326609	Assoc_w_R_Interim
ETH	ethA_865_ins_1_ag_agg	4326609	Assoc_w_R_Interim
ETH	ethA_861_del_1_gt_g	4326613	Assoc_w_R_Interim
ETH	ethA_859_ins_1_t_tc	4326615	Assoc_w_R_Interim
ETH	ethA_854_ins_2_tgc_tgcgg	4326620	Assoc_w_R_Interim
ETH	ethA_852_del_1_cg_c	4326622	Assoc_w_R_Interim
ETH	ethA_850_del_1_ggc_gg	4326624	Assoc_w_R_Interim
ETH	ethA_849_del_1_gc_g	4326625	Assoc_w_R_Interim
ETH	ethA_846_ins_4_g_gaagt	4326628	Assoc_w_R_Interim
ETH	ethA_842_ins_1_t_tg	4326632	Assoc_w_R_Interim
ETH	ethA_840_del_1_ct_c	4326634	Assoc_w_R_Interim
ETH	ethA_840_ins_1_ct_ctt	4326634	Assoc_w_R_Interim
ETH	ethA_827_del_1_tac_ta	4326647	Assoc_w_R_Interim
ETH	ethA_827_del_1_tac_tc	4326647	Assoc_w_R_Interim
ETH	ethA_827_ins_1_tac_tacc	4326647	Assoc_w_R_Interim
ETH	ethA_826_del_1_ac_a	4326648	Assoc_w_R_Interim
ETH	ethA_813_del_1_ctg_ct	4326661	Assoc_w_R_Interim
ETH	ethA_807_ins_1_ct_ctg	4326667	Assoc_w_R_Interim
ETH	ethA_775_del_1_gc_g	4326699	Assoc_w_R_Interim
ETH	ethA_775_ins_1_gc_gcc	4326699	Assoc_w_R_Interim
ETH	ethA_771_del_1_tggc_tgc	4326703	Assoc_w_R_Interim
ETH	ethA_771_del_1_tggc_tgg	4326703	Assoc_w_R_Interim
ETH	ethA_771_ins_1_tggc_tgggc	4326703	Assoc_w_R_Interim
ETH	ethA_771_ins_2_tggc_tggccc	4326703	Assoc_w_R_Interim
ETH	ethA_770_del_1_ggc_gg	4326704	Assoc_w_R_Interim
ETH	ethA_769_del_1_gc_g	4326705	Assoc_w_R_Interim
ETH	ethA_758_del_1_ca_c	4326716	Assoc_w_R_Interim
ETH	ethA_758_ins_20_ca_caggcgctgtacacggccgcct	4326716	Assoc_w_R_Interim
ETH	ethA_756_del_2_ggc_g	4326718	Assoc_w_R_Interim
ETH	ethA_756_ins_2_ggc_ggcgc	4326718	Assoc_w_R_Interim
ETH	ethA_753_ins_1_g_gc	4326721	Assoc_w_R_Interim
ETH	ethA_745_ins_8_c_cggccgcct	4326729	Assoc_w_R_Interim
ETH	ethA_744_ins_3_g_ggcc	4326730	Assoc_w_R_Interim
ETH	ethA_743_ins_1_g_gc	4326731	Assoc_w_R_Interim
ETH	ethA_740_del_1_gcct_gcc	4326734	Assoc_w_R_Interim
ETH	ethA_740_ins_1_gcct_gccct	4326734	Assoc_w_R_Interim
ETH	ethA_740_ins_1_g_gc	4326734	Assoc_w_R_Interim
ETH	ethA_733_ins_1_g_gc	4326741	Assoc_w_R_Interim
ETH	ethA_723_del_1_ct_c	4326751	Assoc_w_R_Interim
ETH	ethA_721_ins_1_t_tc	4326753	Assoc_w_R_Interim
ETH	ethA_712_ins_2_c_ccg	4326762	Assoc_w_R_Interim
ETH	ethA_711_ins_3_c_cgcg	4326763	Assoc_w_R_Interim
ETH	ethA_709_del_1_cg_c	4326765	Assoc_w_R_Interim
ETH	ethA_708_del_9_ggtgtaggcc_g	4326766	Assoc_w_R_Interim
ETH	ethA_707_del_1_gt_g	4326767	Assoc_w_R_Interim
ETH	ethA_705_del_1_gta_gt	4326769	Assoc_w_R_Interim
ETH	ethA_704_del_1_tag_ta	4326770	Assoc_w_R_Interim
ETH	ethA_704_del_1_tag_tg	4326770	Assoc_w_R_Interim
ETH	ethA_704_del_1_ta_t	4326770	Assoc_w_R_Interim
ETH	ethA_695_ins_2_g_gtc	4326779	Assoc_w_R_Interim
ETH	ethA_694_ins_1_t_tc	4326780	Assoc_w_R_Interim
ETH	ethA_687_ins_1_c_ca	4326787	Assoc_w_R_Interim
ETH	ethA_687_ins_5_c_cagcca	4326787	Assoc_w_R_Interim
ETH	ethA_683_del_1_ca_c	4326791	Assoc_w_R_Interim
ETH	ethA_674_ins_2_a_agc	4326800	Assoc_w_R_Interim
ETH	ethA_673_del_6_gcttctcg_gc	4326801	Assoc_w_R_Interim
ETH	ethA_673_ins_1_gcttctcg_gccttctcg	4326801	Assoc_w_R_Interim
ETH	ethA_673_ins_1_gcttctcg_gctttctcg	4326801	Assoc_w_R_Interim
ETH	ethA_672_del_4_cttct_c	4326802	Assoc_w_R_Interim
ETH	ethA_659_del_1_ccg_cc	4326815	Assoc_w_R_Interim
ETH	ethA_659_del_2_ccg_c	4326815	Assoc_w_R_Interim
ETH	ethA_654_del_173_ccggtctggctgcgacacgatgtaggtgggtgagcgctgcagcatcgtga_c	4326820	Assoc_w_R_Interim
ETH	ethA_641_del_2_gac_g	4326833	Assoc_w_R_Interim
ETH	ethA_634_ins_12_t_tgtaggtgggtga	4326840	Assoc_w_R_Interim
ETH	ethA_634_ins_9_t_tgtaggtggg	4326840	Assoc_w_R_Interim
ETH	ethA_631_del_1_aggtgggtga_aggtgggga	4326843	Assoc_w_R_Interim
ETH	ethA_631_del_1_aggtgggtga_aggtgggta	4326843	Assoc_w_R_Interim
ETH	ethA_631_del_2_aggtgggtga_aggtgggt	4326843	Assoc_w_R_Interim
ETH	ethA_631_ins_1_aggtgggtga_aggtggggtga	4326843	Assoc_w_R_Interim
ETH	ethA_620_del_1_cg_c	4326854	Assoc_w_R_Interim
ETH	ethA_619_ins_1_g_gc	4326855	Assoc_w_R_Interim
ETH	ethA_598_del_1_tg_t	4326876	Assoc_w_R_Interim
ETH	ethA_585_ins_1_c_cg	4326889	Assoc_w_R_Interim
ETH	ethA_584_del_3_gcca_g	4326890	Assoc_w_R_Interim
ETH	ethA_584_ins_1_gcca_gccag	4326890	Assoc_w_R_Interim
ETH	ethA_579_ins_1_c_cg	4326895	Assoc_w_R_Interim
ETH	ethA_575_del_1655_ggcacgagcgtgaccgccgttgcgccactgccgatcacgacgatgttctt_gt	4326899	Assoc_w_R_Interim
ETH	ethA_571_ins_2_c_cga	4326903	Assoc_w_R_Interim
ETH	ethA_569_ins_2_a_agc	4326905	Assoc_w_R_Interim
ETH	ethA_568_ins_1_g_gc	4326906	Assoc_w_R_Interim
ETH	ethA_555_ins_2_t_tgc	4326919	Assoc_w_R_Interim
ETH	ethA_552_del_3_gcca_g	4326922	Assoc_w_R_Interim
ETH	ethA_541_ins_1_t_tc	4326933	Assoc_w_R_Interim
ETH	ethA_536_del_1_ac_a	4326938	Assoc_w_R_Interim
ETH	ethA_532_ins_1_t_tg	4326942	Assoc_w_R_Interim
ETH	ethA_510_del_1_gt_g	4326964	Assoc_w_R_Interim
ETH	ethA_502_del_1_gc_g	4326972	Assoc_w_R_Interim
ETH	ethA_492_ins_1_c_cg	4326982	Assoc_w_R_Interim
ETH	ethA_482_del_1_atcggcccgacgaaatcctccgagccggcgaatc_atcgcccgacgaaatcctccgagccggcgaatc	4326992	Assoc_w_R_Interim
ETH	ethA_482_del_1_atcggcccgacgaaatcctccgagccggcgaatc_atcgtccgacgaaatcctccgagccggcgaatc	4326992	Assoc_w_R_Interim
ETH	ethA_482_del_33_atcggcccgacgaaatcctccgagccggcgaatc_a	4326992	Assoc_w_R_Interim
ETH	ethA_482_del_3_atcggcccgacgaaatcctccgagccggcgaatc_atcccgacgaaatcctccgagccggcgaatc	4326992	Assoc_w_R_Interim
ETH	ethA_480_del_1_cg_c	4326994	Assoc_w_R_Interim
ETH	ethA_478_del_1_gc_g	4326996	Assoc_w_R_Interim
ETH	ethA_449_ins_25_c_ctcggcgagtagccctcgtcgtagtt	4327025	Assoc_w_R_Interim
ETH	ethA_442_ins_2_a_agt	4327032	Assoc_w_R_Interim
ETH	ethA_441_ins_1_g_ga	4327033	Assoc_w_R_Interim
ETH	ethA_440_del_1_ta_t	4327034	Assoc_w_R_Interim
ETH	ethA_438_ins_2_g_gcc	4327036	Assoc_w_R_Interim
ETH	ethA_393_del_1_gca_ga	4327081	Assoc_w_R_Interim
ETH	ethA_393_ins_1_gca_gcaa	4327081	Assoc_w_R_Interim
ETH	ethA_389_del_1_gt_g	4327085	Assoc_w_R_Interim
ETH	ethA_386_del_2_agggc_agg	4327088	Assoc_w_R_Interim
ETH	ethA_386_ins_1_agggc_agggcc	4327088	Assoc_w_R_Interim
ETH	ethA_386_ins_1_agggc_aggggc	4327088	Assoc_w_R_Interim
ETH	ethA_376_ins_5_g_gcgtgc	4327098	Assoc_w_R_Interim
ETH	ethA_367_del_14_ggctttggatgtgaac_ga	4327107	Assoc_w_R_Interim
ETH	ethA_367_del_1_ggctttggatgtgaac_ggcttggatgtgaac	4327107	Assoc_w_R_Interim
ETH	ethA_367_del_1_ggctttggatgtgaac_ggctttgatgtgaac	4327107	Assoc_w_R_Interim
ETH	ethA_367_ins_1_ggctttggatgtgaac_ggctttggatgtgaaac	4327107	Assoc_w_R_Interim
ETH	ethA_367_ins_1_ggctttggatgtgaac_ggcttttggatgtgaac	4327107	Assoc_w_R_Interim
ETH	ethA_342_del_1_gt_g	4327132	Assoc_w_R_Interim
ETH	ethA_342_ins_1_gt_gtt	4327132	Assoc_w_R_Interim
ETH	ethA_332_del_15_gtcgaccaatcggcac_g	4327142	Assoc_w_R_Interim
ETH	ethA_316_del_1_tgatcaccttgtggtggaaccggata_tgatcaccttgtggtggaccggata	4327158	Assoc_w_R_Interim
ETH	ethA_316_del_8_tgatcaccttgtggtggaaccggata_tggtggtggaaccggata	4327158	Assoc_w_R_Interim
ETH	ethA_316_ins_1_tgatcaccttgtggtggaaccggata_tggatcaccttgtggtggaaccggata	4327158	Assoc_w_R_Interim
ETH	ethA_282_del_1_gattcc_gatcc	4327192	Assoc_w_R_Interim
ETH	ethA_282_ins_5_gattcc_gattccattcc	4327192	Assoc_w_R_Interim
ETH	ethA_281_del_1_at_a	4327193	Assoc_w_R_Interim
ETH	ethA_269_del_1_gccgcggtgctcttgacgtact_gcgcggtgctcttgacgtact	4327205	Assoc_w_R_Interim
ETH	ethA_269_del_20_gccgcggtgctcttgacgtact_gc	4327205	Assoc_w_R_Interim
ETH	ethA_269_ins_1_gccgcggtgctcttgacgtact_gccgcggtggctcttgacgtact	4327205	Assoc_w_R_Interim
ETH	ethA_256_del_3_tgac_t	4327218	Assoc_w_R_Interim
ETH	ethA_243_ins_1_g_gt	4327231	Assoc_w_R_Interim
ETH	ethA_231_del_1_gt_g	4327243	Assoc_w_R_Interim
ETH	ethA_227_ins_4_g_gcgat	4327247	Assoc_w_R_Interim
ETH	ethA_218_ins_1_t_tg	4327256	Assoc_w_R_Interim
ETH	ethA_205_ins_1_a_ag	4327269	Assoc_w_R_Interim
ETH	ethA_202_ins_1_g_ga	4327272	Assoc_w_R_Interim
ETH	ethA_196_del_1_atcggaaacctagcgtgtacatg_atcggaaacctagcggtacatg	4327278	Assoc_w_R_Interim
ETH	ethA_196_del_22_atcggaaacctagcgtgtacatg_a	4327278	Assoc_w_R_Interim
ETH	ethA_196_ins_1_atcggaaacctagcgtgtacatg_atcggcaaacctagcgtgtacatg	4327278	Assoc_w_R_Interim
ETH	ethA_167_del_1409_tcggagcgaattccgggataacggaacaaatcccaggtgccgcccatgga_t	4327307	Assoc_w_R_Interim
ETH	ethA_166_del_673_cggagcgaattccgggataacggaacaaatcccaggtgccgcccatggat_c	4327308	Assoc_w_R_Interim
ETH	ethA_153_del_1_gggataacggaacaaatccca_gggataacggaacaatccca	4327321	Assoc_w_R_Interim
ETH	ethA_153_del_20_gggataacggaacaaatccca_g	4327321	Assoc_w_R_Interim
ETH	ethA_141_del_1_ca_c	4327333	Assoc_w_R_Interim
ETH	ethA_140_del_2_aaat_aa	4327334	Assoc_w_R_Interim
ETH	ethA_131_ins_1_g_gt	4327343	Assoc_w_R_Interim
ETH	ethA_129_del_1_gccgc_gccg	4327345	Assoc_w_R_Interim
ETH	ethA_129_del_4_gccgc_g	4327345	Assoc_w_R_Interim
ETH	ethA_129_ins_1_gccgc_gccgcc	4327345	Assoc_w_R_Interim
ETH	ethA_126_del_1_gc_g	4327348	Assoc_w_R_Interim
ETH	ethA_125_del_157_cccatggattcccgcttttccaggatggcgtagctcttggtcgggcaacg_c	4327349	Assoc_w_R_Interim
ETH	ethA_124_del_120_ccatggattcccgcttttccaggatggcgtagctcttggtcgggcaacgg_c	4327350	Assoc_w_R_Interim
ETH	ethA_118_del_1_at_a	4327356	Assoc_w_R_Interim
ETH	ethA_113_del_10_cgcttttccaggatggcgtagc_cgcttttccagg	4327361	Assoc_w_R_Interim
ETH	ethA_113_del_19_cgcttttccaggatggcgtagc_cgc	4327361	Assoc_w_R_Interim
ETH	ethA_113_del_1_cgcttttccaggatggcgtagc_cgctttccaggatggcgtagc	4327361	Assoc_w_R_Interim
ETH	ethA_113_del_1_cgcttttccaggatggcgtagc_cgcttttccaggatggctagc	4327361	Assoc_w_R_Interim
ETH	ethA_113_ins_2_cgcttttccaggatggcgtagc_cgcttttccaggatggcgtagcgc	4327361	Assoc_w_R_Interim
ETH	ethA_113_ins_3_cgcttttccaggatggcgtagc_cgcttttccaggatggcgtagtagc	4327361	Assoc_w_R_Interim
ETH	ethA_111_del_1_ct_c	4327363	Assoc_w_R
ETH	ethA_108_del_1_tt_t	4327366	Assoc_w_R_Interim
ETH	ethA_91_del_1_tcttg_tctg	4327383	Assoc_w_R_Interim
ETH	ethA_90_del_1_ct_c	4327384	Assoc_w_R_Interim
ETH	ethA_88_del_1_tg_t	4327386	Assoc_w_R_Interim
ETH	ethA_85_del_1_tcg_tc	4327389	Assoc_w_R_Interim
ETH	ethA_85_del_2_tcg_t	4327389	Assoc_w_R_Interim
ETH	ethA_66_del_1_gt_g	4327408	Assoc_w_R_Interim
ETH	ethA_58_ins_1_ccgcgct_ccgcgctt	4327416	Assoc_w_R_Interim
ETH	ethA_49_del_25_caccggagattccagcgcccacgatg_c	4327425	Assoc_w_R_Interim
ETH	ethA_49_ins_7_caccggagattccagcgcccacgatg_caccggagattccagcgcccacgatgacaacgg	4327425	Assoc_w_R_Interim
ETH	ethA_33_del_1_gc_g	4327441	Assoc_w_R_Interim
ETH	ethA_10_del_1_gct_gc	4327464	Assoc_w_R_Interim
ETH	ethA_g-6a	4327479	Uncertain_significance
ETH	ethA_-7_del_6_acgctat_a	4327480	Uncertain_significance
ETH	ethA_t-7c	4327480	Assoc_w_R_Interim
ETH	ethA_t-7g	4327480	Uncertain_significance
ETH	ethA_g-10a	4327483	Uncertain_significance
ETH	ethA_a-11c	4327484	Uncertain_significance
ETH	ethA_a-11g	4327484	Uncertain_significance
ETH	ethA_a-11t	4327484	Uncertain_significance
ETH	ethA_t-12c	4327485	Uncertain_significance
ETH	ethA_a-24t	4327497	Uncertain_significance
ETH	ethA_c-28t	4327501	Uncertain_significance
ETH	ethA_-29_del_20_gccgtcaacgagatgtcgaca_g	4327502	Uncertain_significance
ETH	ethA_c-29g	4327502	Uncertain_significance
ETH	ethA_g-30t	4327503	Uncertain_significance
ETH	ethA_t-36c	4327509	Uncertain_significance
ETH	ethA_t-39c	4327512	Uncertain_significance
ETH	ethA_t-41g	4327514	Uncertain_significance
ETH	ethA_c-43t	4327516	Uncertain_significance
ETH	ethA_c-46t	4327519	Uncertain_significance
ETH	ethA_g-50a	4327523	Uncertain_significance
ETH	ethA_c-55t	4327528	Uncertain_significance
ETH	ethA_g-57a	4327530	Uncertain_significance
ETH	ethA_t-62c	4327535	Uncertain_significance
ETH	ethA_c-70t	4327543	Uncertain_significance
ETH	ethA_g-71a	4327544	Uncertain_significance
ETH	ethA_t-73c	4327546	Uncertain_significance
ETH	ethA_t-73g	4327546	Uncertain_significance
ETH	ethR_79_del_1_ct_c	4327627	Uncertain_significance
ETH	ethR_317_del_7_ggatcaac_g	4327865	Uncertain_significance
