AMI	aftB_A115V		Uncertain_significance
AMI	aftB_A131S		Uncertain_significance
AMI	aftB_A196E		Uncertain_significance
AMI	aftB_A203V		Uncertain_significance
AMI	aftB_A265T		Uncertain_significance
AMI	aftB_A295T		Uncertain_significance
AMI	aftB_A304E		Uncertain_significance
AMI	aftB_A304S		Uncertain_significance
AMI	aftB_A310V		Uncertain_significance
AMI	aftB_A341P		Uncertain_significance
AMI	aftB_A348D		Uncertain_significance
AMI	aftB_A389V		Uncertain_significance
AMI	aftB_A417D		Uncertain_significance
AMI	aftB_A417S		Uncertain_significance
AMI	aftB_A449T		Uncertain_significance
AMI	aftB_A473V		Uncertain_significance
AMI	aftB_A485T		Uncertain_significance
AMI	aftB_A516Q		Uncertain_significance
AMI	aftB_A516V		Uncertain_significance
AMI	aftB_A524G		Uncertain_significance
AMI	aftB_A539V		Uncertain_significance
AMI	aftB_A564T		Uncertain_significance
AMI	aftB_A565D		Uncertain_significance
AMI	aftB_A580S		Uncertain_significance
AMI	aftB_A85P		Uncertain_significance
AMI	aftB_C345W		Uncertain_significance
AMI	aftB_D248G		Uncertain_significance
AMI	aftB_D397G		Not_assoc_w_R
AMI	aftB_D428Y		Uncertain_significance
AMI	aftB_D431G		Uncertain_significance
AMI	aftB_D431Y		Uncertain_significance
AMI	aftB_D461G		Uncertain_significance
AMI	aftB_D555E		Uncertain_significance
AMI	aftB_D619Y		Uncertain_significance
AMI	aftB_E366K		Uncertain_significance
AMI	aftB_E53D		Uncertain_significance
AMI	aftB_E563G		Uncertain_significance
AMI	aftB_E596G		Uncertain_significance
AMI	aftB_E596K		Uncertain_significance
AMI	aftB_E627D		Uncertain_significance
AMI	aftB_F597L		Uncertain_significance
AMI	aftB_G103A		Uncertain_significance
AMI	aftB_G103C		Uncertain_significance
AMI	aftB_G173C		Uncertain_significance
AMI	aftB_G180A		Uncertain_significance
AMI	aftB_G18A		Uncertain_significance
AMI	aftB_G194A		Uncertain_significance
AMI	aftB_G218A		Uncertain_significance
AMI	aftB_G299S		Uncertain_significance
AMI	aftB_G331S		Uncertain_significance
AMI	aftB_G351W		Uncertain_significance
AMI	aftB_G377A		Uncertain_significance
AMI	aftB_G384C		Uncertain_significance
AMI	aftB_G394D		Uncertain_significance
AMI	aftB_G396V		Uncertain_significance
AMI	aftB_G549S		Uncertain_significance
AMI	aftB_G620R		Uncertain_significance
AMI	aftB_G622V		Uncertain_significance
AMI	aftB_G70S		Uncertain_significance
AMI	aftB_G71S		Uncertain_significance
AMI	aftB_G74A		Uncertain_significance
AMI	aftB_G75R		Uncertain_significance
AMI	aftB_H585Y		Uncertain_significance
AMI	aftB_H593Y		Uncertain_significance
AMI	aftB_I116T		Uncertain_significance
AMI	aftB_I126V		Uncertain_significance
AMI	aftB_I202V		Uncertain_significance
AMI	aftB_I327V		Uncertain_significance
AMI	aftB_I33T		Uncertain_significance
AMI	aftB_I353T		Uncertain_significance
AMI	aftB_I355V		Uncertain_significance
AMI	aftB_I407V		Uncertain_significance
AMI	aftB_I466V		Uncertain_significance
AMI	aftB_I582T		Uncertain_significance
AMI	aftB_K522R		Uncertain_significance
AMI	aftB_L100P		Uncertain_significance
AMI	aftB_L105S		Uncertain_significance
AMI	aftB_L151F		Uncertain_significance
AMI	aftB_L162V		Uncertain_significance
AMI	aftB_L16P		Uncertain_significance
AMI	aftB_L172F		Uncertain_significance
AMI	aftB_L266P		Uncertain_significance
AMI	aftB_L270M		Uncertain_significance
AMI	aftB_L290V		Uncertain_significance
AMI	aftB_L494V		Uncertain_significance
AMI	aftB_L67M		Uncertain_significance
AMI	aftB_L79M		Uncertain_significance
AMI	aftB_L86M		Uncertain_significance
AMI	aftB_L98F		Uncertain_significance
AMI	aftB_M1I		Uncertain_significance
AMI	aftB_M1K		Uncertain_significance
AMI	aftB_M254A		Uncertain_significance
AMI	aftB_M395I		Uncertain_significance
AMI	aftB_M465I		Uncertain_significance
AMI	aftB_M465V		Uncertain_significance
AMI	aftB_M491L		Uncertain_significance
AMI	aftB_M77L		Uncertain_significance
AMI	aftB_M99I		Uncertain_significance
AMI	aftB_N259D		Uncertain_significance
AMI	aftB_N259H		Uncertain_significance
AMI	aftB_N40D		Uncertain_significance
AMI	aftB_N458T		Uncertain_significance
AMI	aftB_N50S		Uncertain_significance
AMI	aftB_P108T		Uncertain_significance
AMI	aftB_P129S		Uncertain_significance
AMI	aftB_P130L		Uncertain_significance
AMI	aftB_P161S		Uncertain_significance
AMI	aftB_P309R		Uncertain_significance
AMI	aftB_P342S		Uncertain_significance
AMI	aftB_P349R		Uncertain_significance
AMI	aftB_P358L		Uncertain_significance
AMI	aftB_P423L		Uncertain_significance
AMI	aftB_P446L		Uncertain_significance
AMI	aftB_P446R		Uncertain_significance
AMI	aftB_P478S		Uncertain_significance
AMI	aftB_P513A		Uncertain_significance
AMI	aftB_P513S		Uncertain_significance
AMI	aftB_P534Q		Uncertain_significance
AMI	aftB_P548L		Uncertain_significance
AMI	aftB_P621R		Uncertain_significance
AMI	aftB_P76Q		Uncertain_significance
AMI	aftB_Q169P		Uncertain_significance
AMI	aftB_Q225E		Uncertain_significance
AMI	aftB_Q306R		Uncertain_significance
AMI	aftB_Q322E		Uncertain_significance
AMI	aftB_Q483H		Uncertain_significance
AMI	aftB_Q561R		Uncertain_significance
AMI	aftB_R114W		Uncertain_significance
AMI	aftB_R132L		Uncertain_significance
AMI	aftB_R25S		Uncertain_significance
AMI	aftB_R284H		Uncertain_significance
AMI	aftB_R300W		Uncertain_significance
AMI	aftB_R303L		Uncertain_significance
AMI	aftB_R303Q		Uncertain_significance
AMI	aftB_R39H		Uncertain_significance
AMI	aftB_R401H		Uncertain_significance
AMI	aftB_R401W		Uncertain_significance
AMI	aftB_R411H		Uncertain_significance
AMI	aftB_R412H		Uncertain_significance
AMI	aftB_R467L		Uncertain_significance
AMI	aftB_R467Q		Uncertain_significance
AMI	aftB_R503Q		Uncertain_significance
AMI	aftB_R54Q		Uncertain_significance
AMI	aftB_R579C		Uncertain_significance
AMI	aftB_R601C		Uncertain_significance
AMI	aftB_S137A		Uncertain_significance
AMI	aftB_S141C		Uncertain_significance
AMI	aftB_S159A		Uncertain_significance
AMI	aftB_S21G		Uncertain_significance
AMI	aftB_S238G		Uncertain_significance
AMI	aftB_S386A		Uncertain_significance
AMI	aftB_S405W		Uncertain_significance
AMI	aftB_S469L		Uncertain_significance
AMI	aftB_S594F		Uncertain_significance
AMI	aftB_S91A		Uncertain_significance
AMI	aftB_T102I		Uncertain_significance
AMI	aftB_T11M		Uncertain_significance
AMI	aftB_T282M		Uncertain_significance
AMI	aftB_T445I		Uncertain_significance
AMI	aftB_V128L		Uncertain_significance
AMI	aftB_V144A		Uncertain_significance
AMI	aftB_V144M		Uncertain_significance
AMI	aftB_V156L		Uncertain_significance
AMI	aftB_V15M		Uncertain_significance
AMI	aftB_V185A		Uncertain_significance
AMI	aftB_V211G		Uncertain_significance
AMI	aftB_V274A		Uncertain_significance
AMI	aftB_V293M		Not_assoc_w_R
AMI	aftB_V2A		Uncertain_significance
AMI	aftB_V316A		Uncertain_significance
AMI	aftB_V320M		Uncertain_significance
AMI	aftB_V350A		Uncertain_significance
AMI	aftB_V352G		Uncertain_significance
AMI	aftB_V372G		Uncertain_significance
AMI	aftB_V438I		Uncertain_significance
AMI	aftB_V511A		Uncertain_significance
AMI	aftB_V544M		Uncertain_significance
AMI	aftB_V55I		Uncertain_significance
AMI	aftB_V574L		Uncertain_significance
AMI	aftB_V69A		Uncertain_significance
AMI	aftB_W19C		Uncertain_significance
AMI	aftB_W22R		Uncertain_significance
AMI	aftB_W546G		Uncertain_significance
AMI	aftB_W63S		Uncertain_significance
AMI	aftB_W63Y		Uncertain_significance
AMI	aftB_Y106C		Uncertain_significance
AMI	aftB_Y298C		Uncertain_significance
AMI	aftB_Y81H		Uncertain_significance
AMI	ccsA_A11V		Uncertain_significance
AMI	ccsA_A124T		Uncertain_significance
AMI	ccsA_A132P		Uncertain_significance
AMI	ccsA_A158T		Uncertain_significance
AMI	ccsA_A189T		Uncertain_significance
AMI	ccsA_A213V		Uncertain_significance
AMI	ccsA_A229S		Uncertain_significance
AMI	ccsA_A248V		Uncertain_significance
AMI	ccsA_A281E		Uncertain_significance
AMI	ccsA_A298S		Uncertain_significance
AMI	ccsA_A298V		Uncertain_significance
AMI	ccsA_A33V		Uncertain_significance
AMI	ccsA_A48V		Uncertain_significance
AMI	ccsA_A55V		Uncertain_significance
AMI	ccsA_D226N		Uncertain_significance
AMI	ccsA_E205D		Uncertain_significance
AMI	ccsA_E209D		Uncertain_significance
AMI	ccsA_E74A		Uncertain_significance
AMI	ccsA_F140L		Uncertain_significance
AMI	ccsA_F186S		Uncertain_significance
AMI	ccsA_F237L		Uncertain_significance
AMI	ccsA_F237S		Uncertain_significance
AMI	ccsA_F305V		Uncertain_significance
AMI	ccsA_F308L		Uncertain_significance
AMI	ccsA_G208N		Uncertain_significance
AMI	ccsA_G210S		Uncertain_significance
AMI	ccsA_G214R		Uncertain_significance
AMI	ccsA_G227R		Uncertain_significance
AMI	ccsA_G324S		Uncertain_significance
AMI	ccsA_G52R		Uncertain_significance
AMI	ccsA_G99A		Uncertain_significance
AMI	ccsA_G9S		Uncertain_significance
AMI	ccsA_H5N		Uncertain_significance
AMI	ccsA_H69R		Uncertain_significance
AMI	ccsA_I123A		Uncertain_significance
AMI	ccsA_I123V		Uncertain_significance
AMI	ccsA_I245M		Not_assoc_w_R
AMI	ccsA_I63V		Uncertain_significance
AMI	ccsA_L119F		Uncertain_significance
AMI	ccsA_L141V		Uncertain_significance
AMI	ccsA_L212P		Uncertain_significance
AMI	ccsA_L219F		Uncertain_significance
AMI	ccsA_L279V		Uncertain_significance
AMI	ccsA_L4M		Uncertain_significance
AMI	ccsA_M164I		Uncertain_significance
AMI	ccsA_M215L		Uncertain_significance
AMI	ccsA_N296S		Uncertain_significance
AMI	ccsA_P144S		Uncertain_significance
AMI	ccsA_P46S		Uncertain_significance
AMI	ccsA_P61L		Uncertain_significance
AMI	ccsA_P61S		Uncertain_significance
AMI	ccsA_P71L		Uncertain_significance
AMI	ccsA_R131C		Uncertain_significance
AMI	ccsA_R131K		Uncertain_significance
AMI	ccsA_R133Q		Uncertain_significance
AMI	ccsA_R199C		Uncertain_significance
AMI	ccsA_R202G		Uncertain_significance
AMI	ccsA_R202P		Uncertain_significance
AMI	ccsA_R217G		Uncertain_significance
AMI	ccsA_R217W		Uncertain_significance
AMI	ccsA_R257C		Uncertain_significance
AMI	ccsA_R288Q		Uncertain_significance
AMI	ccsA_S120C		Uncertain_significance
AMI	ccsA_T200I		Uncertain_significance
AMI	ccsA_T207G		Uncertain_significance
AMI	ccsA_T232A		Uncertain_significance
AMI	ccsA_T314A		Uncertain_significance
AMI	ccsA_T3M		Uncertain_significance
AMI	ccsA_T56A		Uncertain_significance
AMI	ccsA_V127I		Uncertain_significance
AMI	ccsA_V143F		Uncertain_significance
AMI	ccsA_V143L		Uncertain_significance
AMI	ccsA_V191I		Uncertain_significance
AMI	ccsA_V198L		Uncertain_significance
AMI	ccsA_V239I		Uncertain_significance
AMI	ccsA_V244M		Uncertain_significance
AMI	ccsA_V270I		Uncertain_significance
AMI	ccsA_V274I		Uncertain_significance
AMI	ccsA_V27I		Not_assoc_w_R
AMI	ccsA_V27L		Uncertain_significance
AMI	ccsA_V301L		Uncertain_significance
AMI	ccsA_V6F		Uncertain_significance
AMI	ccsA_Y111H		Uncertain_significance
AMI	ccsA_Y134H		Uncertain_significance
AMI	ccsA_Y275H		Uncertain_significance
AMI	eis_A151P		Uncertain_significance
AMI	eis_A151V		Uncertain_significance
AMI	eis_A202P		Uncertain_significance
AMI	eis_A207T		Uncertain_significance
AMI	eis_A21E		Uncertain_significance
AMI	eis_A22G		Uncertain_significance
AMI	eis_A243T		Uncertain_significance
AMI	eis_A243V		Uncertain_significance
AMI	eis_A251G		Uncertain_significance
AMI	eis_A285V		Uncertain_significance
AMI	eis_A304V		Uncertain_significance
AMI	eis_A338T		Uncertain_significance
AMI	eis_A370S		Uncertain_significance
AMI	eis_A370V		Uncertain_significance
AMI	eis_A371S		Uncertain_significance
AMI	eis_A62V		Uncertain_significance
AMI	eis_A86V		Uncertain_significance
AMI	eis_C6Y		Uncertain_significance
AMI	eis_D152N		Uncertain_significance
AMI	eis_D26Y		Uncertain_significance
AMI	eis_D273A		Uncertain_significance
AMI	eis_D281G		Uncertain_significance
AMI	eis_D352G		Uncertain_significance
AMI	eis_D354N		Uncertain_significance
AMI	eis_E103K		Uncertain_significance
AMI	eis_E10K		Uncertain_significance
AMI	eis_E199A		Uncertain_significance
AMI	eis_E199G		Uncertain_significance
AMI	eis_E313D		Uncertain_significance
AMI	eis_E348D		Uncertain_significance
AMI	eis_E348K		Uncertain_significance
AMI	eis_E401D		Uncertain_significance
AMI	eis_F129L		Uncertain_significance
AMI	eis_F84Y		Uncertain_significance
AMI	eis_G156C		Uncertain_significance
AMI	eis_G188A		Uncertain_significance
AMI	eis_G222A		Uncertain_significance
AMI	eis_G222R		Uncertain_significance
AMI	eis_G258S		Uncertain_significance
AMI	eis_G309D		Uncertain_significance
AMI	eis_G60E		Uncertain_significance
AMI	eis_H105Y		Uncertain_significance
AMI	eis_H150T		Uncertain_significance
AMI	eis_H249R		Uncertain_significance
AMI	eis_H270Q		Uncertain_significance
AMI	eis_I267T		Uncertain_significance
AMI	eis_K234M		Uncertain_significance
AMI	eis_K234N		Uncertain_significance
AMI	eis_L140V		Uncertain_significance
AMI	eis_L18P		Uncertain_significance
AMI	eis_L18R		Uncertain_significance
AMI	eis_L200V		Uncertain_significance
AMI	eis_L235R		Uncertain_significance
AMI	eis_L331R		Uncertain_significance
AMI	eis_L375S		Uncertain_significance
AMI	eis_L386I		Uncertain_significance
AMI	eis_L77P		Uncertain_significance
AMI	eis_M100V		Uncertain_significance
AMI	eis_M351V		Uncertain_significance
AMI	eis_P114L		Uncertain_significance
AMI	eis_P193S		Uncertain_significance
AMI	eis_P208L		Uncertain_significance
AMI	eis_P274L		Uncertain_significance
AMI	eis_P276S		Uncertain_significance
AMI	eis_P302Q		Uncertain_significance
AMI	eis_P30H		Uncertain_significance
AMI	eis_P30L		Uncertain_significance
AMI	eis_P342L		Uncertain_significance
AMI	eis_P72L		Uncertain_significance
AMI	eis_P78A		Uncertain_significance
AMI	eis_P78S		Uncertain_significance
AMI	eis_Q272!		Uncertain_significance
AMI	eis_R106H		Uncertain_significance
AMI	eis_R106L		Uncertain_significance
AMI	eis_R212H		Uncertain_significance
AMI	eis_R254Q		Uncertain_significance
AMI	eis_R297C		Uncertain_significance
AMI	eis_R376C		Uncertain_significance
AMI	eis_R49C		Uncertain_significance
AMI	eis_R92C		Uncertain_significance
AMI	eis_S111Y		Uncertain_significance
AMI	eis_S23G		Uncertain_significance
AMI	eis_S358R		Uncertain_significance
AMI	eis_S367P		Uncertain_significance
AMI	eis_S56C		Uncertain_significance
AMI	eis_S56P		Uncertain_significance
AMI	eis_S83T		Uncertain_significance
AMI	eis_T136S		Uncertain_significance
AMI	eis_T169I		Uncertain_significance
AMI	eis_T231I		Uncertain_significance
AMI	eis_T287A		Uncertain_significance
AMI	eis_T38A		Uncertain_significance
AMI	eis_T398N		Uncertain_significance
AMI	eis_T4P		Uncertain_significance
AMI	eis_T70A		Uncertain_significance
AMI	eis_V115A		Uncertain_significance
AMI	eis_V163I		Not_assoc_w_R
AMI	eis_V1V		Uncertain_significance
AMI	eis_V301G		Uncertain_significance
AMI	eis_V301I		Uncertain_significance
AMI	eis_V314L		Uncertain_significance
AMI	eis_V396I		Uncertain_significance
AMI	eis_V3A		Uncertain_significance
AMI	eis_V85A		Uncertain_significance
AMI	eis_W182!		Uncertain_significance
AMI	eis_W253R		Uncertain_significance
AMI	eis_W36R		Uncertain_significance
AMI	eis_W36!		Uncertain_significance
AMI	fprA_A106T		Uncertain_significance
AMI	fprA_A124T		Uncertain_significance
AMI	fprA_A15G		Uncertain_significance
AMI	fprA_A174T		Uncertain_significance
AMI	fprA_A19G		Uncertain_significance
AMI	fprA_A238T		Uncertain_significance
AMI	fprA_A238V		Uncertain_significance
AMI	fprA_A256G		Uncertain_significance
AMI	fprA_A303S		Uncertain_significance
AMI	fprA_A315V		Uncertain_significance
AMI	fprA_A35V		Uncertain_significance
AMI	fprA_A375S		Uncertain_significance
AMI	fprA_A407P		Uncertain_significance
AMI	fprA_A412S		Uncertain_significance
AMI	fprA_A412T		Uncertain_significance
AMI	fprA_A432S		Uncertain_significance
AMI	fprA_A71V		Uncertain_significance
AMI	fprA_D109A		Uncertain_significance
AMI	fprA_D177H		Uncertain_significance
AMI	fprA_D219N		Uncertain_significance
AMI	fprA_D231G		Uncertain_significance
AMI	fprA_D257G		Uncertain_significance
AMI	fprA_D306G		Uncertain_significance
AMI	fprA_D31H		Uncertain_significance
AMI	fprA_D336E		Uncertain_significance
AMI	fprA_D37E		Uncertain_significance
AMI	fprA_D37N		Uncertain_significance
AMI	fprA_D404A		Uncertain_significance
AMI	fprA_D408N		Uncertain_significance
AMI	fprA_D98E		Uncertain_significance
AMI	fprA_D98G		Uncertain_significance
AMI	fprA_E117D		Uncertain_significance
AMI	fprA_E117G		Uncertain_significance
AMI	fprA_E117K		Uncertain_significance
AMI	fprA_E139A		Uncertain_significance
AMI	fprA_E193K		Uncertain_significance
AMI	fprA_E236K		Uncertain_significance
AMI	fprA_E311G		Uncertain_significance
AMI	fprA_E354K		Uncertain_significance
AMI	fprA_E394D		Uncertain_significance
AMI	fprA_E394K		Uncertain_significance
AMI	fprA_E400D		Uncertain_significance
AMI	fprA_E400G		Uncertain_significance
AMI	fprA_E430D		Uncertain_significance
AMI	fprA_E430K		Uncertain_significance
AMI	fprA_E68K		Uncertain_significance
AMI	fprA_E72A		Uncertain_significance
AMI	fprA_F334L		Uncertain_significance
AMI	fprA_F78L		Uncertain_significance
AMI	fprA_G12R		Uncertain_significance
AMI	fprA_G130S		Uncertain_significance
AMI	fprA_G190S		Uncertain_significance
AMI	fprA_G198E		Uncertain_significance
AMI	fprA_G201D		Uncertain_significance
AMI	fprA_G232S		Uncertain_significance
AMI	fprA_G290S		Uncertain_significance
AMI	fprA_G298E		Uncertain_significance
AMI	fprA_G298S		Uncertain_significance
AMI	fprA_G300R		Uncertain_significance
AMI	fprA_G326R		Uncertain_significance
AMI	fprA_G339A		Uncertain_significance
AMI	fprA_G438A		Uncertain_significance
AMI	fprA_G91D		Uncertain_significance
AMI	fprA_G91S		Uncertain_significance
AMI	fprA_H137N		Uncertain_significance
AMI	fprA_H181Y		Uncertain_significance
AMI	fprA_I101N		Uncertain_significance
AMI	fprA_I225V		Uncertain_significance
AMI	fprA_I233S		Uncertain_significance
AMI	fprA_I348V		Uncertain_significance
AMI	fprA_K246Q		Uncertain_significance
AMI	fprA_K250T		Uncertain_significance
AMI	fprA_K305R		Uncertain_significance
AMI	fprA_L173S		Uncertain_significance
AMI	fprA_L252R		Uncertain_significance
AMI	fprA_L313P		Uncertain_significance
AMI	fprA_L32P		Uncertain_significance
AMI	fprA_L332P		Uncertain_significance
AMI	fprA_L447R		Uncertain_significance
AMI	fprA_L450P		Uncertain_significance
AMI	fprA_L455R		Uncertain_significance
AMI	fprA_M111A		Uncertain_significance
AMI	fprA_M267I		Uncertain_significance
AMI	fprA_M34I		Uncertain_significance
AMI	fprA_M38T		Uncertain_significance
AMI	fprA_N133H		Uncertain_significance
AMI	fprA_N292S		Uncertain_significance
AMI	fprA_N349E		Uncertain_significance
AMI	fprA_N349T		Uncertain_significance
AMI	fprA_N385D		Not_assoc_w_R
AMI	fprA_P115L		Uncertain_significance
AMI	fprA_P13S		Uncertain_significance
AMI	fprA_P188S		Uncertain_significance
AMI	fprA_P342T		Uncertain_significance
AMI	fprA_P352R		Uncertain_significance
AMI	fprA_P364S		Uncertain_significance
AMI	fprA_P3H		Uncertain_significance
AMI	fprA_P440A		Uncertain_significance
AMI	fprA_P90A		Uncertain_significance
AMI	fprA_Q316E		Uncertain_significance
AMI	fprA_Q316R		Uncertain_significance
AMI	fprA_Q337K		Uncertain_significance
AMI	fprA_Q405P		Uncertain_significance
AMI	fprA_Q405R		Uncertain_significance
AMI	fprA_Q405!		Uncertain_significance
AMI	fprA_R149Q		Uncertain_significance
AMI	fprA_R187H		Uncertain_significance
AMI	fprA_R200Q		Uncertain_significance
AMI	fprA_R265H		Uncertain_significance
AMI	fprA_R282L		Uncertain_significance
AMI	fprA_R282P		Uncertain_significance
AMI	fprA_R291H		Uncertain_significance
AMI	fprA_R325C		Uncertain_significance
AMI	fprA_S11F		Uncertain_significance
AMI	fprA_S21C		Uncertain_significance
AMI	fprA_S274Y		Uncertain_significance
AMI	fprA_S296T		Uncertain_significance
AMI	fprA_S299R		Uncertain_significance
AMI	fprA_S299T		Uncertain_significance
AMI	fprA_S338T		Uncertain_significance
AMI	fprA_S420P		Uncertain_significance
AMI	fprA_S446I		Uncertain_significance
AMI	fprA_S94A		Uncertain_significance
AMI	fprA_T234N		Uncertain_significance
AMI	fprA_T28G		Uncertain_significance
AMI	fprA_T29S		Uncertain_significance
AMI	fprA_T307I		Uncertain_significance
AMI	fprA_T365N		Uncertain_significance
AMI	fprA_T44I		Uncertain_significance
AMI	fprA_V100L		Uncertain_significance
AMI	fprA_V126I		Uncertain_significance
AMI	fprA_V141I		Uncertain_significance
AMI	fprA_V151I		Uncertain_significance
AMI	fprA_V152G		Uncertain_significance
AMI	fprA_V162A		Uncertain_significance
AMI	fprA_V197I		Uncertain_significance
AMI	fprA_V244G		Uncertain_significance
AMI	fprA_V251A		Uncertain_significance
AMI	fprA_V251M		Uncertain_significance
AMI	fprA_V319M		Uncertain_significance
AMI	fprA_V344T		Uncertain_significance
AMI	fprA_V406L		Uncertain_significance
AMI	fprA_V425M		Uncertain_significance
AMI	fprA_V442L		Uncertain_significance
AMI	fprA_V83S		Uncertain_significance
AMI	fprA_V88I		Uncertain_significance
AMI	fprA_V9A		Uncertain_significance
AMI	fprA_V9M		Uncertain_significance
AMI	fprA_W46G		Uncertain_significance
AMI	fprA_W46!		Uncertain_significance
AMI	fprA_Y97H		Uncertain_significance
AMI	whiB6_A25P		Uncertain_significance
AMI	whiB6_A25S		Uncertain_significance
AMI	whiB6_A25T		Uncertain_significance
AMI	whiB6_A49D		Uncertain_significance
AMI	whiB6_A49V		Uncertain_significance
AMI	whiB6_A55D		Uncertain_significance
AMI	whiB6_A55P		Uncertain_significance
AMI	whiB6_A63E		Uncertain_significance
AMI	whiB6_A63T		Uncertain_significance
AMI	whiB6_A63V		Uncertain_significance
AMI	whiB6_A66T		Uncertain_significance
AMI	whiB6_A66V		Uncertain_significance
AMI	whiB6_A6E		Uncertain_significance
AMI	whiB6_A6S		Uncertain_significance
AMI	whiB6_A6V		Uncertain_significance
AMI	whiB6_A72E		Uncertain_significance
AMI	whiB6_A72G		Uncertain_significance
AMI	whiB6_A72V		Uncertain_significance
AMI	whiB6_A77E		Uncertain_significance
AMI	whiB6_A77S		Uncertain_significance
AMI	whiB6_A77T		Uncertain_significance
AMI	whiB6_A77V		Uncertain_significance
AMI	whiB6_A7S		Uncertain_significance
AMI	whiB6_A87V		Uncertain_significance
AMI	whiB6_A89E		Uncertain_significance
AMI	whiB6_A91E		Uncertain_significance
AMI	whiB6_A91G		Uncertain_significance
AMI	whiB6_A91T		Uncertain_significance
AMI	whiB6_A91V		Uncertain_significance
AMI	whiB6_A99P		Uncertain_significance
AMI	whiB6_A99V		Uncertain_significance
AMI	whiB6_A9S		Uncertain_significance
AMI	whiB6_C12S		Uncertain_significance
AMI	whiB6_C34R		Uncertain_significance
AMI	whiB6_C34Y		Uncertain_significance
AMI	whiB6_C53G		Uncertain_significance
AMI	whiB6_C53R		Uncertain_significance
AMI	whiB6_C53W		Uncertain_significance
AMI	whiB6_C53Y		Uncertain_significance
AMI	whiB6_C56Y		Uncertain_significance
AMI	whiB6_C62R		Uncertain_significance
AMI	whiB6_C62S		Uncertain_significance
AMI	whiB6_C62Y		Uncertain_significance
AMI	whiB6_D20A		Uncertain_significance
AMI	whiB6_D37G		Uncertain_significance
AMI	whiB6_D37H		Uncertain_significance
AMI	whiB6_D46A		Uncertain_significance
AMI	whiB6_D46E		Uncertain_significance
AMI	whiB6_D46G		Uncertain_significance
AMI	whiB6_D46H		Uncertain_significance
AMI	whiB6_D47G		Uncertain_significance
AMI	whiB6_D65G		Uncertain_significance
AMI	whiB6_E100!		Uncertain_significance
AMI	whiB6_E28Q		Uncertain_significance
AMI	whiB6_E73D		Uncertain_significance
AMI	whiB6_E73!		Uncertain_significance
AMI	whiB6_E8A		Uncertain_significance
AMI	whiB6_E8D		Uncertain_significance
AMI	whiB6_E8G		Uncertain_significance
AMI	whiB6_E8K		Uncertain_significance
AMI	whiB6_E8V		Uncertain_significance
AMI	whiB6_F5C		Uncertain_significance
AMI	whiB6_F90C		Uncertain_significance
AMI	whiB6_F90S		Uncertain_significance
AMI	whiB6_F90V		Uncertain_significance
AMI	whiB6_G32S		Uncertain_significance
AMI	whiB6_G74E		Uncertain_significance
AMI	whiB6_G74R		Uncertain_significance
AMI	whiB6_G78V		Uncertain_significance
AMI	whiB6_G85A		Uncertain_significance
AMI	whiB6_G85D		Uncertain_significance
AMI	whiB6_G85S		Uncertain_significance
AMI	whiB6_G85V		Uncertain_significance
AMI	whiB6_G93D		Uncertain_significance
AMI	whiB6_H109Y		Uncertain_significance
AMI	whiB6_K50E		Uncertain_significance
AMI	whiB6_K50Q		Uncertain_significance
AMI	whiB6_K50!		Uncertain_significance
AMI	whiB6_L52P		Uncertain_significance
AMI	whiB6_L52Q		Uncertain_significance
AMI	whiB6_L75Q		Uncertain_significance
AMI	whiB6_L92S		Uncertain_significance
AMI	whiB6_L95A		Uncertain_significance
AMI	whiB6_L95P		Uncertain_significance
AMI	whiB6_L95R		Uncertain_significance
AMI	whiB6_L95V		Uncertain_significance
AMI	whiB6_L98R		Uncertain_significance
AMI	whiB6_M1T		Uncertain_significance
AMI	whiB6_M1V		Uncertain_significance
AMI	whiB6_M21I		Uncertain_significance
AMI	whiB6_M21T		Uncertain_significance
AMI	whiB6_N102D		Uncertain_significance
AMI	whiB6_N13S		Uncertain_significance
AMI	whiB6_N18T		Uncertain_significance
AMI	whiB6_P105Q		Uncertain_significance
AMI	whiB6_P38A		Uncertain_significance
AMI	whiB6_P38L		Uncertain_significance
AMI	whiB6_P38S		Uncertain_significance
AMI	whiB6_P45S		Uncertain_significance
AMI	whiB6_P57L		Uncertain_significance
AMI	whiB6_P82L		Uncertain_significance
AMI	whiB6_P82S		Uncertain_significance
AMI	whiB6_Q36!		Uncertain_significance
AMI	whiB6_Q94E		Uncertain_significance
AMI	whiB6_Q94!		Uncertain_significance
AMI	whiB6_R101C		Uncertain_significance
AMI	whiB6_R101P		Uncertain_significance
AMI	whiB6_R107C		Not_assoc_w_R
AMI	whiB6_R110W		Uncertain_significance
AMI	whiB6_R17G		Uncertain_significance
AMI	whiB6_R17K		Uncertain_significance
AMI	whiB6_R17S		Uncertain_significance
AMI	whiB6_R40C		Uncertain_significance
AMI	whiB6_R40H		Uncertain_significance
AMI	whiB6_R54G		Uncertain_significance
AMI	whiB6_R54P		Uncertain_significance
AMI	whiB6_R54Q		Not_assoc_w_R
AMI	whiB6_R58G		Uncertain_significance
AMI	whiB6_R59L		Uncertain_significance
AMI	whiB6_R59W		Uncertain_significance
AMI	whiB6_R64C		Uncertain_significance
AMI	whiB6_R64L		Uncertain_significance
AMI	whiB6_R86L		Uncertain_significance
AMI	whiB6_R86P		Uncertain_significance
AMI	whiB6_R88G		Uncertain_significance
AMI	whiB6_R88W		Uncertain_significance
AMI	whiB6_R96G		Uncertain_significance
AMI	whiB6_R96P		Uncertain_significance
AMI	whiB6_R96!		Uncertain_significance
AMI	whiB6_S112F		Uncertain_significance
AMI	whiB6_S115A		Uncertain_significance
AMI	whiB6_S84L		Uncertain_significance
AMI	whiB6_S97P		Uncertain_significance
AMI	whiB6_T10A		Uncertain_significance
AMI	whiB6_T11A		Uncertain_significance
AMI	whiB6_T11P		Uncertain_significance
AMI	whiB6_T24A		Uncertain_significance
AMI	whiB6_T35M		Uncertain_significance
AMI	whiB6_T35P		Uncertain_significance
AMI	whiB6_T42A		Uncertain_significance
AMI	whiB6_T42M		Uncertain_significance
AMI	whiB6_T43P		Uncertain_significance
AMI	whiB6_T44I		Uncertain_significance
AMI	whiB6_T44P		Uncertain_significance
AMI	whiB6_T51P		Not_assoc_w_R
AMI	whiB6_V23A		Uncertain_significance
AMI	whiB6_V23G		Uncertain_significance
AMI	whiB6_V33G		Uncertain_significance
AMI	whiB6_V79A		Uncertain_significance
AMI	whiB6_V79G		Uncertain_significance
AMI	whiB6_W16C		Uncertain_significance
AMI	whiB6_W16R		Uncertain_significance
AMI	whiB6_W16S		Uncertain_significance
AMI	whiB6_W16!		Uncertain_significance
AMI	whiB6_W41C		Uncertain_significance
AMI	whiB6_W41S		Uncertain_significance
AMI	whiB6_W41!		Uncertain_significance
AMI	whiB6_W60R		Uncertain_significance
AMI	whiB6_W60S		Uncertain_significance
AMI	whiB6_W60!		Uncertain_significance
AMI	whiB6_W76C		Uncertain_significance
AMI	whiB6_W76G		Uncertain_significance
AMI	whiB6_W76R		Uncertain_significance
AMI	whiB6_W76S		Uncertain_significance
AMI	whiB6_W76!		Uncertain_significance
AMI	whiB6_Y27!		Uncertain_significance
AMI	whiB6_Y3C		Uncertain_significance
AMI	whiB7_A39T		Uncertain_significance
AMI	whiB7_A55E		Uncertain_significance
AMI	whiB7_A90S		Uncertain_significance
AMI	whiB7_D24H		Uncertain_significance
AMI	whiB7_D26G		Uncertain_significance
AMI	whiB7_E69G		Uncertain_significance
AMI	whiB7_E69K		Uncertain_significance
AMI	whiB7_F29I		Uncertain_significance
AMI	whiB7_G23D		Uncertain_significance
AMI	whiB7_H21Q		Uncertain_significance
AMI	whiB7_H79Q		Uncertain_significance
AMI	whiB7_I76V		Uncertain_significance
AMI	whiB7_K40N		Uncertain_significance
AMI	whiB7_K80Q		Uncertain_significance
AMI	whiB7_K88T		Uncertain_significance
AMI	whiB7_L42P		Uncertain_significance
AMI	whiB7_P11S		Uncertain_significance
AMI	whiB7_P16S		Uncertain_significance
AMI	whiB7_P33L		Uncertain_significance
AMI	whiB7_P62T		Uncertain_significance
AMI	whiB7_Q58R		Uncertain_significance
AMI	whiB7_Q73R		Uncertain_significance
AMI	whiB7_R12K		Uncertain_significance
AMI	whiB7_R50L		Uncertain_significance
AMI	whiB7_R50P		Uncertain_significance
AMI	whiB7_R59W		Uncertain_significance
AMI	whiB7_R81C		Uncertain_significance
AMI	whiB7_R81H		Uncertain_significance
AMI	whiB7_R87C		Uncertain_significance
AMI	whiB7_S78N		Uncertain_significance
AMI	whiB7_T32N		Uncertain_significance
AMI	whiB7_V22I		Uncertain_significance
AMI	whiB7_V3A		Uncertain_significance
AMI	whiB7_W63!		Uncertain_significance
AMI	ccsA_g-196a	619695	Uncertain_significance
AMI	Rv0528_g-464a	619695	Uncertain_significance
AMI	ccsA_g-196t	619695	Uncertain_significance
AMI	Rv0528_g-464t	619695	Uncertain_significance
AMI	ccsA_c-191t	619700	Uncertain_significance
AMI	Rv0528_c-466t	619700	Uncertain_significance
AMI	ccsA_g-162a	619729	Uncertain_significance
AMI	Rv0528_g-475a	619729	Uncertain_significance
AMI	ccsA_g-149a	619742	Uncertain_significance
AMI	Rv0528_g-480a	619742	Uncertain_significance
AMI	ccsA_c-144a	619747	Uncertain_significance
AMI	Rv0528_c-481a	619747	Uncertain_significance
AMI	ccsA_g-143a	619748	Uncertain_significance
AMI	Rv0528_g-482a	619748	Uncertain_significance
AMI	ccsA_g-107a	619784	Uncertain_significance
AMI	Rv0528_g-494a	619784	Uncertain_significance
AMI	ccsA_g-106c	619785	Uncertain_significance
AMI	Rv0528_g-494c	619785	Uncertain_significance
AMI	ccsA_g-100a	619791	Uncertain_significance
AMI	Rv0528_g-496a	619791	Uncertain_significance
AMI	ccsA_c-99t	619792	Uncertain_significance
AMI	Rv0528_c-496t	619792	Uncertain_significance
AMI	ccsA_c-96g	619795	Uncertain_significance
AMI	Rv0528_c-497g	619795	Uncertain_significance
AMI	ccsA_g-93c	619798	Uncertain_significance
AMI	Rv0528_g-498c	619798	Uncertain_significance
AMI	ccsA_g-89a	619802	Uncertain_significance
AMI	Rv0528_g-500a	619802	Uncertain_significance
AMI	ccsA_g-85a	619806	Uncertain_significance
AMI	Rv0528_g-501a	619806	Uncertain_significance
AMI	ccsA_g-77a	619814	Uncertain_significance
AMI	Rv0528_g-504a	619814	Uncertain_significance
AMI	ccsA_g-77t	619814	Uncertain_significance
AMI	Rv0528_g-504t	619814	Uncertain_significance
AMI	ccsA_g-76c	619815	Uncertain_significance
AMI	Rv0528_g-504c	619815	Uncertain_significance
AMI	ccsA_g-69t	619822	Uncertain_significance
AMI	Rv0528_g-506t	619822	Uncertain_significance
AMI	ccsA_c-22a	619869	Uncertain_significance
AMI	Rv0528_c-522a	619869	Uncertain_significance
AMI	ccsA_g-5a	619886	Uncertain_significance
AMI	Rv0528_g-528a	619886	Uncertain_significance
AMI	ccsA_268_del_1_ct_t	620158	Uncertain_significance
AMI	rrs_t-325a	1471521	Uncertain_significance
AMI	murA_t-401a	1471521	Uncertain_significance
AMI	rrs_t-324a	1471522	Uncertain_significance
AMI	murA_t-401a	1471522	Uncertain_significance
AMI	rrs_t-324g	1471522	Uncertain_significance
AMI	murA_t-401g	1471522	Uncertain_significance
AMI	rrs_g-319a	1471527	Uncertain_significance
AMI	murA_g-403a	1471527	Uncertain_significance
AMI	rrs_g-314a	1471532	Uncertain_significance
AMI	murA_g-404a	1471532	Uncertain_significance
AMI	rrs_t-306c	1471540	Uncertain_significance
AMI	murA_t-407c	1471540	Uncertain_significance
AMI	rrs_g-290t	1471556	Uncertain_significance
AMI	murA_g-412t	1471556	Uncertain_significance
AMI	rrs_g-286a	1471560	Uncertain_significance
AMI	murA_g-414a	1471560	Uncertain_significance
AMI	rrs_g-269a	1471577	Uncertain_significance
AMI	murA_g-419a	1471577	Uncertain_significance
AMI	rrs_a-265g	1471581	Uncertain_significance
AMI	rrs_c-264t	1471582	Uncertain_significance
AMI	rrs_g-263a	1471583	Uncertain_significance
AMI	rrs_a-259c	1471587	Uncertain_significance
AMI	rrs_c-257t	1471589	Uncertain_significance
AMI	rrs_t-256g	1471590	Uncertain_significance
AMI	rrs_-252_ins_6_g_gatatct	1471594	Uncertain_significance
AMI	rrs_t-248c	1471598	Uncertain_significance
AMI	rrs_t-246c	1471600	Uncertain_significance
AMI	rrs_t-244c	1471602	Uncertain_significance
AMI	rrs_g-239a	1471607	Uncertain_significance
AMI	rrs_-236_del_1_cga_cg	1471610	Uncertain_significance
AMI	rrs_g-235a	1471611	Uncertain_significance
AMI	rrs_g-235c	1471611	Uncertain_significance
AMI	rrs_a-233g	1471613	Uncertain_significance
AMI	rrs_c-231a	1471615	Uncertain_significance
AMI	rrs_c-231t	1471615	Uncertain_significance
AMI	rrs_g-228c	1471618	Uncertain_significance
AMI	rrs_c-226g	1471620	Uncertain_significance
AMI	rrs_c-213g	1471633	Uncertain_significance
AMI	rrs_c-213t	1471633	Uncertain_significance
AMI	rrs_c-212g	1471634	Uncertain_significance
AMI	rrs_c-212t	1471634	Uncertain_significance
AMI	rrs_-211_del_1_ggatttgtattagactggcagggtc_ggtttgtattagactggcagggtt	1471635	Uncertain_significance
AMI	rrs_-210_del_1_ga_g	1471636	Uncertain_significance
AMI	rrs_t-202c	1471644	Uncertain_significance
AMI	rrs_g-199a	1471647	Uncertain_significance
AMI	rrs_g-199c	1471647	Uncertain_significance
AMI	rrs_g-199t	1471647	Uncertain_significance
AMI	rrs_a-198c	1471648	Uncertain_significance
AMI	rrs_c-197a	1471649	Uncertain_significance
AMI	rrs_c-197g	1471649	Uncertain_significance
AMI	rrs_g-195c	1471651	Uncertain_significance
AMI	rrs_g-194t	1471652	Uncertain_significance
AMI	rrs_c-193g	1471653	Uncertain_significance
AMI	rrs_c-193t	1471653	Uncertain_significance
AMI	rrs_a-192g	1471654	Uncertain_significance
AMI	rrs_-191_del_7_gggtcgccc_gg	1471655	Uncertain_significance
AMI	rrs_g-191c	1471655	Uncertain_significance
AMI	rrs_g-190a	1471656	Uncertain_significance
AMI	rrs_t-188c	1471658	Uncertain_significance
AMI	rrs_c-187t	1471659	Not_assoc_w_R
AMI	rrs_g-186a	1471660	Uncertain_significance
AMI	rrs_g-186t	1471660	Uncertain_significance
AMI	rrs_g-181a	1471665	Uncertain_significance
AMI	rrs_a-180c	1471666	Uncertain_significance
AMI	rrs_g-176a	1471670	Uncertain_significance
AMI	rrs_c-159t	1471687	Uncertain_significance
AMI	rrs_c-142t	1471704	Uncertain_significance
AMI	rrs_a-141g	1471705	Uncertain_significance
AMI	rrs_a-140c	1471706	Uncertain_significance
AMI	rrs_-127_ins_3_tggtttcacatttttgttgttatttttggccatgctcttgatgccccgtt_tctttttatttgttgttgtttttggccatacctagcactccccgtgtgtg	1471719	Uncertain_significance
AMI	rrs_g-125t	1471721	Uncertain_significance
AMI	rrs_-122_del_1_tcacat_tcaca	1471724	Uncertain_significance
AMI	rrs_-118_del_1_at_a	1471728	Uncertain_significance
AMI	rrs_-109_ins_1_gttatttttggc_gttatttttgggc	1471737	Uncertain_significance
AMI	rrs_-101_ins_1_t_tg	1471745	Uncertain_significance
AMI	rrs_c-93t	1471753	Uncertain_significance
AMI	rrs_t-92g	1471754	Uncertain_significance
AMI	rrs_c-91a	1471755	Uncertain_significance
AMI	rrs_c-91t	1471755	Uncertain_significance
AMI	rrs_c-82t	1471764	Uncertain_significance
AMI	rrs_-81_ins_1_c_cg	1471765	Uncertain_significance
AMI	rrs_-80_del_1_gttgtcg_gttgtc	1471766	Uncertain_significance
AMI	rrs_t-79c	1471767	Uncertain_significance
AMI	rrs_t-78c	1471768	Uncertain_significance
AMI	rrs_-75_del_1_cg_c	1471771	Uncertain_significance
AMI	rrs_c-69a	1471777	Uncertain_significance
AMI	rrs_c-69t	1471777	Uncertain_significance
AMI	rrs_g-68t	1471778	Uncertain_significance
AMI	rrs_t-67c	1471779	Uncertain_significance
AMI	rrs_g-65a	1471781	Uncertain_significance
AMI	rrs_g-65t	1471781	Uncertain_significance
AMI	rrs_-58_ins_1_g_gt	1471788	Uncertain_significance
AMI	rrs_t-52g	1471794	Uncertain_significance
AMI	rrs_a-50g	1471796	Uncertain_significance
AMI	rrs_g-49a	1471797	Uncertain_significance
AMI	rrs_-42_ins_1_tctaaatacc_tctaaaatacc	1471804	Uncertain_significance
AMI	rrs_c-34a	1471812	Uncertain_significance
AMI	rrs_t-32g	1471814	Uncertain_significance
AMI	rrs_c-27a	1471819	Uncertain_significance
AMI	rrs_-26_ins_10_tcccttt_tcccttttccaaaggga	1471820	Uncertain_significance
AMI	rrs_-10_ins_14_agtgtttggg_agtgtttgggttttgtttggagag	1471836	Uncertain_significance
AMI	rrs_t-4g	1471842	Uncertain_significance
AMI	rrs_4_ins_1_tgt_ttgg	1471849	Uncertain_significance
AMI	rrs_5_ins_1_g_gc	1471850	Uncertain_significance
AMI	rrs_g5t	1471850	Uncertain_significance
AMI	rrs_g9a	1471854	Uncertain_significance
AMI	rrs_t16a	1471861	Uncertain_significance
AMI	rrs_t16c	1471861	Uncertain_significance
AMI	rrs_t16g	1471861	Uncertain_significance
AMI	rrs_t17g	1471862	Uncertain_significance
AMI	rrs_t23c	1471868	Uncertain_significance
AMI	rrs_t23g	1471868	Uncertain_significance
AMI	rrs_g24a	1471869	Uncertain_significance
AMI	rrs_a32g	1471877	Uncertain_significance
AMI	rrs_c37t	1471882	Uncertain_significance
AMI	rrs_g47a	1471892	Uncertain_significance
AMI	rrs_g72c	1471917	Uncertain_significance
AMI	rrs_77_del_1_gtctcttcgga_gtctctttga	1471922	Uncertain_significance
AMI	rrs_t78c	1471923	Uncertain_significance
AMI	rrs_t80c	1471925	Uncertain_significance
AMI	rrs_c81t	1471926	Uncertain_significance
AMI	rrs_c84t	1471929	Uncertain_significance
AMI	rrs_g86a	1471931	Uncertain_significance
AMI	rrs_a87g	1471932	Uncertain_significance
AMI	rrs_88_ins_1_gatac_gatact	1471933	Uncertain_significance
AMI	rrs_a89g	1471934	Uncertain_significance
AMI	rrs_a91g	1471936	Uncertain_significance
AMI	rrs_t93g	1471938	Uncertain_significance
AMI	rrs_a115g	1471960	Uncertain_significance
AMI	rrs_c116t	1471961	Uncertain_significance
AMI	rrs_t124c	1471969	Uncertain_significance
AMI	rrs_g125a	1471970	Uncertain_significance
AMI	rrs_a126c	1471971	Uncertain_significance
AMI	rrs_t140c	1471985	Uncertain_significance
AMI	rrs_t140g	1471985	Uncertain_significance
AMI	rrs_c141t	1471986	Uncertain_significance
AMI	rrs_g142a	1471987	Uncertain_significance
AMI	rrs_159_ins_1_c_ct	1472004	Uncertain_significance
AMI	rrs_t166g	1472011	Uncertain_significance
AMI	rrs_t169c	1472014	Uncertain_significance
AMI	rrs_a170g	1472015	Uncertain_significance
AMI	rrs_g179t	1472024	Uncertain_significance
AMI	rrs_181_ins_19_c_ccacgggatgcatgtcttgt	1472026	Uncertain_significance
AMI	rrs_182_del_2_cacgggatgcatgtcttgtggtggaaagcgctttagcggtgtgggatga_ctcaagacgcatgtcttctggtggaaagcttttgcggtgtgggatgg	1472027	Uncertain_significance
AMI	rrs_182_del_2_cacgggatgcatgtcttgtggtggaaagcgctttagcggtgtgggatgag_cgcgcatcgcatggtgtgtggtggaaagcttttgcggtgtgggatgggcc	1472027	Uncertain_significance
AMI	rrs_c182g	1472027	Uncertain_significance
AMI	rrs_g187a	1472032	Uncertain_significance
AMI	rrs_c196t	1472041	Uncertain_significance
AMI	rrs_t200a	1472045	Uncertain_significance
AMI	rrs_t203c	1472048	Uncertain_significance
AMI	rrs_g204a	1472049	Uncertain_significance
AMI	rrs_c212t	1472057	Uncertain_significance
AMI	rrs_t213a	1472058	Uncertain_significance
AMI	rrs_t213c	1472058	Uncertain_significance
AMI	rrs_t213g	1472058	Uncertain_significance
AMI	rrs_g225c	1472070	Uncertain_significance
AMI	rrs_c247t	1472092	Uncertain_significance
AMI	rrs_255_ins_1_t_tg	1472100	Uncertain_significance
AMI	rrs_g259a	1472104	Uncertain_significance
AMI	rrs_c266t	1472111	Uncertain_significance
AMI	rrs_t268c	1472113	Uncertain_significance
AMI	rrs_a273t	1472118	Uncertain_significance
AMI	rrs_c282t	1472127	Uncertain_significance
AMI	rrs_a287g	1472132	Uncertain_significance
AMI	rrs_298_ins_1_g_gt	1472143	Uncertain_significance
AMI	rrs_301_ins_2_g_ggt	1472146	Uncertain_significance
AMI	rrs_t305a	1472150	Uncertain_significance
AMI	rrs_t305c	1472150	Uncertain_significance
AMI	rrs_c306t	1472151	Uncertain_significance
AMI	rrs_c307t	1472152	Uncertain_significance
AMI	rrs_g319a	1472164	Uncertain_significance
AMI	rrs_a324c	1472169	Uncertain_significance
AMI	rrs_t327c	1472172	Uncertain_significance
AMI	rrs_c333t	1472178	Uncertain_significance
AMI	rrs_c340t	1472185	Uncertain_significance
AMI	rrs_c344t	1472189	Uncertain_significance
AMI	rrs_g349a	1472194	Uncertain_significance
AMI	rrs_g358a	1472203	Uncertain_significance
AMI	rrs_g358t	1472203	Uncertain_significance
AMI	rrs_c380g	1472225	Uncertain_significance
AMI	rrs_c385t	1472230	Uncertain_significance
AMI	rrs_405_del_12_gggggatgacggccttcgggttgtaaacctctttcaccatcgacgaaggt_gagggatgacggccttcgggttgtaaacctctgttagcagggaagaagag	1472250	Uncertain_significance
AMI	rrs_g406a	1472251	Uncertain_significance
AMI	rrs_g408a	1472253	Uncertain_significance
AMI	rrs_c414t	1472259	Uncertain_significance
AMI	rrs_g415a	1472260	Uncertain_significance
AMI	rrs_g424a	1472269	Uncertain_significance
AMI	rrs_a440g	1472285	Uncertain_significance
AMI	rrs_c441g	1472286	Uncertain_significance
AMI	rrs_c441t	1472286	Uncertain_significance
AMI	rrs_a443c	1472288	Uncertain_significance
AMI	rrs_a447g	1472292	Uncertain_significance
AMI	rrs_t454c	1472299	Uncertain_significance
AMI	rrs_t460c	1472305	Uncertain_significance
AMI	rrs_c462t	1472307	Uncertain_significance
AMI	rrs_474_ins_3_c_cggt	1472319	Uncertain_significance
AMI	rrs_c474t	1472319	Uncertain_significance
AMI	rrs_t481g	1472326	Uncertain_significance
AMI	rrs_g483c	1472328	Uncertain_significance
AMI	rrs_c492t	1472337	Not_assoc_w_R
AMI	rrs_a493g	1472338	Uncertain_significance
AMI	rrs_a504g	1472349	Uncertain_significance
AMI	rrs_c513t	1472358	Uncertain_significance
AMI	rrs_a514c	1472359	Not_assoc_w_R
AMI	rrs_a514t	1472359	Uncertain_significance
AMI	rrs_c517t	1472362	Not_assoc_w_R
AMI	rrs_t529c	1472374	Uncertain_significance
AMI	rrs_533_ins_1_gtgcgagcgttgtccggaattactgggcgtaaagagctcgtaggtggttt_gcgcgagcgttgtccggaattattgggcgtaaagagcttgtaggcggttt	1472378	Uncertain_significance
AMI	rrs_555_ins_1_c_ct	1472400	Uncertain_significance
AMI	rrs_t590c	1472435	Uncertain_significance
AMI	rrs_591_ins_1_g_gt	1472436	Uncertain_significance
AMI	rrs_t593c	1472438	Uncertain_significance
AMI	rrs_t603c	1472448	Uncertain_significance
AMI	rrs_c606t	1472451	Uncertain_significance
AMI	rrs_a613c	1472458	Uncertain_significance
AMI	rrs_a619g	1472464	Uncertain_significance
AMI	rrs_a619t	1472464	Uncertain_significance
AMI	rrs_a633c	1472478	Uncertain_significance
AMI	rrs_642_ins_1_c_ct	1472487	Uncertain_significance
AMI	rrs_a644t	1472489	Uncertain_significance
AMI	rrs_a649g	1472494	Uncertain_significance
AMI	rrs_c650t	1472495	Uncertain_significance
AMI	rrs_g655c	1472500	Uncertain_significance
AMI	rrs_g660t	1472505	Uncertain_significance
AMI	rrs_t663c	1472508	Uncertain_significance
AMI	rrs_g673a	1472518	Uncertain_significance
AMI	rrs_t698c	1472543	Uncertain_significance
AMI	rrs_c699t	1472544	Uncertain_significance
AMI	rrs_a703c	1472548	Uncertain_significance
AMI	rrs_c708t	1472553	Uncertain_significance
AMI	rrs_g713a	1472558	Uncertain_significance
AMI	rrs_g724a	1472569	Uncertain_significance
AMI	rrs_t727c	1472572	Uncertain_significance
AMI	rrs_c735g	1472580	Uncertain_significance
AMI	rrs_c735t	1472580	Uncertain_significance
AMI	rrs_a736t	1472581	Uncertain_significance
AMI	rrs_g752a	1472597	Uncertain_significance
AMI	rrs_g762a	1472607	Uncertain_significance
AMI	rrs_c799a	1472644	Uncertain_significance
AMI	rrs_c799t	1472644	Uncertain_significance
AMI	rrs_c808t	1472653	Uncertain_significance
AMI	rrs_g810t	1472655	Uncertain_significance
AMI	rrs_t815c	1472660	Uncertain_significance
AMI	rrs_t828g	1472673	Uncertain_significance
AMI	rrs_t829g	1472674	Uncertain_significance
AMI	rrs_t830a	1472675	Uncertain_significance
AMI	rrs_c832a	1472677	Uncertain_significance
AMI	rrs_c836g	1472681	Uncertain_significance
AMI	rrs_t837a	1472682	Uncertain_significance
AMI	rrs_t837g	1472682	Uncertain_significance
AMI	rrs_t838c	1472683	Uncertain_significance
AMI	rrs_g840t	1472685	Uncertain_significance
AMI	rrs_g841t	1472686	Uncertain_significance
AMI	rrs_a842g	1472687	Uncertain_significance
AMI	rrs_a842t	1472687	Uncertain_significance
AMI	rrs_t847c	1472692	Uncertain_significance
AMI	rrs_c859t	1472704	Uncertain_significance
AMI	rrs_c861t	1472706	Uncertain_significance
AMI	rrs_a869g	1472714	Uncertain_significance
AMI	rrs_g878a	1472723	Uncertain_significance
AMI	rrs_g887a	1472732	Uncertain_significance
AMI	rrs_g891a	1472736	Uncertain_significance
AMI	rrs_c905a	1472750	Uncertain_significance
AMI	rrs_c905g	1472750	Uncertain_significance
AMI	rrs_c905t	1472750	Uncertain_significance
AMI	rrs_a906g	1472751	Uncertain_significance
AMI	rrs_a907c	1472752	Uncertain_significance
AMI	rrs_a907t	1472752	Uncertain_significance
AMI	rrs_908_ins_1_a_at	1472753	Uncertain_significance
AMI	rrs_a908c	1472753	Uncertain_significance
AMI	rrs_a908g	1472753	Uncertain_significance
AMI	rrs_g910a	1472755	Uncertain_significance
AMI	rrs_g935a	1472780	Uncertain_significance
AMI	rrs_c941t	1472786	Uncertain_significance
AMI	rrs_t945c	1472790	Uncertain_significance
AMI	rrs_c972t	1472817	Uncertain_significance
AMI	rrs_978_ins_1_ctgggtttgacatgcacaggacgcgtctagagataggcgttcccttgtgg_caaggcttgacatatactggaccgcatcagagatggtgtttcccttcggg	1472823	Uncertain_significance
AMI	rrs_c1001a	1472846	Uncertain_significance
AMI	rrs_c1001g	1472846	Uncertain_significance
AMI	rrs_g1002c	1472847	Uncertain_significance
AMI	rrs_c1004g	1472849	Uncertain_significance
AMI	rrs_t1005c	1472850	Uncertain_significance
AMI	rrs_t1011c	1472856	Uncertain_significance
AMI	rrs_a1012g	1472857	Uncertain_significance
AMI	rrs_g1013t	1472858	Uncertain_significance
AMI	rrs_c1015g	1472860	Uncertain_significance
AMI	rrs_g1016a	1472861	Uncertain_significance
AMI	rrs_g1016c	1472861	Uncertain_significance
AMI	rrs_g1016t	1472861	Uncertain_significance
AMI	rrs_c1021t	1472866	Uncertain_significance
AMI	rrs_g1027a	1472872	Uncertain_significance
AMI	rrs_c1028a	1472873	Uncertain_significance
AMI	rrs_c1028t	1472873	Uncertain_significance
AMI	rrs_t1030g	1472875	Uncertain_significance
AMI	rrs_g1035a	1472880	Uncertain_significance
AMI	rrs_a1058g	1472903	Uncertain_significance
AMI	rrs_c1062t	1472907	Uncertain_significance
AMI	rrs_1075_ins_1_g_gt	1472920	Uncertain_significance
AMI	rrs_g1079a	1472924	Uncertain_significance
AMI	rrs_t1107c	1472952	Uncertain_significance
AMI	rrs_1108_ins_1_gtctcat_gtctccat	1472953	Uncertain_significance
AMI	rrs_g1108a	1472953	Uncertain_significance
AMI	rrs_t1109c	1472954	Uncertain_significance
AMI	rrs_c1110t	1472955	Uncertain_significance
AMI	rrs_t1111c	1472956	Uncertain_significance
AMI	rrs_c1112t	1472957	Uncertain_significance
AMI	rrs_a1124g	1472969	Uncertain_significance
AMI	rrs_c1125g	1472970	Uncertain_significance
AMI	rrs_a1128t	1472973	Uncertain_significance
AMI	rrs_g1132c	1472977	Uncertain_significance
AMI	rrs_t1133c	1472978	Uncertain_significance
AMI	rrs_1140_ins_2_tcgtga_tcgtgaga	1472985	Uncertain_significance
AMI	rrs_c1141t	1472986	Uncertain_significance
AMI	rrs_g1142a	1472987	Uncertain_significance
AMI	rrs_g1144a	1472989	Uncertain_significance
AMI	rrs_a1145g	1472990	Uncertain_significance
AMI	rrs_g1148a	1472993	Uncertain_significance
AMI	rrs_c1153t	1472998	Uncertain_significance
AMI	rrs_t1164a	1473009	Uncertain_significance
AMI	rrs_g1167a	1473012	Uncertain_significance
AMI	rrs_a1171c	1473016	Uncertain_significance
AMI	rrs_g1176a	1473021	Uncertain_significance
AMI	rrs_g1190a	1473035	Uncertain_significance
AMI	rrs_t1191c	1473036	Uncertain_significance
AMI	rrs_c1199t	1473044	Uncertain_significance
AMI	rrs_t1208c	1473053	Uncertain_significance
AMI	rrs_t1208g	1473053	Uncertain_significance
AMI	rrs_c1210t	1473055	Uncertain_significance
AMI	rrs_a1211t	1473056	Uncertain_significance
AMI	rrs_c1220g	1473065	Uncertain_significance
AMI	rrs_a1221g	1473066	Uncertain_significance
AMI	rrs_g1234a	1473079	Uncertain_significance
AMI	rrs_g1238t	1473083	Uncertain_significance
AMI	rrs_t1239c	1473084	Uncertain_significance
AMI	rrs_a1243g	1473088	Uncertain_significance
AMI	rrs_a1244g	1473089	Uncertain_significance
AMI	rrs_c1248g	1473093	Uncertain_significance
AMI	rrs_c1248t	1473093	Uncertain_significance
AMI	rrs_a1253g	1473098	Uncertain_significance
AMI	rrs_g1255a	1473100	Uncertain_significance
AMI	rrs_c1257g	1473102	Uncertain_significance
AMI	rrs_c1257t	1473102	Uncertain_significance
AMI	rrs_1258_ins_1_gcgaggttaagcgaatccttaaaagccggtctcagttcggatcggggtct_gtaaggttaagcgaatccttttaaagccggtctcagttcggattggggtc	1473103	Uncertain_significance
AMI	rrs_1258_ins_1_gcgaggttaagcgaatcctta_gtgaggtggagcgaatcctttc	1473103	Uncertain_significance
AMI	rrs_c1259g	1473104	Uncertain_significance
AMI	rrs_c1259t	1473104	Uncertain_significance
AMI	rrs_t1264c	1473109	Uncertain_significance
AMI	rrs_t1265g	1473110	Uncertain_significance
AMI	rrs_a1266g	1473111	Uncertain_significance
AMI	rrs_g1270t	1473115	Uncertain_significance
AMI	rrs_t1276c	1473121	Uncertain_significance
AMI	rrs_t1276g	1473121	Uncertain_significance
AMI	rrs_a1278g	1473123	Uncertain_significance
AMI	rrs_c1283t	1473128	Uncertain_significance
AMI	rrs_g1285a	1473130	Uncertain_significance
AMI	rrs_t1289c	1473134	Uncertain_significance
AMI	rrs_c1300t	1473145	Uncertain_significance
AMI	rrs_g1302a	1473147	Uncertain_significance
AMI	rrs_c1317t	1473162	Uncertain_significance
AMI	rrs_c1320t	1473165	Uncertain_significance
AMI	rrs_g1321a	1473166	Uncertain_significance
AMI	rrs_g1323t	1473168	Uncertain_significance
AMI	rrs_a1325c	1473170	Uncertain_significance
AMI	rrs_t1327g	1473172	Uncertain_significance
AMI	rrs_c1328t	1473173	Uncertain_significance
AMI	rrs_a1341g	1473186	Uncertain_significance
AMI	rrs_c1346t	1473191	Uncertain_significance
AMI	rrs_c1359t	1473204	Uncertain_significance
AMI	rrs_a1367g	1473212	Uncertain_significance
AMI	rrs_g1379a	1473224	Uncertain_significance
AMI	rrs_a1401g	1473246	Assoc_w_R
AMI	rrs_c1402t	1473247	Assoc_w_R_Interim
AMI	rrs_a1409g	1473254	Uncertain_significance
AMI	rrs_c1414t	1473259	Uncertain_significance
AMI	rrs_g1415t	1473260	Uncertain_significance
AMI	rrs_g1432a	1473277	Uncertain_significance
AMI	rrs_c1443g	1473288	Uncertain_significance
AMI	rrs_1444_ins_1_tcggga_tttgggg	1473289	Uncertain_significance
AMI	rrs_1444_ins_2_tc_tttt	1473289	Uncertain_significance
AMI	rrs_a1449g	1473294	Uncertain_significance
AMI	rrs_g1454c	1473299	Uncertain_significance
AMI	rrs_g1460a	1473305	Uncertain_significance
AMI	rrs_t1465g	1473310	Uncertain_significance
AMI	rrs_a1482g	1473327	Uncertain_significance
AMI	rrs_g1484a	1473329	Uncertain_significance
AMI	rrs_g1484t	1473329	Assoc_w_R_Interim
AMI	rrs_c1489t	1473334	Uncertain_significance
AMI	rrs_t1491a	1473336	Uncertain_significance
AMI	rrs_g1497a	1473342	Uncertain_significance
AMI	rrs_a1500t	1473345	Uncertain_significance
AMI	rrs_c1503t	1473348	Uncertain_significance
AMI	rrs_g1519a	1473364	Uncertain_significance
AMI	rrs_g1523a	1473368	Uncertain_significance
AMI	rrs_1536_ins_3_ctaaggagcaccacgaaaacgccccaactggtggggcgtaggccgtgagg_cgaaggagcaccacgaaaagcaccccaactggtggggtgcgagccgtgag	1473381	Uncertain_significance
AMI	rrs_t1537g	1473382	Uncertain_significance
AMI	eis_1030_ins_1_c_cg	2714303	Uncertain_significance
AMI	eis_953_del_1_ga_g	2714380	Uncertain_significance
AMI	eis_949_del_4_actcg_a	2714384	Uncertain_significance
AMI	eis_810_del_2_atgggt_atgg	2714523	Uncertain_significance
AMI	eis_808_del_2_gggtga_ggga	2714525	Uncertain_significance
AMI	eis_808_del_2_gggt_gg	2714525	Uncertain_significance
AMI	eis_807_del_2_ggt_g	2714526	Not_assoc_w_R
AMI	eis_807_del_2_ggtga_gga	2714526	Uncertain_significance
AMI	eis_627_ins_1_a_ac	2714706	Uncertain_significance
AMI	eis_571_ins_1_g_gc	2714762	Uncertain_significance
AMI	eis_448_del_1_ga_g	2714885	Uncertain_significance
AMI	eis_447_ins_21_a_aagcgcgcgaagcgtcggcgtg	2714886	Uncertain_significance
AMI	eis_400_ins_1_c_cg	2714933	Uncertain_significance
AMI	eis_367_del_4_cctcg_c	2714966	Uncertain_significance
AMI	eis_279_del_11_ccggcgatgcgt_c	2715054	Uncertain_significance
AMI	eis_46_ins_1_t_tc	2715287	Uncertain_significance
AMI	eis_15_ins_1_cagggtcacagtcacagaatccgactgtg_ccagggtcacagtcacagaatccgactgta	2715318	Uncertain_significance
AMI	eis_5_del_6_gtcacagaatccgactgtg_gaatccgactgta	2715328	Uncertain_significance
AMI	eis_t-1g	2715333	Uncertain_significance
AMI	eis_c-2g	2715334	Uncertain_significance
AMI	eis_g-6t	2715338	Uncertain_significance
AMI	eis_-7_del_1_cg_c	2715339	Uncertain_significance
AMI	eis_c-8a	2715340	Uncertain_significance
AMI	eis_c-8t	2715340	Uncertain_significance
AMI	eis_t-9c	2715341	Uncertain_significance
AMI	eis_g-10a	2715342	Uncertain_significance
AMI	eis_g-10c	2715342	Uncertain_significance
AMI	eis_c-12a	2715344	Uncertain_significance
AMI	eis_c-12t	2715344	Not_assoc_w_R
AMI	eis_a-13g	2715345	Uncertain_significance
AMI	eis_c-14t	2715346	Assoc_w_R
AMI	eis_c-15g	2715347	Uncertain_significance
AMI	eis_c-15t	2715347	Uncertain_significance
AMI	eis_g-16a	2715348	Uncertain_significance
AMI	eis_g-16c	2715348	Uncertain_significance
AMI	eis_c-21t	2715353	Uncertain_significance
AMI	eis_g-23c	2715355	Uncertain_significance
AMI	eis_g-23t	2715355	Uncertain_significance
AMI	eis_a-33g	2715365	Uncertain_significance
AMI	eis_-36_del_18_acgtgaatattacgacgac_a	2715368	Uncertain_significance
AMI	eis_g-37t	2715369	Uncertain_significance
AMI	eis_a-39g	2715371	Uncertain_significance
AMI	eis_t-44c	2715376	Uncertain_significance
AMI	eis_g-54a	2715386	Uncertain_significance
AMI	eis_a-61g	2715393	Uncertain_significance
AMI	fprA_c-164g	3473843	Uncertain_significance
AMI	prfB_c-21g	3473843	Uncertain_significance
AMI	fprA_t-161g	3473846	Uncertain_significance
AMI	prfB_t-20g	3473846	Uncertain_significance
AMI	fprA_c-159g	3473848	Uncertain_significance
AMI	prfB_c-19g	3473848	Uncertain_significance
AMI	fprA_a-157g	3473850	Uncertain_significance
AMI	prfB_a-19g	3473850	Uncertain_significance
AMI	fprA_g-147a	3473860	Uncertain_significance
AMI	prfB_g-15a	3473860	Uncertain_significance
AMI	fprA_c-133a	3473874	Uncertain_significance
AMI	prfB_c-11a	3473874	Uncertain_significance
AMI	fprA_g-130t	3473877	Uncertain_significance
AMI	prfB_g-10t	3473877	Uncertain_significance
AMI	fprA_g-129t	3473878	Uncertain_significance
AMI	prfB_g-9t	3473878	Uncertain_significance
AMI	fprA_a-120c	3473887	Uncertain_significance
AMI	prfB_a-6c	3473887	Uncertain_significance
AMI	fprA_c-118a	3473889	Uncertain_significance
AMI	prfB_c-6a	3473889	Uncertain_significance
AMI	fprA_g-114c	3473893	Uncertain_significance
AMI	prfB_g-4c	3473893	Uncertain_significance
AMI	fprA_g-114t	3473893	Uncertain_significance
AMI	prfB_g-4t	3473893	Uncertain_significance
AMI	fprA_g-106a	3473901	Uncertain_significance
AMI	prfB_g-2a	3473901	Uncertain_significance
AMI	fprA_36_del_1_gc_g	3474042	Uncertain_significance
AMI	fprA_256_ins_1_g_ga	3474262	Uncertain_significance
AMI	fprA_260_del_5_acgtcc_a	3474266	Uncertain_significance
AMI	fprA_373_del_1_gc_g	3474379	Uncertain_significance
AMI	fprA_433_del_1_ct_c	3474439	Uncertain_significance
AMI	fprA_564_del_2_acg_a	3474570	Uncertain_significance
AMI	fprA_693_ins_1_c_cg	3474699	Uncertain_significance
AMI	fprA_806_del_182_tccggttcttgacctctccgatcgagatcaagggcaagcgcaaagtggag_t	3474812	Uncertain_significance
AMI	fprA_808_del_1_cg_c	3474814	Uncertain_significance
AMI	fprA_838_del_6_ggcaagc_g	3474844	Uncertain_significance
AMI	whiB7_264_del_12_cttgcgcggacgtcc_ctt	3568416	Uncertain_significance
AMI	whiB7_262_del_12_tgcgcggacgtcc_t	3568418	Uncertain_significance
AMI	whiB7_246_ins_2_c_caa	3568434	Uncertain_significance
AMI	whiB7_193_del_1_cgc_cg	3568487	Uncertain_significance
AMI	whiB7_193_ins_1_c_cg	3568487	Uncertain_significance
AMI	whiB7_192_del_1_gc_g	3568488	Not_assoc_w_R
AMI	whiB7_41_del_12_ctttgtctgggggtctgt_ctttgt	3568639	Uncertain_significance
AMI	whiB7_41_ins_1_ctttgtctgggggtctgt_ctttgtctggggggtctgt	3568639	Uncertain_significance
AMI	whiB7_-1_del_176_gtcctgtttcacctgcttcctggtctggtggcggttcttcgaaagtgatc_ga	3568680	Uncertain_significance
AMI	whiB7_a-7g	3568686	Uncertain_significance
AMI	whiB7_a-8t	3568687	Uncertain_significance
AMI	whiB7_c-23a	3568702	Uncertain_significance
AMI	whiB7_a-24g	3568703	Uncertain_significance
AMI	whiB7_g-32a	3568711	Uncertain_significance
AMI	whiB7_a-49g	3568728	Uncertain_significance
AMI	whiB7_g-50a	3568729	Uncertain_significance
AMI	whiB7_c-53t	3568732	Uncertain_significance
AMI	whiB7_-54_del_1_ac_a	3568733	Uncertain_significance
AMI	whiB7_g-55a	3568734	Uncertain_significance
AMI	whiB7_g-55t	3568734	Uncertain_significance
AMI	whiB7_g-56a	3568735	Uncertain_significance
AMI	whiB7_g-56t	3568735	Uncertain_significance
AMI	whiB7_t-57g	3568736	Uncertain_significance
AMI	whiB7_a-65g	3568744	Uncertain_significance
AMI	whiB7_c-66g	3568745	Uncertain_significance
AMI	whiB7_c-71g	3568750	Uncertain_significance
AMI	whiB7_a-78g	3568757	Uncertain_significance
AMI	whiB7_a-80c	3568759	Uncertain_significance
AMI	whiB7_a-89g	3568768	Uncertain_significance
AMI	whiB7_t-100c	3568779	Not_assoc_w_R
AMI	whiB7_c-114t	3568793	Uncertain_significance
AMI	whiB7_a-116g	3568795	Uncertain_significance
AMI	whiB7_c-121t	3568800	Uncertain_significance
AMI	whiB7_g-124a	3568803	Uncertain_significance
AMI	whiB7_a-128g	3568807	Uncertain_significance
AMI	whiB7_c-139a	3568818	Uncertain_significance
AMI	whiB7_c-140g	3568819	Uncertain_significance
AMI	whiB7_t-151a	3568830	Uncertain_significance
AMI	whiB7_c-154t	3568833	Uncertain_significance
AMI	whiB7_a-161g	3568840	Uncertain_significance
AMI	whiB7_c-163g	3568842	Uncertain_significance
AMI	whiB7_-165_del_1_gc_g	3568844	Uncertain_significance
AMI	whiB7_g-166a	3568845	Uncertain_significance
AMI	whiB7_-175_del_1_ac_a	3568854	Uncertain_significance
AMI	whiB7_c-178t	3568857	Not_assoc_w_R
AMI	whiB7_c-193t	3568872	Uncertain_significance
AMI	whiB7_c-195t	3568874	Uncertain_significance
AMI	whiB7_g-200t	3568879	Uncertain_significance
AMI	whiB7_-202_ins_1_c_cg	3568881	Uncertain_significance
AMI	whiB7_-204_ins_1_g_gt	3568883	Uncertain_significance
AMI	whiB7_-210_ins_1_g_gc	3568889	Uncertain_significance
AMI	whiB7_a-212c	3568891	Uncertain_significance
AMI	whiB7_-213_del_1_atggggggttc_atggggggtc	3568892	Uncertain_significance
AMI	whiB7_-213_del_1_atggggggttc_atgggggttc	3568892	Uncertain_significance
AMI	whiB7_-214_del_1_tg_t	3568893	Uncertain_significance
AMI	whiB7_a-214c	3568893	Uncertain_significance
AMI	whiB7_c-217g	3568896	Uncertain_significance
AMI	whiB7_a-221c	3568900	Uncertain_significance
AMI	whiB7_g-227c	3568906	Uncertain_significance
AMI	whiB7_t-235c	3568914	Uncertain_significance
AMI	whiB7_c-240g	3568919	Uncertain_significance
AMI	whiB7_g-242c	3568921	Uncertain_significance
AMI	whiB7_g-250a	3568929	Uncertain_significance
AMI	whiB7_t-258g	3568937	Uncertain_significance
AMI	whiB7_g-278c	3568957	Uncertain_significance
AMI	whiB7_g-279t	3568958	Uncertain_significance
AMI	whiB7_g-289a	3568968	Uncertain_significance
AMI	whiB7_a-295c	3568974	Uncertain_significance
AMI	whiB7_-306_ins_2_g_gcc	3568985	Uncertain_significance
AMI	whiB7_-316_del_2_gcc_g	3568995	Uncertain_significance
AMI	whiB7_-316_ins_1_gcc_gccc	3568995	Uncertain_significance
AMI	whiB7_g-321c	3569000	Uncertain_significance
AMI	whiB7_g-322c	3569001	Uncertain_significance
AMI	whiB7_g-328a	3569007	Uncertain_significance
AMI	whiB7_-339_del_1_tg_t	3569018	Uncertain_significance
AMI	whiB7_c-341a	3569020	Uncertain_significance
AMI	whiB7_a-350g	3569029	Uncertain_significance
AMI	whiB7_c-353a	3569032	Uncertain_significance
AMI	whiB7_g-355a	3569034	Uncertain_significance
AMI	whiB7_c-358t	3569037	Uncertain_significance
AMI	whiB7_t-360c	3569039	Uncertain_significance
AMI	whiB7_t-360g	3569039	Uncertain_significance
AMI	whiB7_t-375c	3569054	Uncertain_significance
AMI	whiB7_t-386c	3569065	Uncertain_significance
AMI	whiB7_a-396g	3569075	Uncertain_significance
AMI	whiB7_t-401g	3569080	Uncertain_significance
AMI	whiB7_c-407t	3569086	Uncertain_significance
AMI	aftB_c-1g	4268837	Uncertain_significance
AMI	aftB_c-1t	4268837	Uncertain_significance
AMI	aftB_c-2t	4268838	Uncertain_significance
AMI	aftB_c-3a	4268839	Uncertain_significance
AMI	aftB_c-3t	4268839	Uncertain_significance
AMI	aftB_t-9c	4268845	Uncertain_significance
AMI	aftB_c-12t	4268848	Uncertain_significance
AMI	aftB_t-14c	4268850	Uncertain_significance
AMI	aftB_g-16a	4268852	Uncertain_significance
AMI	aftB_g-22a	4268858	Uncertain_significance
AMI	aftB_t-25c	4268861	Uncertain_significance
AMI	aftB_g-32a	4268868	Uncertain_significance
AMI	aftB_c-37t	4268873	Uncertain_significance
AMI	aftB_g-40a	4268876	Uncertain_significance
AMI	aftB_g-40c	4268876	Uncertain_significance
AMI	aftB_c-45t	4268881	Uncertain_significance
AMI	aftB_g-46a	4268882	Uncertain_significance
AMI	aftB_c-54t	4268890	Uncertain_significance
AMI	aftB_c-57t	4268893	Uncertain_significance
AMI	aftB_g-58t	4268894	Uncertain_significance
AMI	aftB_c-70a	4268906	Uncertain_significance
AMI	aftB_g-82a	4268918	Uncertain_significance
AMI	aftB_c-92t	4268928	Uncertain_significance
AMI	ubiA_c-302t	4268928	Uncertain_significance
AMI	aftB_t-104c	4268940	Uncertain_significance
AMI	ubiA_t-298c	4268940	Uncertain_significance
AMI	aftB_g-110a	4268946	Uncertain_significance
AMI	ubiA_g-296a	4268946	Uncertain_significance
AMI	aftB_t-113c	4268949	Uncertain_significance
AMI	ubiA_t-295c	4268949	Uncertain_significance
AMI	aftB_a-119g	4268955	Uncertain_significance
AMI	ubiA_a-293g	4268955	Uncertain_significance
AMI	aftB_c-120t	4268956	Uncertain_significance
AMI	ubiA_c-293t	4268956	Uncertain_significance
AMI	aftB_a-122g	4268958	Uncertain_significance
AMI	ubiA_a-292g	4268958	Uncertain_significance
AMI	aftB_g-128t	4268964	Uncertain_significance
AMI	ubiA_g-290t	4268964	Uncertain_significance
AMI	whiB6_343_ins_1_a_at	4338179	Uncertain_significance
AMI	whiB6_341_del_1_tg_t	4338181	Uncertain_significance
AMI	whiB6_335_ins_2_g_gac	4338187	Uncertain_significance
AMI	whiB6_326_del_1_tg_t	4338196	Uncertain_significance
AMI	whiB6_325_del_1_ggt_gg	4338197	Uncertain_significance
AMI	whiB6_321_del_1_gcgc_gcc	4338201	Uncertain_significance
AMI	whiB6_321_ins_1_gcgc_gccgc	4338201	Uncertain_significance
AMI	whiB6_315_del_1_cgg_cg	4338207	Uncertain_significance
AMI	whiB6_315_del_2_cgg_c	4338207	Uncertain_significance
AMI	whiB6_315_ins_1_c_cg	4338207	Uncertain_significance
AMI	whiB6_307_del_14_cgttgcgctcggcca_c	4338215	Uncertain_significance
AMI	whiB6_307_del_1_cgttgcgctcggcca_cgttgcgctcgcca	4338215	Uncertain_significance
AMI	whiB6_307_ins_1_cgttgcgctcggcca_cgttgccgctcggcca	4338215	Uncertain_significance
AMI	whiB6_307_ins_1_cgttgcgctcggcca_cgttgcgctcggccag	4338215	Uncertain_significance
AMI	whiB6_307_ins_5_cgttgcgctcggcca_cgttgcgctcggccagggat	4338215	Uncertain_significance
AMI	whiB6_298_del_1_cg_c	4338224	Uncertain_significance
AMI	whiB6_293_ins_1_a_ag	4338229	Uncertain_significance
AMI	whiB6_288_ins_1_t_tc	4338234	Uncertain_significance
AMI	whiB6_279_del_1_gc_g	4338243	Uncertain_significance
AMI	whiB6_274_ins_4_a_acgcg	4338248	Uncertain_significance
AMI	whiB6_255_del_1_gcctg_gccg	4338267	Uncertain_significance
AMI	whiB6_255_del_2_gcctg_gcc	4338267	Uncertain_significance
AMI	whiB6_255_ins_1_gcctg_gccctg	4338267	Uncertain_significance
AMI	whiB6_236_del_1_ac_a	4338286	Uncertain_significance
AMI	whiB6_236_ins_1_ac_acc	4338286	Uncertain_significance
AMI	whiB6_232_del_1_ct_c	4338290	Uncertain_significance
AMI	whiB6_232_del_1_ctgc_cgc	4338290	Uncertain_significance
AMI	whiB6_232_del_1_ctgc_ctg	4338290	Uncertain_significance
AMI	whiB6_230_del_1_gc_g	4338292	Uncertain_significance
AMI	whiB6_223_del_1_gc_g	4338299	Uncertain_significance
AMI	whiB6_223_ins_1_gc_gca	4338299	Uncertain_significance
AMI	whiB6_223_ins_2_gc_gccc	4338299	Uncertain_significance
AMI	whiB6_218_ins_1_t_tc	4338304	Uncertain_significance
AMI	whiB6_214_ins_1_c_ca	4338308	Uncertain_significance
AMI	whiB6_199_del_1_cg_c	4338323	Uncertain_significance
AMI	whiB6_199_ins_1_cg_cgg	4338323	Uncertain_significance
AMI	whiB6_195_del_2_gtc_g	4338327	Uncertain_significance
AMI	whiB6_189_ins_1_t_tg	4338333	Uncertain_significance
AMI	whiB6_189_ins_2_t_tgc	4338333	Uncertain_significance
AMI	whiB6_188_ins_2_g_gca	4338334	Uncertain_significance
AMI	whiB6_186_ins_1_a_ac	4338336	Uncertain_significance
AMI	whiB6_184_del_4_acagc_a	4338338	Uncertain_significance
AMI	whiB6_184_ins_4_acagc_acagccacc	4338338	Uncertain_significance
AMI	whiB6_177_del_1_ccg_cc	4338345	Uncertain_significance
AMI	whiB6_171_del_1_cg_c	4338351	Uncertain_significance
AMI	whiB6_167_del_1_ca_c	4338355	Uncertain_significance
AMI	whiB6_158_del_1_ca_c	4338364	Uncertain_significance
AMI	whiB6_156_del_1_cag_ca	4338366	Uncertain_significance
AMI	whiB6_156_del_1_cag_cg	4338366	Uncertain_significance
AMI	whiB6_156_ins_1_cag_caag	4338366	Uncertain_significance
AMI	whiB6_156_ins_8_cag_cagggtcttgg	4338366	Uncertain_significance
AMI	whiB6_152_del_9_gtcttggcct_g	4338370	Uncertain_significance
AMI	whiB6_152_ins_13_gtcttggcct_gtcttggcctcgtcgtcgggagt	4338370	Uncertain_significance
AMI	whiB6_152_ins_1_gtcttggcct_gtctttggcct	4338370	Uncertain_significance
AMI	whiB6_136_del_1_cg_c	4338386	Uncertain_significance
AMI	whiB6_132_del_3_agtc_a	4338390	Uncertain_significance
AMI	whiB6_132_ins_1_agtc_agtct	4338390	Uncertain_significance
AMI	whiB6_122_ins_1_c_ca	4338400	Uncertain_significance
AMI	whiB6_112_del_1_ga_g	4338410	Uncertain_significance
AMI	whiB6_105_del_183_cgtgcaaacgccgagcgggacctcatacagggcggttactgtcatgtcta_c	4338417	Uncertain_significance
AMI	whiB6_93_del_309_gagcgggacctcatacagggcggttactgtcatgtctacgttcctccaga_g	4338429	Uncertain_significance
AMI	whiB6_88_del_83_ggacctcatacagggcggttactgtcatgtctacgttcctccagaaagcg_g	4338434	Uncertain_significance
AMI	whiB6_87_ins_1_g_ga	4338435	Uncertain_significance
AMI	whiB6_84_del_1_ct_c	4338438	Uncertain_significance
AMI	whiB6_82_ins_1_c_ca	4338440	Uncertain_significance
AMI	whiB6_82_ins_1_c_cg	4338440	Uncertain_significance
AMI	whiB6_82_ins_1_c_ct	4338440	Uncertain_significance
AMI	whiB6_77_del_1_agggcggt_aggcggt	4338445	Uncertain_significance
AMI	whiB6_77_del_1_agggcggt_agggcgg	4338445	Uncertain_significance
AMI	whiB6_24_del_1_ct_c	4338498	Uncertain_significance
AMI	whiB6_8_del_316_tatcgcattaaccatagcgatgcaacagtttcctcctctgcctgcctagc_tt	4338514	Uncertain_significance
AMI	whiB6_6_ins_42_t_tcgcattaaccgacgggtcggcccaggctgtcggggcgggaag	4338516	Uncertain_significance
AMI	whiB6_4_del_1_gc_g	4338518	Uncertain_significance
AMI	whiB6_2_del_1_at_a	4338520	Uncertain_significance
AMI	whiB6_t-2c	4338523	Uncertain_significance
AMI	whiB6_-5_ins_42_c_cgacgggtcggcccaggctgtcggggcgggaagcgcattaacc	4338526	Uncertain_significance
AMI	whiB6_g-5a	4338526	Uncertain_significance
AMI	whiB6_t-6c	4338527	Uncertain_significance
AMI	whiB6_c-9a	4338530	Uncertain_significance
AMI	whiB6_g-10a	4338531	Uncertain_significance
AMI	whiB6_c-11g	4338532	Uncertain_significance
AMI	whiB6_t-12c	4338533	Uncertain_significance
AMI	whiB6_a-13g	4338534	Uncertain_significance
AMI	whiB6_c-14t	4338535	Uncertain_significance
AMI	whiB6_t-16c	4338537	Uncertain_significance
AMI	whiB6_t-17c	4338538	Uncertain_significance
AMI	whiB6_t-19c	4338540	Uncertain_significance
AMI	whiB6_a-21g	4338542	Uncertain_significance
AMI	whiB6_g-24a	4338545	Uncertain_significance
AMI	whiB6_g-24c	4338545	Uncertain_significance
AMI	whiB6_g-24t	4338545	Uncertain_significance
AMI	whiB6_g-25a	4338546	Uncertain_significance
AMI	whiB6_a-26c	4338547	Uncertain_significance
AMI	whiB6_a-26g	4338547	Uncertain_significance
AMI	whiB6_g-27a	4338548	Uncertain_significance
AMI	whiB6_a-29t	4338550	Uncertain_significance
AMI	whiB6_a-31g	4338552	Uncertain_significance
AMI	whiB6_g-33c	4338554	Uncertain_significance
AMI	whiB6_g-34a	4338555	Uncertain_significance
AMI	whiB6_-41_del_1_gcggtgctgcggctccggttcggcgagctccgagc_gaggtgctgcggctccggttcggcgagctccggg	4338562	Uncertain_significance
AMI	whiB6_g-42t	4338563	Uncertain_significance
AMI	whiB6_c-44t	4338565	Uncertain_significance
AMI	whiB6_a-45g	4338566	Uncertain_significance
AMI	whiB6_c-49t	4338570	Uncertain_significance
AMI	whiB6_a-54g	4338575	Uncertain_significance
AMI	whiB6_a-59c	4338580	Uncertain_significance
AMI	whiB6_c-62t	4338583	Uncertain_significance
AMI	whiB6_-65_del_142_gagctccgagctctagtgcgcgcaccgccgagtaccagggcatagatcct_gtgta	4338586	Uncertain_significance
AMI	whiB6_-66_del_1_agctccgagctctagt_agatccgagtctagt	4338587	Uncertain_significance
AMI	whiB6_-66_del_1_agctccgagctctagt_agcaccgagtctagt	4338587	Uncertain_significance
AMI	whiB6_-66_del_1_agctccgagctctagt_agccccgagtctagt	4338587	Uncertain_significance
AMI	whiB6_-66_del_1_agctccgagctctagt_agcgccgagtctagt	4338587	Uncertain_significance
AMI	whiB6_-66_del_1_agctccgagctctagt_agctcagagtctagt	4338587	Uncertain_significance
AMI	whiB6_-66_del_1_agctccgagctctagt_agctccaagtctagt	4338587	Uncertain_significance
AMI	whiB6_-66_del_1_agctccgagctctagt_agctcccagtctagt	4338587	Uncertain_significance
AMI	whiB6_-66_del_1_agctccgagctctagt_agctccgagactagt	4338587	Uncertain_significance
AMI	whiB6_-66_del_1_agctccgagctctagt_agctccgagcctagt	4338587	Uncertain_significance
AMI	whiB6_-66_del_1_agctccgagctctagt_agctccgaggctagt	4338587	Uncertain_significance
AMI	whiB6_-66_del_1_agctccgagctctagt_agctccgagtccagt	4338587	Uncertain_significance
AMI	whiB6_-66_del_1_agctccgagctctagt_agctccgagtcgagt	4338587	Uncertain_significance
AMI	whiB6_-66_del_1_agctccgagctctagt_agctccgagtctagt	4338587	Not_assoc_w_R
AMI	whiB6_-66_del_1_agctccgagctctagt_agctccgagtctcga	4338587	Uncertain_significance
AMI	whiB6_-66_del_1_agctccgagctctagt_agctccgagtctcgt	4338587	Uncertain_significance
AMI	whiB6_-66_del_1_agctccgagctctagt_agctccgagtctggt	4338587	Uncertain_significance
AMI	whiB6_-66_del_1_agctccgagctctagt_agctccgagtgtagt	4338587	Uncertain_significance
AMI	whiB6_-66_del_1_agctccgagctctagt_agctccgagtttagt	4338587	Uncertain_significance
AMI	whiB6_-66_del_1_agctccgagctctagt_agctccgcgtctagt	4338587	Uncertain_significance
AMI	whiB6_-66_del_1_agctccgagctctagt_agctccgggtctagt	4338587	Uncertain_significance
AMI	whiB6_-66_del_1_agctccgagctctagt_agctccgtgtctagt	4338587	Uncertain_significance
AMI	whiB6_-66_del_1_agctccgagctctagt_agctcggagtctagt	4338587	Uncertain_significance
AMI	whiB6_-66_del_1_agctccgagctctagt_agctctgagtctagt	4338587	Uncertain_significance
AMI	whiB6_-66_del_1_agctccgagctctagt_agctgagagtctagt	4338587	Uncertain_significance
AMI	whiB6_-66_del_1_agctccgagctctagt_agctgcgagtctagt	4338587	Uncertain_significance
AMI	whiB6_-66_del_1_agctccgagctctagt_agcttcgagtctagt	4338587	Uncertain_significance
AMI	whiB6_-66_del_3_agctccgagctctagt_agctccgagtcta	4338587	Uncertain_significance
AMI	whiB6_-68_del_1_ctccgagc_caccgag	4338589	Uncertain_significance
AMI	whiB6_-68_del_1_ctccgagc_cgccgag	4338589	Uncertain_significance
AMI	whiB6_-69_del_1_tccgagc_tgcgag	4338590	Uncertain_significance
AMI	whiB6_-70_del_118_ccgagctctagtgcgcgcaccgccgagtaccagggcatagatcctgttaa_ctgacatgcgacagttcaggtgta	4338591	Uncertain_significance
AMI	whiB6_-70_del_1_ccgagc_cggag	4338591	Uncertain_significance
AMI	whiB6_-71_del_1_cgagc_cggg	4338592	Uncertain_significance
AMI	whiB6_-72_del_1_gagc_gag	4338593	Uncertain_significance
AMI	whiB6_-72_del_1_gagc_gcg	4338593	Uncertain_significance
AMI	whiB6_-72_del_1_gagc_ggg	4338593	Uncertain_significance
AMI	whiB6_-72_del_1_gagc_gtg	4338593	Uncertain_significance
AMI	whiB6_-72_del_1_gagctctagtg_gagtctagta	4338593	Uncertain_significance
AMI	whiB6_-72_del_1_gagct_gcgt	4338593	Uncertain_significance
AMI	whiB6_-72_del_1_gagct_gggt	4338593	Uncertain_significance
AMI	whiB6_-73_del_1_ag_a	4338594	Uncertain_significance
AMI	whiB6_-73_del_1_agc_ag	4338594	Not_assoc_w_R
AMI	whiB6_-73_del_1_agct_agt	4338594	Uncertain_significance
AMI	whiB6_-73_del_1_agctc_agtc	4338594	Uncertain_significance
AMI	whiB6_-73_del_1_agctct_agtct	4338594	Uncertain_significance
AMI	whiB6_-73_del_1_agctctagtg_agtctagta	4338594	Uncertain_significance
AMI	whiB6_-73_del_20_agctctagtgcgcgcaccgccgagtaccagggcatagatcctgttaatca_agtctagtgcgcgcaccgccgagtaccagggctgtgtatctggcctcgcc	4338594	Uncertain_significance
AMI	whiB6_-74_del_1_gc_g	4338595	Not_assoc_w_R
AMI	whiB6_-74_del_1_gctc_gtg	4338595	Uncertain_significance
AMI	whiB6_-74_del_1_gctc_gtt	4338595	Uncertain_significance
AMI	whiB6_-74_del_1_gctcta_gtctc	4338595	Uncertain_significance
AMI	whiB6_-74_del_1_gctcta_gtctg	4338595	Uncertain_significance
AMI	whiB6_-74_del_1_gctctagtgcgcgcaccgccgagtaccaggg_gtctagtgcgcgcaccgccgagtaccagga	4338595	Uncertain_significance
AMI	whiB6_-74_del_1_gctctagtgcgcgcaccgccgagtaccagg_gtctagtgcgcgcaccgccgagtaccaga	4338595	Uncertain_significance
AMI	whiB6_-74_del_1_gctctagtgcgcgcaccgccgagtaccagg_gtctagtgcgcgcaccgccgagtaccagc	4338595	Uncertain_significance
AMI	whiB6_-74_del_1_gctctagtgcgcgcaccgccg_gtctagtgcgcgcaccgcca	4338595	Uncertain_significance
AMI	whiB6_-74_del_1_gctctagtgcgcgcaccgcc_gtctagtgcgcgcaccgcg	4338595	Uncertain_significance
AMI	whiB6_-74_del_1_gctctagtgcgcg_gtctagtgcgca	4338595	Uncertain_significance
AMI	whiB6_-74_del_1_gctctagtg_gtctagta	4338595	Not_assoc_w_R
AMI	whiB6_-74_del_1_gctctagtg_gtttagta	4338595	Uncertain_significance
AMI	whiB6_-74_del_1_gctctagt_gtctagt	4338595	Uncertain_significance
AMI	whiB6_-74_del_1_gctctagt_gtctcga	4338595	Uncertain_significance
AMI	whiB6_-74_del_1_gctct_gtca	4338595	Uncertain_significance
AMI	whiB6_-74_del_1_gctct_gtcc	4338595	Uncertain_significance
AMI	whiB6_-74_del_1_gctct_gtcg	4338595	Uncertain_significance
AMI	whiB6_-74_del_1_gctct_gtct	4338595	Uncertain_significance
AMI	whiB6_-74_del_1_gct_gg	4338595	Uncertain_significance
AMI	whiB6_-74_del_1_gct_gt	4338595	Not_assoc_w_R
AMI	whiB6_-74_del_7_gctctagtgcg_gtct	4338595	Uncertain_significance
AMI	whiB6_-75_del_1_ct_c	4338596	Uncertain_significance
AMI	whiB6_-75_del_1_ctctagtg_cctagta	4338596	Uncertain_significance
AMI	whiB6_g-75a	4338596	Uncertain_significance
AMI	whiB6_a-76g	4338597	Uncertain_significance
AMI	whiB6_-77_del_1_ctagt_cgga	4338598	Uncertain_significance
AMI	whiB6_g-77a	4338598	Uncertain_significance
AMI	whiB6_a-78c	4338599	Uncertain_significance
AMI	whiB6_a-78g	4338599	Uncertain_significance
AMI	whiB6_t-79c	4338600	Uncertain_significance
AMI	whiB6_a-81t	4338602	Uncertain_significance
AMI	whiB6_c-82t	4338603	Not_assoc_w_R
AMI	whiB6_c-84t	4338605	Uncertain_significance
AMI	whiB6_-87_del_1_ca_c	4338608	Uncertain_significance
AMI	whiB6_t-88g	4338609	Uncertain_significance
AMI	whiB6_c-91t	4338612	Uncertain_significance
AMI	whiB6_g-93c	4338614	Uncertain_significance
AMI	whiB6_-94_del_3_gagt_g	4338615	Uncertain_significance
AMI	whiB6_c-96g	4338617	Uncertain_significance
AMI	whiB6_a-97c	4338618	Uncertain_significance
AMI	whiB6_-98_ins_4_a_accag	4338619	Uncertain_significance
AMI	whiB6_g-99t	4338620	Uncertain_significance
AMI	whiB6_g-100a	4338621	Uncertain_significance
AMI	whiB6_c-109a	4338630	Uncertain_significance
AMI	whiB6_t-110c	4338631	Uncertain_significance
AMI	whiB6_t-110g	4338631	Uncertain_significance
AMI	whiB6_-111_del_83_tcctgttaatcagctgtgtatctggcctcgccggcgcgtatccgacccct_tgcgacagttcaggtgta	4338632	Uncertain_significance
AMI	whiB6_g-113c	4338634	Uncertain_significance
AMI	whiB6_-114_ins_1_t_ta	4338635	Uncertain_significance
AMI	whiB6_a-114c	4338635	Uncertain_significance
AMI	whiB6_a-114g	4338635	Uncertain_significance
AMI	whiB6_a-114t	4338635	Uncertain_significance
AMI	whiB6_c-115a	4338636	Uncertain_significance
AMI	whiB6_a-116g	4338637	Uncertain_significance
AMI	whiB6_t-119g	4338640	Uncertain_significance
AMI	whiB6_t-122c	4338643	Uncertain_significance
AMI	whiB6_a-125c	4338646	Uncertain_significance
AMI	whiB6_a-125g	4338646	Uncertain_significance
AMI	whiB6_c-126g	4338647	Uncertain_significance
AMI	whiB6_c-126t	4338647	Uncertain_significance
AMI	whiB6_a-127g	4338648	Uncertain_significance
AMI	whiB6_c-128a	4338649	Uncertain_significance
AMI	whiB6_c-128g	4338649	Uncertain_significance
AMI	whiB6_c-128t	4338649	Uncertain_significance
AMI	whiB6_c-135a	4338656	Uncertain_significance
AMI	whiB6_c-135t	4338656	Uncertain_significance
AMI	whiB6_-138_del_1_tcgccggcgcgtatccgaccccttcgggcagatcttccaggaaaagtgtt_tcgccggcgcgtatccgaccccttcgggcagatcttccaggaaagtgtt	4338659	Uncertain_significance
AMI	whiB6_c-140t	4338661	Uncertain_significance
AMI	whiB6_g-141c	4338662	Uncertain_significance
AMI	whiB6_c-143t	4338664	Uncertain_significance
AMI	whiB6_c-146t	4338667	Uncertain_significance
AMI	whiB6_c-148t	4338669	Uncertain_significance
AMI	whiB6_g-158c	4338679	Uncertain_significance
AMI	whiB6_g-159c	4338680	Uncertain_significance
AMI	whiB6_c-165t	4338686	Uncertain_significance
AMI	whiB6_c-168t	4338689	Uncertain_significance
AMI	whiB6_a-172g	4338693	Uncertain_significance
AMI	whiB6_t-176g	4338697	Uncertain_significance
AMI	whiB6_c-178t	4338699	Uncertain_significance
AMI	whiB6_t-179c	4338700	Uncertain_significance
AMI	whiB6_t-182g	4338703	Uncertain_significance
AMI	whiB6_c-183g	4338704	Uncertain_significance
AMI	whiB6_a-184g	4338705	Uncertain_significance
AMI	whiB6_c-185g	4338706	Uncertain_significance
AMI	whiB6_c-185t	4338706	Uncertain_significance
AMI	whiB6_a-189g	4338710	Uncertain_significance
AMI	whiB6_c-190a	4338711	Uncertain_significance
AMI	whiB6_t-191c	4338712	Uncertain_significance
AMI	whiB6_t-193c	4338714	Uncertain_significance
