RIF	rpoA_A107T		Uncertain_significance
RIF	rpoA_A207V		Uncertain_significance
RIF	rpoA_A239V		Uncertain_significance
RIF	rpoA_A241D		Uncertain_significance
RIF	rpoA_A245V		Uncertain_significance
RIF	rpoA_A248V		Uncertain_significance
RIF	rpoA_A321S		Uncertain_significance
RIF	rpoA_A321V		Uncertain_significance
RIF	rpoA_D179A		Uncertain_significance
RIF	rpoA_D195E		Uncertain_significance
RIF	rpoA_D253A		Uncertain_significance
RIF	rpoA_D253G		Uncertain_significance
RIF	rpoA_D253N		Uncertain_significance
RIF	rpoA_D253Y		Uncertain_significance
RIF	rpoA_D255N		Uncertain_significance
RIF	rpoA_D337Y		Uncertain_significance
RIF	rpoA_E104K		Uncertain_significance
RIF	rpoA_E158D		Uncertain_significance
RIF	rpoA_E184G		Uncertain_significance
RIF	rpoA_E197A		Uncertain_significance
RIF	rpoA_E197K		Uncertain_significance
RIF	rpoA_E24G		Uncertain_significance
RIF	rpoA_E319K		Not_assoc_w_R
RIF	rpoA_E75D		Uncertain_significance
RIF	rpoA_E89Q		Uncertain_significance
RIF	rpoA_G103A		Uncertain_significance
RIF	rpoA_G103S		Uncertain_significance
RIF	rpoA_G108S		Uncertain_significance
RIF	rpoA_G122D		Uncertain_significance
RIF	rpoA_G160E		Uncertain_significance
RIF	rpoA_G220C		Uncertain_significance
RIF	rpoA_G220S		Uncertain_significance
RIF	rpoA_G273S		Uncertain_significance
RIF	rpoA_G305A		Uncertain_significance
RIF	rpoA_G305S		Uncertain_significance
RIF	rpoA_G334D		Uncertain_significance
RIF	rpoA_G58R		Uncertain_significance
RIF	rpoA_G58S		Uncertain_significance
RIF	rpoA_H119Y		Uncertain_significance
RIF	rpoA_H270N		Uncertain_significance
RIF	rpoA_H302R		Uncertain_significance
RIF	rpoA_H302Y		Uncertain_significance
RIF	rpoA_I125V		Uncertain_significance
RIF	rpoA_I54S		Uncertain_significance
RIF	rpoA_I77V		Uncertain_significance
RIF	rpoA_K199N		Uncertain_significance
RIF	rpoA_K265R		Uncertain_significance
RIF	rpoA_K298T		Uncertain_significance
RIF	rpoA_K300M		Uncertain_significance
RIF	rpoA_L249R		Uncertain_significance
RIF	rpoA_L306M		Uncertain_significance
RIF	rpoA_L308F		Uncertain_significance
RIF	rpoA_L80F		Uncertain_significance
RIF	rpoA_L80V		Uncertain_significance
RIF	rpoA_M95V		Uncertain_significance
RIF	rpoA_N129S		Uncertain_significance
RIF	rpoA_N36S		Uncertain_significance
RIF	rpoA_N79H		Uncertain_significance
RIF	rpoA_P113S		Uncertain_significance
RIF	rpoA_P121L		Uncertain_significance
RIF	rpoA_P121R		Uncertain_significance
RIF	rpoA_P121S		Uncertain_significance
RIF	rpoA_P148L		Uncertain_significance
RIF	rpoA_P238L		Uncertain_significance
RIF	rpoA_P238S		Uncertain_significance
RIF	rpoA_P250L		Uncertain_significance
RIF	rpoA_P250S		Uncertain_significance
RIF	rpoA_P313L		Uncertain_significance
RIF	rpoA_P313S		Uncertain_significance
RIF	rpoA_P92S		Uncertain_significance
RIF	rpoA_Q5R		Uncertain_significance
RIF	rpoA_R153W		Uncertain_significance
RIF	rpoA_R223Q		Uncertain_significance
RIF	rpoA_R55S		Uncertain_significance
RIF	rpoA_R98G		Uncertain_significance
RIF	rpoA_S10F		Uncertain_significance
RIF	rpoA_S155L		Uncertain_significance
RIF	rpoA_S203R		Uncertain_significance
RIF	rpoA_S307L		Uncertain_significance
RIF	rpoA_S318L		Uncertain_significance
RIF	rpoA_S331W		Uncertain_significance
RIF	rpoA_S53G		Uncertain_significance
RIF	rpoA_S82N		Uncertain_significance
RIF	rpoA_T127A		Uncertain_significance
RIF	rpoA_T214M		Uncertain_significance
RIF	rpoA_T271I		Uncertain_significance
RIF	rpoA_T332A		Uncertain_significance
RIF	rpoA_T332I		Uncertain_significance
RIF	rpoA_T8S		Uncertain_significance
RIF	rpoA_V111A		Uncertain_significance
RIF	rpoA_V297L		Uncertain_significance
RIF	rpoA_V66A		Uncertain_significance
RIF	rpoA_V66L		Uncertain_significance
RIF	rpoA_V73I		Uncertain_significance
RIF	rpoA_V85L		Uncertain_significance
RIF	rpoB_A1002P		Uncertain_significance
RIF	rpoB_A1055P		Uncertain_significance
RIF	rpoB_A1153V		Uncertain_significance
RIF	rpoB_A286V		Uncertain_significance
RIF	rpoB_A29T		Uncertain_significance
RIF	rpoB_A29V		Uncertain_significance
RIF	rpoB_A2T		Uncertain_significance
RIF	rpoB_A334D		Uncertain_significance
RIF	rpoB_A334V		Uncertain_significance
RIF	rpoB_A451G		Assoc_w_R_Interim
RIF	rpoB_A451V		Assoc_w_R_Interim
RIF	rpoB_A498G		Uncertain_significance
RIF	rpoB_A498V		Uncertain_significance
RIF	rpoB_A527V		Uncertain_significance
RIF	rpoB_A538P		Uncertain_significance
RIF	rpoB_A538V		Uncertain_significance
RIF	rpoB_A544V		Uncertain_significance
RIF	rpoB_A559V		Uncertain_significance
RIF	rpoB_A584D		Uncertain_significance
RIF	rpoB_A584G		Uncertain_significance
RIF	rpoB_A596G		Uncertain_significance
RIF	rpoB_A599T		Uncertain_significance
RIF	rpoB_A599V		Uncertain_significance
RIF	rpoB_A628G		Uncertain_significance
RIF	rpoB_A628P		Uncertain_significance
RIF	rpoB_A632G		Uncertain_significance
RIF	rpoB_A632S		Uncertain_significance
RIF	rpoB_A638G		Uncertain_significance
RIF	rpoB_A686T		Uncertain_significance
RIF	rpoB_A68V		Uncertain_significance
RIF	rpoB_A692T		Uncertain_significance
RIF	rpoB_A69P		Uncertain_significance
RIF	rpoB_A708S		Uncertain_significance
RIF	rpoB_A753T		Uncertain_significance
RIF	rpoB_A753V		Uncertain_significance
RIF	rpoB_A776V		Uncertain_significance
RIF	rpoB_A868V		Uncertain_significance
RIF	rpoB_A902P		Uncertain_significance
RIF	rpoB_A934T		Uncertain_significance
RIF	rpoB_A934V		Uncertain_significance
RIF	rpoB_A942T		Uncertain_significance
RIF	rpoB_A943T		Uncertain_significance
RIF	rpoB_A950V		Uncertain_significance
RIF	rpoB_A951T		Uncertain_significance
RIF	rpoB_A960E		Uncertain_significance
RIF	rpoB_A974G		Uncertain_significance
RIF	rpoB_A974T		Uncertain_significance
RIF	rpoB_A977T		Uncertain_significance
RIF	rpoB_A977V		Uncertain_significance
RIF	rpoB_A998V		Uncertain_significance
RIF	rpoB_C1067G		Uncertain_significance
RIF	rpoB_C116F		Uncertain_significance
RIF	rpoB_C681G		Uncertain_significance
RIF	rpoB_C681R		Uncertain_significance
RIF	rpoB_C701W		Uncertain_significance
RIF	rpoB_D1006G		Uncertain_significance
RIF	rpoB_D103E		Uncertain_significance
RIF	rpoB_D107E		Uncertain_significance
RIF	rpoB_D108E		Uncertain_significance
RIF	rpoB_D1146G		Uncertain_significance
RIF	rpoB_D1148E		Uncertain_significance
RIF	rpoB_D120G		Uncertain_significance
RIF	rpoB_D186A		Uncertain_significance
RIF	rpoB_D190A		Uncertain_significance
RIF	rpoB_D209N		Uncertain_significance
RIF	rpoB_D211V		Uncertain_significance
RIF	rpoB_D265G		Uncertain_significance
RIF	rpoB_D270E		Uncertain_significance
RIF	rpoB_D301N		Uncertain_significance
RIF	rpoB_D362H		Uncertain_significance
RIF	rpoB_D363N		Uncertain_significance
RIF	rpoB_D3G		Uncertain_significance
RIF	rpoB_D435A		Assoc_w_R_Interim
RIF	rpoB_D435E		Assoc_w_R_Interim
RIF	rpoB_D435F		Assoc_w_R
RIF	rpoB_D435G		Assoc_w_R_Interim
RIF	rpoB_D435H		Assoc_w_R_Interim
RIF	rpoB_D435L		Assoc_w_R_Interim
RIF	rpoB_D435V		Assoc_w_R
RIF	rpoB_D435Y		Assoc_w_R
RIF	rpoB_D49H		Uncertain_significance
RIF	rpoB_D515Y		Uncertain_significance
RIF	rpoB_D520A		Uncertain_significance
RIF	rpoB_D520V		Uncertain_significance
RIF	rpoB_D531E		Uncertain_significance
RIF	rpoB_D531Y		Uncertain_significance
RIF	rpoB_D53N		Uncertain_significance
RIF	rpoB_D543G		Uncertain_significance
RIF	rpoB_D545A		Uncertain_significance
RIF	rpoB_D545E		Uncertain_significance
RIF	rpoB_D571A		Uncertain_significance
RIF	rpoB_D571Y		Uncertain_significance
RIF	rpoB_D574E		Uncertain_significance
RIF	rpoB_D594A		Uncertain_significance
RIF	rpoB_D595E		Uncertain_significance
RIF	rpoB_D631G		Uncertain_significance
RIF	rpoB_D634G		Uncertain_significance
RIF	rpoB_D703E		Uncertain_significance
RIF	rpoB_D777H		Uncertain_significance
RIF	rpoB_D851G		Uncertain_significance
RIF	rpoB_D851P		Uncertain_significance
RIF	rpoB_D903N		Uncertain_significance
RIF	rpoB_D92G		Uncertain_significance
RIF	rpoB_D955N		Uncertain_significance
RIF	rpoB_D993G		Uncertain_significance
RIF	rpoB_D997E		Uncertain_significance
RIF	rpoB_E1011A		Uncertain_significance
RIF	rpoB_E1130V		Uncertain_significance
RIF	rpoB_E1140Q		Uncertain_significance
RIF	rpoB_E1145G		Uncertain_significance
RIF	rpoB_E1169A		Uncertain_significance
RIF	rpoB_E132D		Uncertain_significance
RIF	rpoB_E156D		Uncertain_significance
RIF	rpoB_E156G		Uncertain_significance
RIF	rpoB_E166G		Uncertain_significance
RIF	rpoB_E166K		Uncertain_significance
RIF	rpoB_E207K		Uncertain_significance
RIF	rpoB_E240G		Uncertain_significance
RIF	rpoB_E250G		Not_assoc_w_R
RIF	rpoB_E284G		Uncertain_significance
RIF	rpoB_E291K		Uncertain_significance
RIF	rpoB_E320D		Uncertain_significance
RIF	rpoB_E320G		Uncertain_significance
RIF	rpoB_E330D		Uncertain_significance
RIF	rpoB_E337K		Uncertain_significance
RIF	rpoB_E344Q		Uncertain_significance
RIF	rpoB_E377V		Uncertain_significance
RIF	rpoB_E423A		Uncertain_significance
RIF	rpoB_E423G		Uncertain_significance
RIF	rpoB_E460G		Uncertain_significance
RIF	rpoB_E481A		Uncertain_significance
RIF	rpoB_E507K		Uncertain_significance
RIF	rpoB_E550G		Uncertain_significance
RIF	rpoB_E550K		Uncertain_significance
RIF	rpoB_E563A		Uncertain_significance
RIF	rpoB_E563D		Uncertain_significance
RIF	rpoB_E592D		Uncertain_significance
RIF	rpoB_E639A		Uncertain_significance
RIF	rpoB_E639D		Not_assoc_w_R
RIF	rpoB_E639G		Uncertain_significance
RIF	rpoB_E639Q		Uncertain_significance
RIF	rpoB_E645G		Uncertain_significance
RIF	rpoB_E646G		Uncertain_significance
RIF	rpoB_E66K		Uncertain_significance
RIF	rpoB_E721D		Uncertain_significance
RIF	rpoB_E721G		Uncertain_significance
RIF	rpoB_E721K		Uncertain_significance
RIF	rpoB_E737G		Uncertain_significance
RIF	rpoB_E738A		Uncertain_significance
RIF	rpoB_E750Q		Uncertain_significance
RIF	rpoB_E761D		Uncertain_significance
RIF	rpoB_E789K		Uncertain_significance
RIF	rpoB_E805A		Uncertain_significance
RIF	rpoB_E807G		Uncertain_significance
RIF	rpoB_E807Q		Uncertain_significance
RIF	rpoB_E821V		Uncertain_significance
RIF	rpoB_E825G		Uncertain_significance
RIF	rpoB_E82G		Uncertain_significance
RIF	rpoB_E896K		Uncertain_significance
RIF	rpoB_F1005V		Uncertain_significance
RIF	rpoB_F151L		Uncertain_significance
RIF	rpoB_F208L		Uncertain_significance
RIF	rpoB_F295L		Uncertain_significance
RIF	rpoB_F424C		Uncertain_significance
RIF	rpoB_F424L		Uncertain_significance
RIF	rpoB_F424V		Uncertain_significance
RIF	rpoB_F503S		Uncertain_significance
RIF	rpoB_F503V		Uncertain_significance
RIF	rpoB_F548L		Uncertain_significance
RIF	rpoB_F669L		Uncertain_significance
RIF	rpoB_F93L		Uncertain_significance
RIF	rpoB_F971L		Uncertain_significance
RIF	rpoB_G158S		Uncertain_significance
RIF	rpoB_G203R		Uncertain_significance
RIF	rpoB_G217S		Uncertain_significance
RIF	rpoB_G236D		Uncertain_significance
RIF	rpoB_G28R		Uncertain_significance
RIF	rpoB_G345S		Uncertain_significance
RIF	rpoB_G426S		Assoc_w_R_Interim
RIF	rpoB_G442E		Assoc_w_R_Interim
RIF	rpoB_G453A		Uncertain_significance
RIF	rpoB_G453R		Uncertain_significance
RIF	rpoB_G456S		Uncertain_significance
RIF	rpoB_G46V		Uncertain_significance
RIF	rpoB_G492S		Uncertain_significance
RIF	rpoB_G516D		Uncertain_significance
RIF	rpoB_G546S		Uncertain_significance
RIF	rpoB_G560A		Uncertain_significance
RIF	rpoB_G602A		Uncertain_significance
RIF	rpoB_G642S		Uncertain_significance
RIF	rpoB_G659D		Uncertain_significance
RIF	rpoB_G675D		Uncertain_significance
RIF	rpoB_G693V		Uncertain_significance
RIF	rpoB_G699S		Uncertain_significance
RIF	rpoB_G79S		Uncertain_significance
RIF	rpoB_G836S		Uncertain_significance
RIF	rpoB_G890C		Uncertain_significance
RIF	rpoB_G890D		Uncertain_significance
RIF	rpoB_G915S		Uncertain_significance
RIF	rpoB_G945E		Uncertain_significance
RIF	rpoB_G945R		Uncertain_significance
RIF	rpoB_G95R		Uncertain_significance
RIF	rpoB_G973D		Uncertain_significance
RIF	rpoB_G981D		Uncertain_significance
RIF	rpoB_G992R		Uncertain_significance
RIF	rpoB_H1028D		Uncertain_significance
RIF	rpoB_H1028R		Uncertain_significance
RIF	rpoB_H1028Y		Uncertain_significance
RIF	rpoB_H194Y		Uncertain_significance
RIF	rpoB_H317Y		Uncertain_significance
RIF	rpoB_H343Q		Uncertain_significance
RIF	rpoB_H445C		Assoc_w_R
RIF	rpoB_H445D		Assoc_w_R
RIF	rpoB_H445F		Assoc_w_R_Interim
RIF	rpoB_H445G		Assoc_w_R_Interim
RIF	rpoB_H445L		Assoc_w_R
RIF	rpoB_H445N		Assoc_w_R
RIF	rpoB_H445P		Assoc_w_R_Interim
RIF	rpoB_H445Q		Assoc_w_R_Interim
RIF	rpoB_H445R		Assoc_w_R
RIF	rpoB_H445S		Assoc_w_R
RIF	rpoB_H445T		Assoc_w_R_Interim
RIF	rpoB_H445Y		Assoc_w_R
RIF	rpoB_H533N		Uncertain_significance
RIF	rpoB_H533R		Uncertain_significance
RIF	rpoB_H656Q		Uncertain_significance
RIF	rpoB_H674N		Uncertain_significance
RIF	rpoB_H674Q		Uncertain_significance
RIF	rpoB_H674R		Uncertain_significance
RIF	rpoB_H723D		Uncertain_significance
RIF	rpoB_H749Y		Uncertain_significance
RIF	rpoB_H835D		Uncertain_significance
RIF	rpoB_H835P		Uncertain_significance
RIF	rpoB_H835R		Uncertain_significance
RIF	rpoB_H935R		Uncertain_significance
RIF	rpoB_I1035T		Uncertain_significance
RIF	rpoB_I1035V		Uncertain_significance
RIF	rpoB_I1046V		Uncertain_significance
RIF	rpoB_I1106T		Uncertain_significance
RIF	rpoB_I1111V		Uncertain_significance
RIF	rpoB_I199T		Uncertain_significance
RIF	rpoB_I480T		Uncertain_significance
RIF	rpoB_I480V		Uncertain_significance
RIF	rpoB_I488L		Uncertain_significance
RIF	rpoB_I488M		Uncertain_significance
RIF	rpoB_I488V		Uncertain_significance
RIF	rpoB_I491F		Assoc_w_R
RIF	rpoB_I491L		Uncertain_significance
RIF	rpoB_I491M		Uncertain_significance
RIF	rpoB_I491S		Uncertain_significance
RIF	rpoB_I491T		Uncertain_significance
RIF	rpoB_I491V		Uncertain_significance
RIF	rpoB_I491Y		Uncertain_significance
RIF	rpoB_I506V		Uncertain_significance
RIF	rpoB_I542K		Uncertain_significance
RIF	rpoB_I588V		Uncertain_significance
RIF	rpoB_I751V		Uncertain_significance
RIF	rpoB_I783V		Uncertain_significance
RIF	rpoB_I873F		Uncertain_significance
RIF	rpoB_I892T		Uncertain_significance
RIF	rpoB_I909V		Uncertain_significance
RIF	rpoB_I90L		Uncertain_significance
RIF	rpoB_I910V		Uncertain_significance
RIF	rpoB_I925V		Not_assoc_w_R
RIF	rpoB_I965V		Uncertain_significance
RIF	rpoB_K1054R		Uncertain_significance
RIF	rpoB_K1095R		Uncertain_significance
RIF	rpoB_K1102R		Uncertain_significance
RIF	rpoB_K1102T		Uncertain_significance
RIF	rpoB_K110R		Uncertain_significance
RIF	rpoB_K274E		Uncertain_significance
RIF	rpoB_K274N		Uncertain_significance
RIF	rpoB_K298R		Uncertain_significance
RIF	rpoB_K309E		Uncertain_significance
RIF	rpoB_K37R		Uncertain_significance
RIF	rpoB_K446E		Assoc_w_R_Interim
RIF	rpoB_K446Q		Assoc_w_R_Interim
RIF	rpoB_K446R		Assoc_w_R_Interim
RIF	rpoB_K446T		Assoc_w_R_Interim
RIF	rpoB_K711R		Uncertain_significance
RIF	rpoB_K799Q		Uncertain_significance
RIF	rpoB_K832E		Uncertain_significance
RIF	rpoB_K832Q		Uncertain_significance
RIF	rpoB_K891E		Uncertain_significance
RIF	rpoB_K891T		Uncertain_significance
RIF	rpoB_K939Q		Uncertain_significance
RIF	rpoB_K944E		Not_assoc_w_R
RIF	rpoB_K944N		Uncertain_significance
RIF	rpoB_L1004I		Uncertain_significance
RIF	rpoB_L1132V		Uncertain_significance
RIF	rpoB_L173P		Uncertain_significance
RIF	rpoB_L232R		Uncertain_significance
RIF	rpoB_L232V		Uncertain_significance
RIF	rpoB_L235R		Uncertain_significance
RIF	rpoB_L290F		Uncertain_significance
RIF	rpoB_L293S		Uncertain_significance
RIF	rpoB_L314V		Uncertain_significance
RIF	rpoB_L316V		Uncertain_significance
RIF	rpoB_L378R		Uncertain_significance
RIF	rpoB_L42F		Uncertain_significance
RIF	rpoB_L42V		Uncertain_significance
RIF	rpoB_L430P		Assoc_w_R
RIF	rpoB_L430R		Assoc_w_R_Interim
RIF	rpoB_L443F		Assoc_w_R_Interim
RIF	rpoB_L449M		Assoc_w_R_Interim
RIF	rpoB_L452M		Assoc_w_R_Interim
RIF	rpoB_L452P		Assoc_w_R
RIF	rpoB_L452Q		Assoc_w_R_Interim
RIF	rpoB_L452V		Assoc_w_R_Interim
RIF	rpoB_L48F		Uncertain_significance
RIF	rpoB_L490V		Uncertain_significance
RIF	rpoB_L525P		Uncertain_significance
RIF	rpoB_L554P		Uncertain_significance
RIF	rpoB_L554V		Uncertain_significance
RIF	rpoB_L731P		Uncertain_significance
RIF	rpoB_L775P		Uncertain_significance
RIF	rpoB_L778V		Uncertain_significance
RIF	rpoB_L80V		Uncertain_significance
RIF	rpoB_L862R		Uncertain_significance
RIF	rpoB_L893R		Uncertain_significance
RIF	rpoB_L893V		Uncertain_significance
RIF	rpoB_M1070I		Uncertain_significance
RIF	rpoB_M1070T		Uncertain_significance
RIF	rpoB_M121I		Uncertain_significance
RIF	rpoB_M153T		Uncertain_significance
RIF	rpoB_M153V		Uncertain_significance
RIF	rpoB_M154I		Uncertain_significance
RIF	rpoB_M390T		Uncertain_significance
RIF	rpoB_M398V		Uncertain_significance
RIF	rpoB_M434I		Assoc_w_R_Interim
RIF	rpoB_M434L		Assoc_w_R_Interim
RIF	rpoB_M434V		Assoc_w_R_Interim
RIF	rpoB_M477R		Uncertain_significance
RIF	rpoB_M573T		Uncertain_significance
RIF	rpoB_M587I		Uncertain_significance
RIF	rpoB_M587T		Uncertain_significance
RIF	rpoB_M624T		Uncertain_significance
RIF	rpoB_M655T		Uncertain_significance
RIF	rpoB_M707T		Uncertain_significance
RIF	rpoB_M920V		Uncertain_significance
RIF	rpoB_N1155S		Uncertain_significance
RIF	rpoB_N135D		Uncertain_significance
RIF	rpoB_N163D		Uncertain_significance
RIF	rpoB_N163K		Uncertain_significance
RIF	rpoB_N24D		Uncertain_significance
RIF	rpoB_N24K		Uncertain_significance
RIF	rpoB_N292S		Uncertain_significance
RIF	rpoB_N369D		Uncertain_significance
RIF	rpoB_N381H		Not_assoc_w_R
RIF	rpoB_N437D		Assoc_w_R_Interim
RIF	rpoB_N437H		Assoc_w_R_Interim
RIF	rpoB_N437I		Assoc_w_R_Interim
RIF	rpoB_N437S		Assoc_w_R_Interim
RIF	rpoB_N437Y		Assoc_w_R_Interim
RIF	rpoB_N487H		Uncertain_significance
RIF	rpoB_N487S		Uncertain_significance
RIF	rpoB_N501K		Uncertain_significance
RIF	rpoB_N539K		Uncertain_significance
RIF	rpoB_N604S		Uncertain_significance
RIF	rpoB_N673S		Uncertain_significance
RIF	rpoB_N673T		Uncertain_significance
RIF	rpoB_N724S		Uncertain_significance
RIF	rpoB_N75T		Uncertain_significance
RIF	rpoB_N963D		Uncertain_significance
RIF	rpoB_N963S		Uncertain_significance
RIF	rpoB_P1014R		Uncertain_significance
RIF	rpoB_P1014S		Uncertain_significance
RIF	rpoB_P27H		Uncertain_significance
RIF	rpoB_P280L		Uncertain_significance
RIF	rpoB_P280S		Uncertain_significance
RIF	rpoB_P30A		Uncertain_significance
RIF	rpoB_P30S		Uncertain_significance
RIF	rpoB_P321S		Uncertain_significance
RIF	rpoB_P358L		Uncertain_significance
RIF	rpoB_P358S		Uncertain_significance
RIF	rpoB_P439L		Assoc_w_R_Interim
RIF	rpoB_P439S		Assoc_w_R_Interim
RIF	rpoB_P454H		Uncertain_significance
RIF	rpoB_P454L		Uncertain_significance
RIF	rpoB_P454R		Uncertain_significance
RIF	rpoB_P454S		Uncertain_significance
RIF	rpoB_P45A		Uncertain_significance
RIF	rpoB_P45L		Uncertain_significance
RIF	rpoB_P45Q		Uncertain_significance
RIF	rpoB_P45R		Uncertain_significance
RIF	rpoB_P45S		Uncertain_significance
RIF	rpoB_P45T		Uncertain_significance
RIF	rpoB_P483L		Uncertain_significance
RIF	rpoB_P483S		Uncertain_significance
RIF	rpoB_P509S		Uncertain_significance
RIF	rpoB_P541L		Uncertain_significance
RIF	rpoB_P577A		Uncertain_significance
RIF	rpoB_P682A		Uncertain_significance
RIF	rpoB_P682T		Uncertain_significance
RIF	rpoB_P700L		Uncertain_significance
RIF	rpoB_P700R		Uncertain_significance
RIF	rpoB_P719S		Uncertain_significance
RIF	rpoB_P768L		Uncertain_significance
RIF	rpoB_P834L		Uncertain_significance
RIF	rpoB_P834T		Uncertain_significance
RIF	rpoB_P856L		Uncertain_significance
RIF	rpoB_P89S		Uncertain_significance
RIF	rpoB_P906L		Uncertain_significance
RIF	rpoB_P954R		Uncertain_significance
RIF	rpoB_P988A		Uncertain_significance
RIF	rpoB_P988S		Uncertain_significance
RIF	rpoB_Q1056R		Uncertain_significance
RIF	rpoB_Q1080R		Uncertain_significance
RIF	rpoB_Q172K		Uncertain_significance
RIF	rpoB_Q172R		Uncertain_significance
RIF	rpoB_Q19R		Uncertain_significance
RIF	rpoB_Q226E		Uncertain_significance
RIF	rpoB_Q401R		Uncertain_significance
RIF	rpoB_Q409R		Uncertain_significance
RIF	rpoB_Q429H		Assoc_w_R_Interim
RIF	rpoB_Q429L		Assoc_w_R_Interim
RIF	rpoB_Q429P		Assoc_w_R_Interim
RIF	rpoB_Q432E		Assoc_w_R_Interim
RIF	rpoB_Q432H		Assoc_w_R_Interim
RIF	rpoB_Q432K		Assoc_w_R
RIF	rpoB_Q432L		Assoc_w_R
RIF	rpoB_Q432N		Assoc_w_R_Interim
RIF	rpoB_Q432P		Assoc_w_R
RIF	rpoB_Q436N		Assoc_w_R_Interim
RIF	rpoB_Q436P		Assoc_w_R_Interim
RIF	rpoB_Q51P		Uncertain_significance
RIF	rpoB_Q975H		Uncertain_significance
RIF	rpoB_Q980K		Uncertain_significance
RIF	rpoB_Q980R		Uncertain_significance
RIF	rpoB_R1008C		Uncertain_significance
RIF	rpoB_R167C		Uncertain_significance
RIF	rpoB_R167H		Uncertain_significance
RIF	rpoB_R219C		Uncertain_significance
RIF	rpoB_R219L		Uncertain_significance
RIF	rpoB_R219S		Uncertain_significance
RIF	rpoB_R224C		Uncertain_significance
RIF	rpoB_R225G		Uncertain_significance
RIF	rpoB_R225Q		Uncertain_significance
RIF	rpoB_R273C		Uncertain_significance
RIF	rpoB_R304C		Uncertain_significance
RIF	rpoB_R448K		Assoc_w_R_Interim
RIF	rpoB_R448Q		Assoc_w_R_Interim
RIF	rpoB_R499Q		Uncertain_significance
RIF	rpoB_R499W		Uncertain_significance
RIF	rpoB_R511L		Uncertain_significance
RIF	rpoB_R532C		Uncertain_significance
RIF	rpoB_R547S		Uncertain_significance
RIF	rpoB_R552C		Uncertain_significance
RIF	rpoB_R552H		Uncertain_significance
RIF	rpoB_R552L		Uncertain_significance
RIF	rpoB_R552S		Uncertain_significance
RIF	rpoB_R578G		Uncertain_significance
RIF	rpoB_R578H		Uncertain_significance
RIF	rpoB_R607S		Uncertain_significance
RIF	rpoB_R661Q		Uncertain_significance
RIF	rpoB_R665W		Uncertain_significance
RIF	rpoB_R734H		Uncertain_significance
RIF	rpoB_R791C		Uncertain_significance
RIF	rpoB_R824C		Uncertain_significance
RIF	rpoB_R824L		Uncertain_significance
RIF	rpoB_R827C		Uncertain_significance
RIF	rpoB_R827H		Uncertain_significance
RIF	rpoB_R827L		Uncertain_significance
RIF	rpoB_R827S		Uncertain_significance
RIF	rpoB_R845Q		Uncertain_significance
RIF	rpoB_R845W		Uncertain_significance
RIF	rpoB_R871H		Uncertain_significance
RIF	rpoB_R871L		Uncertain_significance
RIF	rpoB_R952K		Uncertain_significance
RIF	rpoB_S1009T		Uncertain_significance
RIF	rpoB_S1124A		Uncertain_significance
RIF	rpoB_S1134R		Uncertain_significance
RIF	rpoB_S12T		Uncertain_significance
RIF	rpoB_S16C		Uncertain_significance
RIF	rpoB_S195R		Uncertain_significance
RIF	rpoB_S20I		Uncertain_significance
RIF	rpoB_S21F		Uncertain_significance
RIF	rpoB_S239R		Uncertain_significance
RIF	rpoB_S254P		Uncertain_significance
RIF	rpoB_S388L		Not_assoc_w_R
RIF	rpoB_S428G		Assoc_w_R_Interim
RIF	rpoB_S428I		Assoc_w_R_Interim
RIF	rpoB_S428R		Assoc_w_R_Interim
RIF	rpoB_S428T		Assoc_w_R_Interim
RIF	rpoB_S431G		Assoc_w_R_Interim
RIF	rpoB_S431R		Assoc_w_R_Interim
RIF	rpoB_S431T		Assoc_w_R_Interim
RIF	rpoB_S441A		Assoc_w_R_Interim
RIF	rpoB_S441L		Assoc_w_R
RIF	rpoB_S441M		Assoc_w_R_Interim
RIF	rpoB_S441Q		Assoc_w_R
RIF	rpoB_S441V		Assoc_w_R_Interim
RIF	rpoB_S450A		Assoc_w_R_Interim
RIF	rpoB_S450C		Assoc_w_R_Interim
RIF	rpoB_S450F		Assoc_w_R
RIF	rpoB_S450G		Assoc_w_R_Interim
RIF	rpoB_S450L		Assoc_w_R
RIF	rpoB_S450M		Assoc_w_R_Interim
RIF	rpoB_S450Q		Assoc_w_R_Interim
RIF	rpoB_S450V		Assoc_w_R_Interim
RIF	rpoB_S450W		Assoc_w_R
RIF	rpoB_S450Y		Assoc_w_R_Interim
RIF	rpoB_S493L		Uncertain_significance
RIF	rpoB_S493W		Uncertain_significance
RIF	rpoB_S540P		Uncertain_significance
RIF	rpoB_S567P		Uncertain_significance
RIF	rpoB_S582A		Uncertain_significance
RIF	rpoB_S582T		Uncertain_significance
RIF	rpoB_S641R		Uncertain_significance
RIF	rpoB_S672F		Uncertain_significance
RIF	rpoB_S67F		Uncertain_significance
RIF	rpoB_S874F		Uncertain_significance
RIF	rpoB_S874Y		Uncertain_significance
RIF	rpoB_S88P		Uncertain_significance
RIF	rpoB_S936R		Uncertain_significance
RIF	rpoB_S984L		Uncertain_significance
RIF	rpoB_S98A		Uncertain_significance
RIF	rpoB_T159P		Uncertain_significance
RIF	rpoB_T215A		Uncertain_significance
RIF	rpoB_T347I		Uncertain_significance
RIF	rpoB_T350I		Uncertain_significance
RIF	rpoB_T399A		Uncertain_significance
RIF	rpoB_T399I		Uncertain_significance
RIF	rpoB_T399N		Uncertain_significance
RIF	rpoB_T399P		Uncertain_significance
RIF	rpoB_T400A		Uncertain_significance
RIF	rpoB_T400N		Uncertain_significance
RIF	rpoB_T400S		Uncertain_significance
RIF	rpoB_T427A		Assoc_w_R_Interim
RIF	rpoB_T427G		Assoc_w_R_Interim
RIF	rpoB_T427I		Assoc_w_R_Interim
RIF	rpoB_T427N		Assoc_w_R_Interim
RIF	rpoB_T427S		Assoc_w_R_Interim
RIF	rpoB_T444I		Assoc_w_R_Interim
RIF	rpoB_T444S		Assoc_w_R_Interim
RIF	rpoB_T482I		Uncertain_significance
RIF	rpoB_T508A		Uncertain_significance
RIF	rpoB_T508P		Uncertain_significance
RIF	rpoB_T526S		Uncertain_significance
RIF	rpoB_T52P		Uncertain_significance
RIF	rpoB_T52S		Uncertain_significance
RIF	rpoB_T585A		Uncertain_significance
RIF	rpoB_T653A		Uncertain_significance
RIF	rpoB_T660I		Uncertain_significance
RIF	rpoB_T660N		Uncertain_significance
RIF	rpoB_T676A		Uncertain_significance
RIF	rpoB_T676P		Uncertain_significance
RIF	rpoB_T742A		Uncertain_significance
RIF	rpoB_T756A		Uncertain_significance
RIF	rpoB_T756I		Uncertain_significance
RIF	rpoB_T928N		Uncertain_significance
RIF	rpoB_T9I		Uncertain_significance
RIF	rpoB_V1117L		Uncertain_significance
RIF	rpoB_V1129A		Uncertain_significance
RIF	rpoB_V113I		Uncertain_significance
RIF	rpoB_V1168F		Uncertain_significance
RIF	rpoB_V129G		Uncertain_significance
RIF	rpoB_V168A		Uncertain_significance
RIF	rpoB_V168G		Uncertain_significance
RIF	rpoB_V168M		Uncertain_significance
RIF	rpoB_V170A		Uncertain_significance
RIF	rpoB_V170F		Assoc_w_R
RIF	rpoB_V170G		Uncertain_significance
RIF	rpoB_V179A		Uncertain_significance
RIF	rpoB_V179M		Uncertain_significance
RIF	rpoB_V198L		Uncertain_significance
RIF	rpoB_V198M		Uncertain_significance
RIF	rpoB_V216I		Uncertain_significance
RIF	rpoB_V228I		Uncertain_significance
RIF	rpoB_V262A		Uncertain_significance
RIF	rpoB_V262F		Uncertain_significance
RIF	rpoB_V305I		Uncertain_significance
RIF	rpoB_V310G		Uncertain_significance
RIF	rpoB_V332I		Uncertain_significance
RIF	rpoB_V33L		Uncertain_significance
RIF	rpoB_V351I		Uncertain_significance
RIF	rpoB_V355I		Uncertain_significance
RIF	rpoB_V359A		Uncertain_significance
RIF	rpoB_V394L		Uncertain_significance
RIF	rpoB_V44A		Uncertain_significance
RIF	rpoB_V44G		Uncertain_significance
RIF	rpoB_V496A		Uncertain_significance
RIF	rpoB_V496G		Uncertain_significance
RIF	rpoB_V496L		Uncertain_significance
RIF	rpoB_V496M		Uncertain_significance
RIF	rpoB_V50G		Uncertain_significance
RIF	rpoB_V517M		Uncertain_significance
RIF	rpoB_V523L		Uncertain_significance
RIF	rpoB_V534A		Uncertain_significance
RIF	rpoB_V534G		Uncertain_significance
RIF	rpoB_V534L		Uncertain_significance
RIF	rpoB_V534M		Uncertain_significance
RIF	rpoB_V549G		Uncertain_significance
RIF	rpoB_V549I		Uncertain_significance
RIF	rpoB_V562A		Uncertain_significance
RIF	rpoB_V562M		Uncertain_significance
RIF	rpoB_V581M		Uncertain_significance
RIF	rpoB_V613F		Uncertain_significance
RIF	rpoB_V695L		Not_assoc_w_R
RIF	rpoB_V736L		Uncertain_significance
RIF	rpoB_V77M		Uncertain_significance
RIF	rpoB_V797L		Uncertain_significance
RIF	rpoB_V800A		Uncertain_significance
RIF	rpoB_V833M		Uncertain_significance
RIF	rpoB_V841L		Uncertain_significance
RIF	rpoB_V865M		Uncertain_significance
RIF	rpoB_V867A		Uncertain_significance
RIF	rpoB_V867M		Uncertain_significance
RIF	rpoB_V895F		Uncertain_significance
RIF	rpoB_V946G		Uncertain_significance
RIF	rpoB_V970A		Uncertain_significance
RIF	rpoB_V970M		Uncertain_significance
RIF	rpoB_V996A		Uncertain_significance
RIF	rpoB_V996G		Uncertain_significance
RIF	rpoB_Y1015C		Uncertain_significance
RIF	rpoB_Y308C		Uncertain_significance
RIF	rpoB_Y308D		Uncertain_significance
RIF	rpoB_Y474H		Uncertain_significance
RIF	rpoB_Y510H		Uncertain_significance
RIF	rpoB_Y564C		Uncertain_significance
RIF	rpoB_Y564H		Uncertain_significance
RIF	rpoB_Y572C		Uncertain_significance
RIF	rpoB_Y651H		Uncertain_significance
RIF	rpoB_Y866H		Uncertain_significance
RIF	rpoC_A1037V		Uncertain_significance
RIF	rpoC_A1044V		Uncertain_significance
RIF	rpoC_A1144T		Uncertain_significance
RIF	rpoC_A1184V		Uncertain_significance
RIF	rpoC_A1188S		Uncertain_significance
RIF	rpoC_A1195V		Uncertain_significance
RIF	rpoC_A1201S		Uncertain_significance
RIF	rpoC_A1202D		Uncertain_significance
RIF	rpoC_A1236G		Uncertain_significance
RIF	rpoC_A1299V		Uncertain_significance
RIF	rpoC_A1304V		Uncertain_significance
RIF	rpoC_A172G		Uncertain_significance
RIF	rpoC_A172V		Not_assoc_w_R
RIF	rpoC_A174V		Uncertain_significance
RIF	rpoC_A189T		Uncertain_significance
RIF	rpoC_A212T		Uncertain_significance
RIF	rpoC_A230V		Uncertain_significance
RIF	rpoC_A316T		Uncertain_significance
RIF	rpoC_A448S		Uncertain_significance
RIF	rpoC_A492P		Uncertain_significance
RIF	rpoC_A521V		Uncertain_significance
RIF	rpoC_A553V		Uncertain_significance
RIF	rpoC_A618V		Uncertain_significance
RIF	rpoC_A621T		Not_assoc_w_R
RIF	rpoC_A621V		Uncertain_significance
RIF	rpoC_A648D		Uncertain_significance
RIF	rpoC_A648T		Uncertain_significance
RIF	rpoC_A661T		Uncertain_significance
RIF	rpoC_A710V		Uncertain_significance
RIF	rpoC_A773E		Uncertain_significance
RIF	rpoC_A85T		Uncertain_significance
RIF	rpoC_A902T		Uncertain_significance
RIF	rpoC_A929G		Uncertain_significance
RIF	rpoC_A994T		Uncertain_significance
RIF	rpoC_D1093E		Uncertain_significance
RIF	rpoC_D1169E		Uncertain_significance
RIF	rpoC_D192G		Uncertain_significance
RIF	rpoC_D19A		Uncertain_significance
RIF	rpoC_D221N		Uncertain_significance
RIF	rpoC_D271G		Not_assoc_w_R
RIF	rpoC_D271N		Uncertain_significance
RIF	rpoC_D279G		Uncertain_significance
RIF	rpoC_D331A		Uncertain_significance
RIF	rpoC_D44E		Uncertain_significance
RIF	rpoC_D462G		Uncertain_significance
RIF	rpoC_D595A		Uncertain_significance
RIF	rpoC_D660N		Uncertain_significance
RIF	rpoC_D754A		Uncertain_significance
RIF	rpoC_D795E		Uncertain_significance
RIF	rpoC_D795G		Uncertain_significance
RIF	rpoC_D795Y		Uncertain_significance
RIF	rpoC_D796G		Uncertain_significance
RIF	rpoC_D890E		Uncertain_significance
RIF	rpoC_D907G		Uncertain_significance
RIF	rpoC_E1033A		Uncertain_significance
RIF	rpoC_E1056D		Uncertain_significance
RIF	rpoC_E1073D		Uncertain_significance
RIF	rpoC_E1073K		Uncertain_significance
RIF	rpoC_E1073Q		Uncertain_significance
RIF	rpoC_E1092D		Not_assoc_w_R
RIF	rpoC_E1096D		Uncertain_significance
RIF	rpoC_E1113D		Uncertain_significance
RIF	rpoC_E1140D		Uncertain_significance
RIF	rpoC_E1140G		Uncertain_significance
RIF	rpoC_E1189D		Uncertain_significance
RIF	rpoC_E1196K		Uncertain_significance
RIF	rpoC_E126D		Uncertain_significance
RIF	rpoC_E1277K		Uncertain_significance
RIF	rpoC_E1289A		Uncertain_significance
RIF	rpoC_E1289G		Uncertain_significance
RIF	rpoC_E142A		Uncertain_significance
RIF	rpoC_E142G		Uncertain_significance
RIF	rpoC_E171K		Uncertain_significance
RIF	rpoC_E185Q		Uncertain_significance
RIF	rpoC_E18D		Uncertain_significance
RIF	rpoC_E18Q		Uncertain_significance
RIF	rpoC_E215A		Uncertain_significance
RIF	rpoC_E220K		Uncertain_significance
RIF	rpoC_E259K		Uncertain_significance
RIF	rpoC_E49A		Uncertain_significance
RIF	rpoC_E591Q		Uncertain_significance
RIF	rpoC_E645K		Uncertain_significance
RIF	rpoC_E784Q		Not_assoc_w_R
RIF	rpoC_E791A		Uncertain_significance
RIF	rpoC_E791Q		Uncertain_significance
RIF	rpoC_E842A		Uncertain_significance
RIF	rpoC_E894G		Uncertain_significance
RIF	rpoC_E932K		Uncertain_significance
RIF	rpoC_E948A		Uncertain_significance
RIF	rpoC_F1061L		Uncertain_significance
RIF	rpoC_F1089S		Uncertain_significance
RIF	rpoC_F1175L		Uncertain_significance
RIF	rpoC_F831L		Uncertain_significance
RIF	rpoC_G1026A		Uncertain_significance
RIF	rpoC_G1072D		Uncertain_significance
RIF	rpoC_G1197R		Uncertain_significance
RIF	rpoC_G1198S		Uncertain_significance
RIF	rpoC_G1311S		Uncertain_significance
RIF	rpoC_G13R		Uncertain_significance
RIF	rpoC_G188A		Uncertain_significance
RIF	rpoC_G254S		Uncertain_significance
RIF	rpoC_G286E		Uncertain_significance
RIF	rpoC_G311S		Uncertain_significance
RIF	rpoC_G332R		Uncertain_significance
RIF	rpoC_G411S		Uncertain_significance
RIF	rpoC_G519D		Uncertain_significance
RIF	rpoC_G594E		Not_assoc_w_R
RIF	rpoC_G594R		Uncertain_significance
RIF	rpoC_G597D		Uncertain_significance
RIF	rpoC_G63A		Uncertain_significance
RIF	rpoC_G652D		Uncertain_significance
RIF	rpoC_G655S		Uncertain_significance
RIF	rpoC_G655V		Uncertain_significance
RIF	rpoC_G680R		Uncertain_significance
RIF	rpoC_G680V		Uncertain_significance
RIF	rpoC_G980E		Uncertain_significance
RIF	rpoC_G980R		Uncertain_significance
RIF	rpoC_H145Y		Uncertain_significance
RIF	rpoC_H525Q		Uncertain_significance
RIF	rpoC_H525Y		Uncertain_significance
RIF	rpoC_H606Q		Uncertain_significance
RIF	rpoC_H653Q		Uncertain_significance
RIF	rpoC_H748P		Uncertain_significance
RIF	rpoC_H767P		Uncertain_significance
RIF	rpoC_H889R		Uncertain_significance
RIF	rpoC_I1066V		Uncertain_significance
RIF	rpoC_I1080T		Uncertain_significance
RIF	rpoC_I1132M		Uncertain_significance
RIF	rpoC_I1264T		Uncertain_significance
RIF	rpoC_I1264V		Uncertain_significance
RIF	rpoC_I1270S		Uncertain_significance
RIF	rpoC_I12L		Uncertain_significance
RIF	rpoC_I12V		Uncertain_significance
RIF	rpoC_I270V		Uncertain_significance
RIF	rpoC_I348L		Uncertain_significance
RIF	rpoC_I34V		Uncertain_significance
RIF	rpoC_I491V		Uncertain_significance
RIF	rpoC_I619V		Uncertain_significance
RIF	rpoC_I646V		Uncertain_significance
RIF	rpoC_I696V		Uncertain_significance
RIF	rpoC_I697V		Uncertain_significance
RIF	rpoC_I745L		Uncertain_significance
RIF	rpoC_I802V		Uncertain_significance
RIF	rpoC_I897T		Uncertain_significance
RIF	rpoC_I957T		Uncertain_significance
RIF	rpoC_K1082E		Uncertain_significance
RIF	rpoC_K228N		Uncertain_significance
RIF	rpoC_K232T		Uncertain_significance
RIF	rpoC_K743E		Uncertain_significance
RIF	rpoC_K828R		Uncertain_significance
RIF	rpoC_L1099V		Uncertain_significance
RIF	rpoC_L1134V		Uncertain_significance
RIF	rpoC_L14F		Uncertain_significance
RIF	rpoC_L151F		Uncertain_significance
RIF	rpoC_L151R		Uncertain_significance
RIF	rpoC_L381V		Uncertain_significance
RIF	rpoC_L627V		Uncertain_significance
RIF	rpoC_L650R		Uncertain_significance
RIF	rpoC_L679R		Uncertain_significance
RIF	rpoC_L737R		Uncertain_significance
RIF	rpoC_L789A		Uncertain_significance
RIF	rpoC_L910V		Uncertain_significance
RIF	rpoC_M1161I		Uncertain_significance
RIF	rpoC_M1208I		Uncertain_significance
RIF	rpoC_M1208V		Uncertain_significance
RIF	rpoC_M205R		Uncertain_significance
RIF	rpoC_M205V		Uncertain_significance
RIF	rpoC_M447T		Uncertain_significance
RIF	rpoC_M515I		Uncertain_significance
RIF	rpoC_M541I		Uncertain_significance
RIF	rpoC_M559I		Uncertain_significance
RIF	rpoC_M581I		Uncertain_significance
RIF	rpoC_M663I		Uncertain_significance
RIF	rpoC_M733I		Uncertain_significance
RIF	rpoC_M92T		Uncertain_significance
RIF	rpoC_N1239D		Uncertain_significance
RIF	rpoC_N1246D		Uncertain_significance
RIF	rpoC_N5D		Uncertain_significance
RIF	rpoC_P1040R		Uncertain_significance
RIF	rpoC_P1200L		Uncertain_significance
RIF	rpoC_P1259L		Uncertain_significance
RIF	rpoC_P1259S		Uncertain_significance
RIF	rpoC_P322T		Uncertain_significance
RIF	rpoC_P394Q		Uncertain_significance
RIF	rpoC_P444S		Uncertain_significance
RIF	rpoC_P481S		Uncertain_significance
RIF	rpoC_P481T		Uncertain_significance
RIF	rpoC_P514L		Uncertain_significance
RIF	rpoC_P601L		Not_assoc_w_R
RIF	rpoC_P601Q		Uncertain_significance
RIF	rpoC_P643S		Uncertain_significance
RIF	rpoC_P658L		Uncertain_significance
RIF	rpoC_P682L		Uncertain_significance
RIF	rpoC_P906A		Not_assoc_w_R
RIF	rpoC_P906R		Uncertain_significance
RIF	rpoC_Q1125R		Uncertain_significance
RIF	rpoC_Q1273R		Uncertain_significance
RIF	rpoC_Q165R		Uncertain_significance
RIF	rpoC_Q22R		Uncertain_significance
RIF	rpoC_Q262R		Uncertain_significance
RIF	rpoC_Q303L		Uncertain_significance
RIF	rpoC_Q440R		Uncertain_significance
RIF	rpoC_Q479H		Uncertain_significance
RIF	rpoC_Q657R		Uncertain_significance
RIF	rpoC_Q711E		Uncertain_significance
RIF	rpoC_Q759R		Uncertain_significance
RIF	rpoC_Q959R		Uncertain_significance
RIF	rpoC_R1052G		Uncertain_significance
RIF	rpoC_R1083G		Uncertain_significance
RIF	rpoC_R1163C		Uncertain_significance
RIF	rpoC_R1163H		Uncertain_significance
RIF	rpoC_R1192L		Uncertain_significance
RIF	rpoC_R1192Q		Uncertain_significance
RIF	rpoC_R11H		Uncertain_significance
RIF	rpoC_R1279S		Uncertain_significance
RIF	rpoC_R173Q		Uncertain_significance
RIF	rpoC_R203C		Uncertain_significance
RIF	rpoC_R206C		Uncertain_significance
RIF	rpoC_R211H		Uncertain_significance
RIF	rpoC_R247C		Uncertain_significance
RIF	rpoC_R247H		Uncertain_significance
RIF	rpoC_R282Q		Uncertain_significance
RIF	rpoC_R397L		Uncertain_significance
RIF	rpoC_R478C		Uncertain_significance
RIF	rpoC_R506Q		Uncertain_significance
RIF	rpoC_R636L		Uncertain_significance
RIF	rpoC_R641Q		Uncertain_significance
RIF	rpoC_R641W		Uncertain_significance
RIF	rpoC_R69P		Not_assoc_w_R
RIF	rpoC_R741C		Uncertain_significance
RIF	rpoC_R741H		Uncertain_significance
RIF	rpoC_R741S		Uncertain_significance
RIF	rpoC_R752H		Uncertain_significance
RIF	rpoC_R912H		Uncertain_significance
RIF	rpoC_R963C		Uncertain_significance
RIF	rpoC_R981G		Uncertain_significance
RIF	rpoC_S1095F		Uncertain_significance
RIF	rpoC_S1100A		Uncertain_significance
RIF	rpoC_S1172A		Uncertain_significance
RIF	rpoC_S1242N		Uncertain_significance
RIF	rpoC_S1287Q		Uncertain_significance
RIF	rpoC_S1294N		Uncertain_significance
RIF	rpoC_S308F		Uncertain_significance
RIF	rpoC_S403A		Uncertain_significance
RIF	rpoC_S403C		Uncertain_significance
RIF	rpoC_S614L		Uncertain_significance
RIF	rpoC_T1262A		Uncertain_significance
RIF	rpoC_T1284A		Uncertain_significance
RIF	rpoC_T1301S		Uncertain_significance
RIF	rpoC_T16A		Uncertain_significance
RIF	rpoC_T225N		Uncertain_significance
RIF	rpoC_T227I		Uncertain_significance
RIF	rpoC_T253I		Uncertain_significance
RIF	rpoC_T667M		Uncertain_significance
RIF	rpoC_T845P		Uncertain_significance
RIF	rpoC_T893I		Uncertain_significance
RIF	rpoC_T909K		Uncertain_significance
RIF	rpoC_T909M		Uncertain_significance
RIF	rpoC_T958I		Uncertain_significance
RIF	rpoC_T958N		Uncertain_significance
RIF	rpoC_V1049F		Uncertain_significance
RIF	rpoC_V1067A		Uncertain_significance
RIF	rpoC_V1098L		Uncertain_significance
RIF	rpoC_V1130M		Uncertain_significance
RIF	rpoC_V1135A		Uncertain_significance
RIF	rpoC_V1138G		Uncertain_significance
RIF	rpoC_V1272A		Uncertain_significance
RIF	rpoC_V139G		Uncertain_significance
RIF	rpoC_V139I		Uncertain_significance
RIF	rpoC_V197I		Uncertain_significance
RIF	rpoC_V236I		Uncertain_significance
RIF	rpoC_V299I		Uncertain_significance
RIF	rpoC_V313A		Uncertain_significance
RIF	rpoC_V422A		Uncertain_significance
RIF	rpoC_V611F		Uncertain_significance
RIF	rpoC_V626I		Uncertain_significance
RIF	rpoC_V629M		Uncertain_significance
RIF	rpoC_V684G		Uncertain_significance
RIF	rpoC_V684I		Uncertain_significance
RIF	rpoC_V692A		Uncertain_significance
RIF	rpoC_V709F		Uncertain_significance
RIF	rpoC_V756I		Uncertain_significance
RIF	rpoC_V803L		Uncertain_significance
RIF	rpoC_V899I		Uncertain_significance
RIF	rpoC_V930I		Uncertain_significance
RIF	rpoC_V974M		Uncertain_significance
RIF	rpoC_W223R		Uncertain_significance
RIF	rpoC_Y612S		Uncertain_significance
RIF	rpoC_Y61C		Uncertain_significance
RIF	rpoC_Y704C		Uncertain_significance
RIF	rpoC_Y722C		Uncertain_significance
RIF	rpoC_Y749H		Uncertain_significance
RIF	Rv2752c_A113E		Uncertain_significance
RIF	Rv2752c_A113G		Uncertain_significance
RIF	Rv2752c_A153V		Uncertain_significance
RIF	Rv2752c_A155T		Uncertain_significance
RIF	Rv2752c_A206V		Uncertain_significance
RIF	Rv2752c_A20E		Uncertain_significance
RIF	Rv2752c_A20P		Uncertain_significance
RIF	Rv2752c_A20V		Uncertain_significance
RIF	Rv2752c_A239V		Uncertain_significance
RIF	Rv2752c_A251V		Uncertain_significance
RIF	Rv2752c_A252T		Uncertain_significance
RIF	Rv2752c_A254V		Uncertain_significance
RIF	Rv2752c_A273T		Uncertain_significance
RIF	Rv2752c_A273V		Not_assoc_w_R
RIF	Rv2752c_A282G		Uncertain_significance
RIF	Rv2752c_A290P		Uncertain_significance
RIF	Rv2752c_A292D		Uncertain_significance
RIF	Rv2752c_A296V		Not_assoc_w_R
RIF	Rv2752c_A347T		Uncertain_significance
RIF	Rv2752c_A354S		Uncertain_significance
RIF	Rv2752c_A376G		Uncertain_significance
RIF	Rv2752c_A378T		Uncertain_significance
RIF	Rv2752c_A378V		Uncertain_significance
RIF	Rv2752c_A411V		Uncertain_significance
RIF	Rv2752c_A436T		Uncertain_significance
RIF	Rv2752c_A441S		Uncertain_significance
RIF	Rv2752c_A474V		Uncertain_significance
RIF	Rv2752c_A489V		Uncertain_significance
RIF	Rv2752c_A521S		Uncertain_significance
RIF	Rv2752c_A530G		Uncertain_significance
RIF	Rv2752c_A530T		Uncertain_significance
RIF	Rv2752c_A530V		Uncertain_significance
RIF	Rv2752c_A76V		Uncertain_significance
RIF	Rv2752c_A89E		Uncertain_significance
RIF	Rv2752c_C116F		Uncertain_significance
RIF	Rv2752c_C201R		Uncertain_significance
RIF	Rv2752c_C201Y		Uncertain_significance
RIF	Rv2752c_C45F		Uncertain_significance
RIF	Rv2752c_D152A		Uncertain_significance
RIF	Rv2752c_D170N		Uncertain_significance
RIF	Rv2752c_D184E		Uncertain_significance
RIF	Rv2752c_D184H		Uncertain_significance
RIF	Rv2752c_D202A		Uncertain_significance
RIF	Rv2752c_D230G		Uncertain_significance
RIF	Rv2752c_D250E		Uncertain_significance
RIF	Rv2752c_D332G		Uncertain_significance
RIF	Rv2752c_D450G		Uncertain_significance
RIF	Rv2752c_D63G		Uncertain_significance
RIF	Rv2752c_D69N		Uncertain_significance
RIF	Rv2752c_D85E		Uncertain_significance
RIF	Rv2752c_D85G		Uncertain_significance
RIF	Rv2752c_E114G		Uncertain_significance
RIF	Rv2752c_E130K		Uncertain_significance
RIF	Rv2752c_E207K		Uncertain_significance
RIF	Rv2752c_E207Q		Uncertain_significance
RIF	Rv2752c_E217D		Uncertain_significance
RIF	Rv2752c_E217G		Uncertain_significance
RIF	Rv2752c_E26G		Uncertain_significance
RIF	Rv2752c_E310A		Uncertain_significance
RIF	Rv2752c_E35D		Uncertain_significance
RIF	Rv2752c_E380A		Uncertain_significance
RIF	Rv2752c_E499!		Uncertain_significance
RIF	Rv2752c_E54A		Uncertain_significance
RIF	Rv2752c_E557G		Uncertain_significance
RIF	Rv2752c_E68D		Uncertain_significance
RIF	Rv2752c_E84D		Uncertain_significance
RIF	Rv2752c_E84K		Uncertain_significance
RIF	Rv2752c_F125L		Uncertain_significance
RIF	Rv2752c_F139V		Uncertain_significance
RIF	Rv2752c_F238S		Uncertain_significance
RIF	Rv2752c_F383L		Uncertain_significance
RIF	Rv2752c_F383V		Uncertain_significance
RIF	Rv2752c_G104A		Uncertain_significance
RIF	Rv2752c_G104S		Uncertain_significance
RIF	Rv2752c_G161C		Uncertain_significance
RIF	Rv2752c_G161S		Not_assoc_w_R
RIF	Rv2752c_G163R		Uncertain_significance
RIF	Rv2752c_G180C		Uncertain_significance
RIF	Rv2752c_G187D		Uncertain_significance
RIF	Rv2752c_G210R		Uncertain_significance
RIF	Rv2752c_G228C		Uncertain_significance
RIF	Rv2752c_G22C		Uncertain_significance
RIF	Rv2752c_G22V		Uncertain_significance
RIF	Rv2752c_G231V		Uncertain_significance
RIF	Rv2752c_G256V		Uncertain_significance
RIF	Rv2752c_G263D		Uncertain_significance
RIF	Rv2752c_G28V		Uncertain_significance
RIF	Rv2752c_G331V		Uncertain_significance
RIF	Rv2752c_G350E		Uncertain_significance
RIF	Rv2752c_G387E		Uncertain_significance
RIF	Rv2752c_G38S		Uncertain_significance
RIF	Rv2752c_G414S		Uncertain_significance
RIF	Rv2752c_G426A		Uncertain_significance
RIF	Rv2752c_G440S		Uncertain_significance
RIF	Rv2752c_G451D		Uncertain_significance
RIF	Rv2752c_G458R		Uncertain_significance
RIF	Rv2752c_G482V		Uncertain_significance
RIF	Rv2752c_G484D		Uncertain_significance
RIF	Rv2752c_G484S		Uncertain_significance
RIF	Rv2752c_G496A		Uncertain_significance
RIF	Rv2752c_G51S		Uncertain_significance
RIF	Rv2752c_G538D		Uncertain_significance
RIF	Rv2752c_G542E		Uncertain_significance
RIF	Rv2752c_G82E		Uncertain_significance
RIF	Rv2752c_G88W		Uncertain_significance
RIF	Rv2752c_H136D		Uncertain_significance
RIF	Rv2752c_H148Q		Uncertain_significance
RIF	Rv2752c_H148Y		Uncertain_significance
RIF	Rv2752c_H167R		Uncertain_significance
RIF	Rv2752c_H223R		Uncertain_significance
RIF	Rv2752c_H223Y		Uncertain_significance
RIF	Rv2752c_H36Q		Uncertain_significance
RIF	Rv2752c_H371D		Uncertain_significance
RIF	Rv2752c_H375R		Uncertain_significance
RIF	Rv2752c_H375Y		Uncertain_significance
RIF	Rv2752c_H491Y		Uncertain_significance
RIF	Rv2752c_H493P		Uncertain_significance
RIF	Rv2752c_H81R		Uncertain_significance
RIF	Rv2752c_H81Y		Uncertain_significance
RIF	Rv2752c_H83R		Uncertain_significance
RIF	Rv2752c_H83Y		Uncertain_significance
RIF	Rv2752c_H86R		Uncertain_significance
RIF	Rv2752c_H86Y		Uncertain_significance
RIF	Rv2752c_I121M		Uncertain_significance
RIF	Rv2752c_I165S		Uncertain_significance
RIF	Rv2752c_I234R		Uncertain_significance
RIF	Rv2752c_I234V		Uncertain_significance
RIF	Rv2752c_I248T		Uncertain_significance
RIF	Rv2752c_I249S		Uncertain_significance
RIF	Rv2752c_I42N		Uncertain_significance
RIF	Rv2752c_I438T		Uncertain_significance
RIF	Rv2752c_I43S		Uncertain_significance
RIF	Rv2752c_I453T		Uncertain_significance
RIF	Rv2752c_I460V		Uncertain_significance
RIF	Rv2752c_I527M		Uncertain_significance
RIF	Rv2752c_I529S		Uncertain_significance
RIF	Rv2752c_I551T		Uncertain_significance
RIF	Rv2752c_I556V		Uncertain_significance
RIF	Rv2752c_I87T		Uncertain_significance
RIF	Rv2752c_K172Q		Uncertain_significance
RIF	Rv2752c_K172T		Uncertain_significance
RIF	Rv2752c_K357T		Uncertain_significance
RIF	Rv2752c_K408R		Uncertain_significance
RIF	Rv2752c_K435E		Not_assoc_w_R
RIF	Rv2752c_K539T		Uncertain_significance
RIF	Rv2752c_L109W		Uncertain_significance
RIF	Rv2752c_L111R		Uncertain_significance
RIF	Rv2752c_L11R		Uncertain_significance
RIF	Rv2752c_L16F		Uncertain_significance
RIF	Rv2752c_L16W		Uncertain_significance
RIF	Rv2752c_L176S		Uncertain_significance
RIF	Rv2752c_L185P		Uncertain_significance
RIF	Rv2752c_L191P		Uncertain_significance
RIF	Rv2752c_L200R		Uncertain_significance
RIF	Rv2752c_L222P		Uncertain_significance
RIF	Rv2752c_L222Q		Uncertain_significance
RIF	Rv2752c_L225P		Uncertain_significance
RIF	Rv2752c_L315!		Uncertain_significance
RIF	Rv2752c_L37P		Uncertain_significance
RIF	Rv2752c_L37V		Uncertain_significance
RIF	Rv2752c_L403M		Uncertain_significance
RIF	Rv2752c_L403R		Uncertain_significance
RIF	Rv2752c_L41S		Uncertain_significance
RIF	Rv2752c_L422F		Uncertain_significance
RIF	Rv2752c_L487F		Uncertain_significance
RIF	Rv2752c_L48S		Uncertain_significance
RIF	Rv2752c_L5F		Uncertain_significance
RIF	Rv2752c_L5V		Uncertain_significance
RIF	Rv2752c_L61P		Uncertain_significance
RIF	Rv2752c_L77R		Uncertain_significance
RIF	Rv2752c_L93M		Uncertain_significance
RIF	Rv2752c_L94R		Uncertain_significance
RIF	Rv2752c_M188K		Uncertain_significance
RIF	Rv2752c_M312I		Uncertain_significance
RIF	Rv2752c_M312V		Uncertain_significance
RIF	Rv2752c_M318V		Uncertain_significance
RIF	Rv2752c_M31I		Not_assoc_w_R
RIF	Rv2752c_M394R		Uncertain_significance
RIF	Rv2752c_M394T		Uncertain_significance
RIF	Rv2752c_M447I		Uncertain_significance
RIF	Rv2752c_M447T		Uncertain_significance
RIF	Rv2752c_M64I		Uncertain_significance
RIF	Rv2752c_M64R		Uncertain_significance
RIF	Rv2752c_N30D		Uncertain_significance
RIF	Rv2752c_N30K		Uncertain_significance
RIF	Rv2752c_N30S		Uncertain_significance
RIF	Rv2752c_N406K		Uncertain_significance
RIF	Rv2752c_N406S		Uncertain_significance
RIF	Rv2752c_N425K		Uncertain_significance
RIF	Rv2752c_N522D		Uncertain_significance
RIF	Rv2752c_P101A		Uncertain_significance
RIF	Rv2752c_P10R		Uncertain_significance
RIF	Rv2752c_P123L		Not_assoc_w_R
RIF	Rv2752c_P123S		Uncertain_significance
RIF	Rv2752c_P186S		Uncertain_significance
RIF	Rv2752c_P209S		Uncertain_significance
RIF	Rv2752c_P213A		Uncertain_significance
RIF	Rv2752c_P213L		Uncertain_significance
RIF	Rv2752c_P220A		Uncertain_significance
RIF	Rv2752c_P220L		Uncertain_significance
RIF	Rv2752c_P297L		Uncertain_significance
RIF	Rv2752c_P390L		Uncertain_significance
RIF	Rv2752c_P416L		Uncertain_significance
RIF	Rv2752c_P443L		Uncertain_significance
RIF	Rv2752c_P486L		Uncertain_significance
RIF	Rv2752c_P50L		Uncertain_significance
RIF	Rv2752c_P526R		Uncertain_significance
RIF	Rv2752c_P549Q		Uncertain_significance
RIF	Rv2752c_P549S		Uncertain_significance
RIF	Rv2752c_P553L		Uncertain_significance
RIF	Rv2752c_P553S		Uncertain_significance
RIF	Rv2752c_P55L		Uncertain_significance
RIF	Rv2752c_P62S		Uncertain_significance
RIF	Rv2752c_P6R		Uncertain_significance
RIF	Rv2752c_P7Q		Uncertain_significance
RIF	Rv2752c_P8S		Uncertain_significance
RIF	Rv2752c_P91L		Uncertain_significance
RIF	Rv2752c_Q132P		Uncertain_significance
RIF	Rv2752c_Q246R		Uncertain_significance
RIF	Rv2752c_Q246!		Uncertain_significance
RIF	Rv2752c_Q247!		Uncertain_significance
RIF	Rv2752c_Q275!		Uncertain_significance
RIF	Rv2752c_Q299R		Uncertain_significance
RIF	Rv2752c_Q308E		Uncertain_significance
RIF	Rv2752c_Q308P		Uncertain_significance
RIF	Rv2752c_Q308!		Uncertain_significance
RIF	Rv2752c_Q367!		Uncertain_significance
RIF	Rv2752c_Q417!		Uncertain_significance
RIF	Rv2752c_Q485P		Uncertain_significance
RIF	Rv2752c_Q485R		Uncertain_significance
RIF	Rv2752c_Q531D		Uncertain_significance
RIF	Rv2752c_Q531E		Uncertain_significance
RIF	Rv2752c_Q531!		Uncertain_significance
RIF	Rv2752c_R181C		Uncertain_significance
RIF	Rv2752c_R227G		Uncertain_significance
RIF	Rv2752c_R244Q		Uncertain_significance
RIF	Rv2752c_R244W		Uncertain_significance
RIF	Rv2752c_R258L		Uncertain_significance
RIF	Rv2752c_R268C		Uncertain_significance
RIF	Rv2752c_R268H		Uncertain_significance
RIF	Rv2752c_R271C		Uncertain_significance
RIF	Rv2752c_R29C		Uncertain_significance
RIF	Rv2752c_R29G		Uncertain_significance
RIF	Rv2752c_R317P		Uncertain_significance
RIF	Rv2752c_R320H		Uncertain_significance
RIF	Rv2752c_R320L		Uncertain_significance
RIF	Rv2752c_R320P		Uncertain_significance
RIF	Rv2752c_R361G		Uncertain_significance
RIF	Rv2752c_R361S		Uncertain_significance
RIF	Rv2752c_R369G		Uncertain_significance
RIF	Rv2752c_R389G		Uncertain_significance
RIF	Rv2752c_R39!		Uncertain_significance
RIF	Rv2752c_R401G		Uncertain_significance
RIF	Rv2752c_R404S		Uncertain_significance
RIF	Rv2752c_R465L		Uncertain_significance
RIF	Rv2752c_R465W		Uncertain_significance
RIF	Rv2752c_R481H		Uncertain_significance
RIF	Rv2752c_R481L		Uncertain_significance
RIF	Rv2752c_R528W		Uncertain_significance
RIF	Rv2752c_R65S		Uncertain_significance
RIF	Rv2752c_R97Q		Uncertain_significance
RIF	Rv2752c_R97!		Uncertain_significance
RIF	Rv2752c_S13Y		Uncertain_significance
RIF	Rv2752c_S149F		Uncertain_significance
RIF	Rv2752c_S240C		Uncertain_significance
RIF	Rv2752c_S240F		Uncertain_significance
RIF	Rv2752c_S316L		Uncertain_significance
RIF	Rv2752c_S319L		Uncertain_significance
RIF	Rv2752c_S319P		Uncertain_significance
RIF	Rv2752c_S325R		Uncertain_significance
RIF	Rv2752c_S337L		Uncertain_significance
RIF	Rv2752c_S337P		Uncertain_significance
RIF	Rv2752c_S373Y		Uncertain_significance
RIF	Rv2752c_S412R		Uncertain_significance
RIF	Rv2752c_S428G		Uncertain_significance
RIF	Rv2752c_S439C		Uncertain_significance
RIF	Rv2752c_S439F		Uncertain_significance
RIF	Rv2752c_S439P		Uncertain_significance
RIF	Rv2752c_S469L		Uncertain_significance
RIF	Rv2752c_S470L		Uncertain_significance
RIF	Rv2752c_S494P		Uncertain_significance
RIF	Rv2752c_S498P		Uncertain_significance
RIF	Rv2752c_T122I		Uncertain_significance
RIF	Rv2752c_T134A		Uncertain_significance
RIF	Rv2752c_T134S		Uncertain_significance
RIF	Rv2752c_T160I		Uncertain_significance
RIF	Rv2752c_T160P		Uncertain_significance
RIF	Rv2752c_T183I		Uncertain_significance
RIF	Rv2752c_T204A		Uncertain_significance
RIF	Rv2752c_T221A		Uncertain_significance
RIF	Rv2752c_T307P		Uncertain_significance
RIF	Rv2752c_T329P		Uncertain_significance
RIF	Rv2752c_T364P		Uncertain_significance
RIF	Rv2752c_T413I		Uncertain_significance
RIF	Rv2752c_T461I		Uncertain_significance
RIF	Rv2752c_T461P		Uncertain_significance
RIF	Rv2752c_T461S		Uncertain_significance
RIF	Rv2752c_T536K		Uncertain_significance
RIF	Rv2752c_T536M		Uncertain_significance
RIF	Rv2752c_T536S		Uncertain_significance
RIF	Rv2752c_T80A		Uncertain_significance
RIF	Rv2752c_T80I		Uncertain_significance
RIF	Rv2752c_V102A		Uncertain_significance
RIF	Rv2752c_V102I		Uncertain_significance
RIF	Rv2752c_V112I		Uncertain_significance
RIF	Rv2752c_V128G		Uncertain_significance
RIF	Rv2752c_V138A		Uncertain_significance
RIF	Rv2752c_V138L		Uncertain_significance
RIF	Rv2752c_V146L		Uncertain_significance
RIF	Rv2752c_V196A		Uncertain_significance
RIF	Rv2752c_V1V		Uncertain_significance
RIF	Rv2752c_V211A		Uncertain_significance
RIF	Rv2752c_V211I		Uncertain_significance
RIF	Rv2752c_V211L		Uncertain_significance
RIF	Rv2752c_V218L		Uncertain_significance
RIF	Rv2752c_V233M		Uncertain_significance
RIF	Rv2752c_V245I		Uncertain_significance
RIF	Rv2752c_V245L		Uncertain_significance
RIF	Rv2752c_V259A		Uncertain_significance
RIF	Rv2752c_V272A		Uncertain_significance
RIF	Rv2752c_V281E		Uncertain_significance
RIF	Rv2752c_V300A		Not_assoc_w_R
RIF	Rv2752c_V335M		Uncertain_significance
RIF	Rv2752c_V351A		Uncertain_significance
RIF	Rv2752c_V388E		Uncertain_significance
RIF	Rv2752c_V393L		Uncertain_significance
RIF	Rv2752c_V393M		Uncertain_significance
RIF	Rv2752c_V396G		Uncertain_significance
RIF	Rv2752c_V415I		Uncertain_significance
RIF	Rv2752c_V457I		Uncertain_significance
RIF	Rv2752c_V475L		Uncertain_significance
RIF	Rv2752c_V47A		Uncertain_significance
RIF	Rv2752c_V47M		Uncertain_significance
RIF	Rv2752c_V511G		Uncertain_significance
RIF	Rv2752c_V533A		Uncertain_significance
RIF	Rv2752c_V533G		Uncertain_significance
RIF	Rv2752c_V537F		Uncertain_significance
RIF	Rv2752c_V541G		Uncertain_significance
RIF	Rv2752c_V552A		Uncertain_significance
RIF	Rv2752c_V552G		Uncertain_significance
RIF	Rv2752c_V555I		Uncertain_significance
RIF	Rv2752c_V558G		Uncertain_significance
RIF	Rv2752c_W400R		Uncertain_significance
RIF	Rv2752c_W400!		Uncertain_significance
RIF	Rv2752c_Y143C		Uncertain_significance
RIF	Rv2752c_Y159!		Uncertain_significance
RIF	Rv2752c_Y385D		Uncertain_significance
RIF	Rv2752c_Y545C		Uncertain_significance
RIF	rpoB_g-385a	759422	Uncertain_significance
RIF	rpoB_g-377a	759430	Uncertain_significance
RIF	rpoB_a-365g	759442	Uncertain_significance
RIF	rpoB_c-364t	759443	Uncertain_significance
RIF	rpoB_g-357a	759450	Uncertain_significance
RIF	rpoB_c-352a	759455	Uncertain_significance
RIF	rpoB_c-350g	759457	Uncertain_significance
RIF	rpoB_a-346c	759461	Uncertain_significance
RIF	rpoB_c-345a	759462	Uncertain_significance
RIF	rpoB_g-343a	759464	Uncertain_significance
RIF	rpoB_t-337c	759470	Uncertain_significance
RIF	rpoB_t-333g	759474	Uncertain_significance
RIF	rpoB_g-329t	759478	Uncertain_significance
RIF	rpoB_c-328t	759479	Uncertain_significance
RIF	rpoB_g-322a	759485	Uncertain_significance
RIF	rpoB_g-317a	759490	Uncertain_significance
RIF	rpoB_g-313a	759494	Uncertain_significance
RIF	rpoB_t-299c	759508	Uncertain_significance
RIF	rpoB_-293_del_8_tcgccagcta_tc	759514	Uncertain_significance
RIF	rpoB_c-286t	759521	Uncertain_significance
RIF	rpoB_c-280t	759527	Uncertain_significance
RIF	rpoB_g-269c	759538	Uncertain_significance
RIF	rpoB_-264_ins_2_g_gtt	759543	Uncertain_significance
RIF	rpoB_a-261g	759546	Not_assoc_w_R
RIF	rpoB_g-258a	759549	Uncertain_significance
RIF	rpoB_c-257g	759550	Uncertain_significance
RIF	rpoB_c-257t	759550	Uncertain_significance
RIF	rpoB_c-256t	759551	Uncertain_significance
RIF	rpoB_t-252c	759555	Uncertain_significance
RIF	rpoB_-251_del_1_at_a	759556	Uncertain_significance
RIF	rpoB_g-235a	759572	Uncertain_significance
RIF	rpoB_c-233t	759574	Uncertain_significance
RIF	rpoB_c-227a	759580	Uncertain_significance
RIF	rpoB_t-223c	759584	Uncertain_significance
RIF	rpoB_t-220c	759587	Uncertain_significance
RIF	rpoB_g-219a	759588	Uncertain_significance
RIF	rpoB_g-219c	759588	Uncertain_significance
RIF	rpoB_g-218a	759589	Uncertain_significance
RIF	rpoB_a-217g	759590	Uncertain_significance
RIF	rpoB_c-216g	759591	Uncertain_significance
RIF	rpoB_c-216t	759591	Uncertain_significance
RIF	rpoB_g-215a	759592	Uncertain_significance
RIF	rpoB_g-215t	759592	Uncertain_significance
RIF	rpoB_t-214c	759593	Uncertain_significance
RIF	rpoB_t-213c	759594	Uncertain_significance
RIF	rpoB_g-210a	759597	Uncertain_significance
RIF	rpoB_c-209g	759598	Uncertain_significance
RIF	rpoB_c-209t	759598	Uncertain_significance
RIF	rpoB_a-203g	759604	Uncertain_significance
RIF	rpoB_c-199a	759608	Uncertain_significance
RIF	rpoB_c-199g	759608	Uncertain_significance
RIF	rpoB_c-199t	759608	Uncertain_significance
RIF	rpoB_c-198a	759609	Uncertain_significance
RIF	rpoB_c-195a	759612	Uncertain_significance
RIF	rpoB_c-188t	759619	Uncertain_significance
RIF	rpoB_c-185a	759622	Uncertain_significance
RIF	rpoB_-184_ins_21_cgccactt_cgccacttgacaccgtggtcttagtcctt	759623	Uncertain_significance
RIF	rpoB_c-181t	759626	Uncertain_significance
RIF	rpoB_a-180c	759627	Uncertain_significance
RIF	rpoB_c-179t	759628	Uncertain_significance
RIF	rpoB_g-176a	759631	Uncertain_significance
RIF	rpoB_a-173g	759634	Uncertain_significance
RIF	rpoB_-169_ins_1_t_ta	759638	Uncertain_significance
RIF	rpoB_t-169c	759638	Uncertain_significance
RIF	rpoB_g-167a	759640	Uncertain_significance
RIF	rpoB_-165_ins_1_c_cg	759642	Uncertain_significance
RIF	rpoB_t-160c	759647	Uncertain_significance
RIF	rpoB_t-160g	759647	Uncertain_significance
RIF	rpoB_-159_ins_1_c_ct	759648	Uncertain_significance
RIF	rpoB_c-159t	759648	Uncertain_significance
RIF	rpoB_c-153g	759654	Uncertain_significance
RIF	rpoB_c-152t	759655	Uncertain_significance
RIF	rpoB_-151_ins_2_a_agt	759656	Uncertain_significance
RIF	rpoB_g-150a	759657	Uncertain_significance
RIF	rpoB_c-140t	759667	Uncertain_significance
RIF	rpoB_c-137t	759670	Uncertain_significance
RIF	rpoB_g-136c	759671	Uncertain_significance
RIF	rpoB_t-134g	759673	Uncertain_significance
RIF	rpoB_g-127a	759680	Uncertain_significance
RIF	rpoB_c-126g	759681	Uncertain_significance
RIF	rpoB_c-122a	759685	Uncertain_significance
RIF	rpoB_c-122t	759685	Uncertain_significance
RIF	rpoB_-121_ins_1_g_gt	759686	Uncertain_significance
RIF	rpoB_g-117a	759690	Uncertain_significance
RIF	rpoB_c-113t	759694	Uncertain_significance
RIF	rpoB_a-110g	759697	Uncertain_significance
RIF	rpoB_a-106g	759701	Uncertain_significance
RIF	rpoB_g-96a	759711	Uncertain_significance
RIF	rpoB_c-94t	759713	Uncertain_significance
RIF	rpoB_a-90g	759717	Uncertain_significance
RIF	rpoB_c-87t	759720	Uncertain_significance
RIF	rpoB_c-84a	759723	Uncertain_significance
RIF	rpoB_a-83g	759724	Uncertain_significance
RIF	rpoB_-80_ins_2_a_att	759727	Uncertain_significance
RIF	rpoB_a-77g	759730	Uncertain_significance
RIF	rpoB_c-73t	759734	Uncertain_significance
RIF	rpoB_c-66t	759741	Uncertain_significance
RIF	rpoB_c-62t	759745	Uncertain_significance
RIF	rpoB_c-61t	759746	Not_assoc_w_R
RIF	rpoB_-60_del_1_cg_c	759747	Uncertain_significance
RIF	rpoB_c-60t	759747	Uncertain_significance
RIF	rpoB_-59_ins_1_g_gt	759748	Uncertain_significance
RIF	rpoB_g-56t	759751	Uncertain_significance
RIF	rpoB_c-54a	759753	Uncertain_significance
RIF	rpoB_a-53g	759754	Uncertain_significance
RIF	rpoB_c-51t	759756	Uncertain_significance
RIF	rpoB_g-50a	759757	Uncertain_significance
RIF	rpoB_t-45g	759762	Uncertain_significance
RIF	rpoB_c-44t	759763	Uncertain_significance
RIF	rpoB_a-42g	759765	Uncertain_significance
RIF	rpoB_g-40c	759767	Uncertain_significance
RIF	rpoB_c-37g	759770	Uncertain_significance
RIF	rpoB_g-21c	759786	Uncertain_significance
RIF	rpoB_t-6c	759801	Uncertain_significance
RIF	rpoB_c-4t	759803	Uncertain_significance
RIF	rpoB_a-3g	759804	Uncertain_significance
RIF	rpoB_21_ins_6_caaaacagccgctagtcctagtccgagtcgcccgcaaagttcct_caaaacagccgctagtcctagtcctagtccgagtcgcccgcaaagttcct	759827	Uncertain_significance
RIF	rpoB_31_ins_6_g_gctagtc	759837	Uncertain_significance
RIF	rpoB_284_ins_6_g_ggtcgat	760090	Uncertain_significance
RIF	rpoB_1262_del_18_tcaaggagttcttcggcac_t	761068	Uncertain_significance
RIF	rpoB_1274_del_6_tcggcac_t	761080	Assoc_w_R_Interim
RIF	rpoB_1276_del_6_ggcaccagc_ggc	761082	Assoc_w_R_Interim
RIF	rpoB_1277_del_9_gcaccagcca_g	761083	Assoc_w_R_Interim
RIF	rpoB_1278_del_12_caccagccagctg_c	761084	Assoc_w_R_Interim
RIF	rpoB_1279_del_6_accagcc_a	761085	Assoc_w_R_Interim
RIF	rpoB_1283_ins_3_gccagctgagccaattca_gacagctgagccaattcatgg	761089	Assoc_w_R_Interim
RIF	rpoB_1288_del_12_ctgagccaattcatggaccagaacaaccc_ctgagccagaacaaccc	761094	Assoc_w_R_Interim
RIF	rpoB_1288_del_12_ctgagccaattcatggaccagaacaaccc_ctgagccagaacaacgc	761094	Assoc_w_R_Interim
RIF	rpoB_1288_del_12_ctgagccaattcatggaccagaacaaccc_ctggaccagaacaaccc	761094	Assoc_w_R_Interim
RIF	rpoB_1288_del_15_ctgagccaattcatggaccagaacaaccc_ctgagccaattcat	761094	Assoc_w_R_Interim
RIF	rpoB_1288_del_3_ctgagccaattcatggaccagaacaaccc_ctgagccaattcatgcagaacaaccc	761094	Assoc_w_R_Interim
RIF	rpoB_1288_del_3_ctgagccaattcatggaccagaacaaccc_ctgagccaattcatggacaacaaccc	761094	Assoc_w_R_Interim
RIF	rpoB_1288_del_3_ctgagccaattcatggaccagaacaaccc_ctgagccaattcatggaccagaaccc	761094	Assoc_w_R_Interim
RIF	rpoB_1288_del_3_ctgagccaattcatggaccagaacaaccc_ctgagcttcatggaccagaacaaccc	761094	Assoc_w_R_Interim
RIF	rpoB_1288_del_6_ctgagccaattcatggaccagaacaaccc_ctgagccaattccagaacaaccc	761094	Assoc_w_R_Interim
RIF	rpoB_1288_del_9_ctgagccaattcatggaccagaacaaccc_ctaatggaccagaacaaccc	761094	Assoc_w_R_Interim
RIF	rpoB_1288_del_9_ctgagccaattcatggaccagaacaaccc_ctgagccaacagaacaaccc	761094	Assoc_w_R_Interim
RIF	rpoB_1288_ins_3_ctgagccaattcatggaccagaacaaccc_ctgagccaattcttcatggaccagaacaaccc	761094	Assoc_w_R_Interim
RIF	rpoB_1288_ins_3_ctgagccaattcatggaccagaacaaccc_ctgagccgccaattcatggaccagaacaaccc	761094	Assoc_w_R_Interim
RIF	rpoB_1291_del_9_agccaattcatg_agc	761097	Assoc_w_R_Interim
RIF	rpoB_1292_del_12_gccaattcatgga_g	761098	Assoc_w_R_Interim
RIF	rpoB_1292_del_6_gccaatt_g	761098	Assoc_w_R_Interim
RIF	rpoB_1292_ins_3_gccaattcatgga_ggagccaattcatggg	761098	Assoc_w_R_Interim
RIF	rpoB_1292_ins_3_g_gcca	761098	Assoc_w_R_Interim
RIF	rpoB_1293_del_3_ccaa_c	761099	Assoc_w_R_Interim
RIF	rpoB_1293_del_9_ccaattcatgga_cca	761099	Assoc_w_R_Interim
RIF	rpoB_1293_del_9_ccaattcatgg_cc	761099	Assoc_w_R_Interim
RIF	rpoB_1294_del_9_caattcatgg_c	761100	Assoc_w_R_Interim
RIF	rpoB_1296_del_9_attcatggac_a	761102	Assoc_w_R_Interim
RIF	rpoB_1296_ins_3_a_attc	761102	Assoc_w_R
RIF	rpoB_1297_del_6_ttcatgga_tt	761103	Assoc_w_R_Interim
RIF	rpoB_1298_del_6_tcatgga_t	761104	Assoc_w_R_Interim
RIF	rpoB_1300_del_9_atggaccagaa_at	761106	Assoc_w_R_Interim
RIF	rpoB_1302_del_3_ggaccag_ggac	761108	Assoc_w_R_Interim
RIF	rpoB_1302_del_3_ggac_g	761108	Assoc_w_R_Interim
RIF	rpoB_1303_del_3_gacc_g	761109	Assoc_w_R_Interim
RIF	rpoB_1303_del_6_gaccagaacaacccgctgtcggggttgacccaca_gcccagaacaacccgctgtccgggcccc	761109	Assoc_w_R_Interim
RIF	rpoB_1303_del_6_gaccaga_g	761109	Assoc_w_R_Interim
RIF	rpoB_1307_del_3_agaac_ag	761113	Assoc_w_R_Interim
RIF	rpoB_1308_del_3_gaac_g	761114	Assoc_w_R_Interim
RIF	rpoB_1327_del_3_ttgacccacaa_tggcccca	761133	Assoc_w_R_Interim
RIF	rpoB_1328_ins_3_t_tgac	761134	Assoc_w_R
RIF	rpoB_1329_ins_3_g_gacc	761135	Assoc_w_R_Interim
RIF	rpoB_1331_del_6_cccacaag_cc	761137	Assoc_w_R_Interim
RIF	rpoB_1344_del_9_actgtcggcg_a	761150	Assoc_w_R_Interim
RIF	rpoB_1494_ins_9_g_gcgggtcaac	761300	Uncertain_significance
RIF	rpoB_1504_ins_18_c_ccgttcgggttcatcgaaa	761310	Uncertain_significance
RIF	rpoB_1509_ins_3_c_cggg	761315	Uncertain_significance
RIF	rpoB_2007_ins_3_t_tgcc	761813	Uncertain_significance
RIF	rpoB_2546_ins_6_g_gcgagga	762352	Not_assoc_w_R
RIF	rpoB_2625_ins_3_c_cggt	762431	Uncertain_significance
RIF	rpoB_3517_ins_1_taaagctgt_taaagcttgt	763323	Uncertain_significance
RIF	rpoC_-42_ins_1_c_ct	763328	Uncertain_significance
RIF	rpoC_g-40a	763330	Uncertain_significance
RIF	rpoC_c-38t	763332	Uncertain_significance
RIF	rpoC_c-28a	763342	Uncertain_significance
RIF	rpoC_c-22t	763348	Uncertain_significance
RIF	rpoC_-17_del_1_ag_a	763353	Uncertain_significance
RIF	rpoC_a-17g	763353	Uncertain_significance
RIF	rpoC_g-15a	763355	Uncertain_significance
RIF	rpoC_a-6c	763364	Uncertain_significance
RIF	rpoC_1878_ins_3_c_cttg	765247	Uncertain_significance
RIF	rpoC_3244_ins_6_a_aagcggc	766613	Uncertain_significance
RIF	Rv2752c_1674_del_1_cac_ca	3064518	Uncertain_significance
RIF	Rv2752c_1673_del_1_ac_a	3064519	Uncertain_significance
RIF	Rv2752c_1633_del_1_aggtttc_aggttt	3064559	Uncertain_significance
RIF	Rv2752c_1631_ins_1_g_gt	3064561	Uncertain_significance
RIF	Rv2752c_1598_del_1_ac_a	3064594	Uncertain_significance
RIF	Rv2752c_1596_del_64_cccttgagcgatccggatcggatcggtgacgttggcggccaccaacgatt_c	3064596	Uncertain_significance
RIF	Rv2752c_1596_ins_7_c_cccttgag	3064596	Uncertain_significance
RIF	Rv2752c_1584_del_5_ccggat_c	3064608	Uncertain_significance
RIF	Rv2752c_1510_ins_1_g_gc	3064682	Uncertain_significance
RIF	Rv2752c_1486_ins_3_c_cccg	3064706	Uncertain_significance
RIF	Rv2752c_1473_del_1_at_a	3064719	Uncertain_significance
RIF	Rv2752c_1404_del_1_ca_c	3064788	Uncertain_significance
RIF	Rv2752c_1384_ins_1_g_gc	3064808	Uncertain_significance
RIF	Rv2752c_1335_ins_1_g_gc	3064857	Uncertain_significance
RIF	Rv2752c_1278_del_11_accgttctcggc_a	3064914	Uncertain_significance
RIF	Rv2752c_1215_del_2_ggc_g	3064977	Uncertain_significance
RIF	Rv2752c_1179_ins_1_c_ca	3065013	Uncertain_significance
RIF	Rv2752c_1153_del_82_agaggaacagcagctcaccggcgtacgcgtggccggaaacatgcaccctt_a	3065039	Uncertain_significance
RIF	Rv2752c_1106_del_1_ct_c	3065086	Uncertain_significance
RIF	Rv2752c_1075_ins_3_c_cgat	3065117	Uncertain_significance
RIF	Rv2752c_1014_del_1_cg_c	3065178	Uncertain_significance
RIF	Rv2752c_1011_ins_1_c_ct	3065181	Uncertain_significance
RIF	Rv2752c_1006_ins_1_a_ac	3065186	Uncertain_significance
RIF	Rv2752c_991_ins_1_c_ca	3065201	Uncertain_significance
RIF	Rv2752c_988_del_1_ca_c	3065204	Uncertain_significance
RIF	Rv2752c_960_ins_9_a_acgcgacatt	3065232	Uncertain_significance
RIF	Rv2752c_916_del_12_cggtggtgatcaa_c	3065276	Uncertain_significance
RIF	Rv2752c_878_del_3_tcgg_t	3065314	Uncertain_significance
RIF	Rv2752c_684_del_1_ac_a	3065508	Uncertain_significance
RIF	Rv2752c_660_del_1_tg_t	3065532	Uncertain_significance
RIF	Rv2752c_637_ins_2_g_gcc	3065555	Uncertain_significance
RIF	Rv2752c_628_del_1_cg_c	3065564	Uncertain_significance
RIF	Rv2752c_602_ins_7_c_cacagcaa	3065590	Uncertain_significance
RIF	Rv2752c_594_ins_1_c_ca	3065598	Uncertain_significance
RIF	Rv2752c_508_del_1_cg_c	3065684	Uncertain_significance
RIF	Rv2752c_493_ins_2_t_tgg	3065699	Uncertain_significance
RIF	Rv2752c_436_del_1_cg_c	3065756	Uncertain_significance
RIF	Rv2752c_433_ins_3_c_cgaa	3065759	Uncertain_significance
RIF	Rv2752c_418_ins_1_c_ca	3065774	Uncertain_significance
RIF	Rv2752c_414_del_2_cacg_ca	3065778	Uncertain_significance
RIF	Rv2752c_397_del_1_tct_tc	3065795	Uncertain_significance
RIF	Rv2752c_393_ins_1_g_gc	3065799	Uncertain_significance
RIF	Rv2752c_363_del_1_ta_t	3065829	Uncertain_significance
RIF	Rv2752c_327_ins_1_c_ct	3065865	Uncertain_significance
RIF	Rv2752c_286_ins_11_g_gcttgagcagaa	3065906	Uncertain_significance
RIF	Rv2752c_274_del_1_ac_a	3065918	Uncertain_significance
RIF	Rv2752c_166_del_1_cg_c	3066026	Uncertain_significance
RIF	Rv2752c_86_del_1_cg_c	3066106	Uncertain_significance
RIF	Rv2752c_25_del_2_ctg_c	3066167	Uncertain_significance
RIF	Rv2752c_24_del_1_tggcg_tggc	3066168	Uncertain_significance
RIF	Rv2752c_24_ins_1_tggcg_tggccg	3066168	Uncertain_significance
RIF	Rv2752c_21_del_1_cg_c	3066171	Uncertain_significance
RIF	Rv2752c_16_del_1_gaaggtctacatccacttctgggccaccctttggctca_gaaggtctacatccacttctgggcaccctttggctca	3066176	Uncertain_significance
RIF	Rv2752c_12_del_2_gtc_g	3066180	Uncertain_significance
RIF	Rv2752c_c-6t	3066197	Uncertain_significance
RIF	Rv2752c_-7_del_1_gc_g	3066198	Uncertain_significance
RIF	Rv2752c_t-10c	3066201	Uncertain_significance
RIF	Rv2752c_a-26g	3066217	Uncertain_significance
RIF	Rv2752c_c-29t	3066220	Uncertain_significance
RIF	Rv2752c_-935_del_2_gct_g_(dapA_gct-2g)	3067126	Uncertain_significance
RIF	Rv2752c_-944_del_1_gt_g_(dapA_gt-11g)	3067135	Uncertain_significance
RIF	Rv2752c_c-944t_(dapA_c-11t)	3067135	Uncertain_significance
RIF	Rv2752c_-950_del_1_tg_t_(dapA_tg-17t)	3067141	Uncertain_significance
RIF	Rv2752c_c-951t_(dapA_c-18t)	3067142	Uncertain_significance
RIF	Rv2752c_a-960g_(dapA_a-27g)	3067151	Uncertain_significance
RIF	Rv2752c_g-961a_(dapA_g-28a)	3067152	Uncertain_significance
RIF	Rv2752c_g-966t_(dapA_g-33t)	3067157	Uncertain_significance
RIF	Rv2752c_g-967a_(dapA_g-34a)	3067158	Uncertain_significance
RIF	Rv2752c_g-973a_(dapA_g-40a)	3067164	Uncertain_significance
RIF	Rv2752c_a-981g_(dapA_a-48g)	3067172	Uncertain_significance
RIF	Rv2752c_-989_ins_20_g_gcgacacgccgcctcaggctt_(dapA_g-56gcgacacgccgcctcaggctt)	3067180	Uncertain_significance
RIF	Rv2752c_c-989a_(dapA_c-56a)	3067180	Uncertain_significance
RIF	Rv2752c_c-989t_(dapA_c-56t)	3067180	Uncertain_significance
RIF	rpoA_c-4t	3878511	Uncertain_significance
RIF	rpoA_-5_ins_3_t_tttc	3878512	Uncertain_significance
RIF	rpoA_a-5c	3878512	Uncertain_significance
RIF	rpoA_a-5g	3878512	Uncertain_significance
RIF	rpoA_a-9c	3878516	Uncertain_significance
RIF	rpoA_-11_ins_1_c_ct	3878518	Uncertain_significance
RIF	rpoA_g-15a	3878522	Uncertain_significance
RIF	rpoA_a-17g	3878524	Uncertain_significance
RIF	rpoA_t-21c	3878528	Uncertain_significance
RIF	rpoA_c-27t	3878534	Uncertain_significance
RIF	rpoA_g-29t	3878536	Uncertain_significance
RIF	rpoA_c-37t	3878544	Uncertain_significance
RIF	rpoA_-40_ins_31_t_tgtgggggcactcgggggcggcgcccccgagg	3878547	Uncertain_significance
RIF	rpoA_a-153g_(rpsD_202)	3878660	Uncertain_significance
RIF	rpoA_g-155a_(rpsD_201)	3878662	Uncertain_significance
RIF	rpoA_a-158g_(rpsD_200)	3878665	Uncertain_significance
RIF	rpoA_c-170t_(rpsD_196)	3878677	Uncertain_significance
RIF	rpoA_g-172a_(rpsD_196)	3878679	Uncertain_significance
RIF	rpoA_c-173t_(rpsD_195)	3878680	Uncertain_significance
RIF	rpoA_g-176a_(rpsD_194)	3878683	Uncertain_significance
RIF	rpoA_a-180c_(rpsD_193)	3878687	Uncertain_significance
RIF	rpoA_c-186t_(rpsD_191)	3878693	Uncertain_significance
RIF	rpoA_c-188t_(rpsD_190)	3878695	Uncertain_significance
RIF	rpoA_a-191c_(rpsD_189)	3878698	Uncertain_significance
RIF	rpoA_c-200t_(rpsD_186)	3878707	Uncertain_significance
RIF	rpoA_a-202c_(rpsD_186)	3878709	Uncertain_significance
RIF	rpoA_a-202g_(rpsD_186)	3878709	Uncertain_significance
RIF	rpoA_g-206a_(rpsD_184)	3878713	Uncertain_significance
RIF	rpoA_g-214a_(rpsD_182)	3878721	Uncertain_significance
RIF	rpoA_g-214c_(rpsD_182)	3878721	Uncertain_significance
RIF	rpoA_c-215g_(rpsD_181)	3878722	Uncertain_significance
RIF	rpoA_c-215t_(rpsD_181)	3878722	Uncertain_significance
RIF	rpoA_c-238g_(rpsD_174)	3878745	Uncertain_significance
RIF	rpoA_a-239g_(rpsD_173)	3878746	Uncertain_significance
RIF	rpoA_g-242a_(rpsD_172)	3878749	Uncertain_significance
RIF	rpoA_g-249c_(rpsD_170)	3878756	Uncertain_significance
RIF	rpoA_g-251a_(rpsD_169)	3878758	Uncertain_significance
RIF	rpoA_g-253a_(rpsD_169)	3878760	Uncertain_significance
RIF	rpoA_g-253c_(rpsD_169)	3878760	Uncertain_significance
RIF	rpoA_g-254a_(rpsD_168)	3878761	Uncertain_significance
RIF	rpoA_g-256t_(rpsD_168)	3878763	Uncertain_significance
RIF	rpoA_c-272t_(rpsD_162)	3878779	Uncertain_significance
RIF	rpoA_c-276t_(rpsD_161)	3878783	Uncertain_significance
RIF	rpoA_c-277t_(rpsD_161)	3878784	Uncertain_significance
RIF	rpoA_g-281c_(rpsD_159)	3878788	Uncertain_significance
RIF	rpoA_c-284t_(rpsD_158)	3878791	Uncertain_significance
RIF	rpoA_c-288t_(rpsD_157)	3878795	Uncertain_significance
RIF	rpoA_g-290t_(rpsD_156)	3878797	Uncertain_significance
RIF	rpoA_g-293c_(rpsD_155)	3878800	Uncertain_significance
RIF	rpoA_g-296c_(rpsD_154)	3878803	Uncertain_significance
RIF	rpoA_g-297t_(rpsD_154)	3878804	Uncertain_significance
RIF	rpoA_c-298t_(rpsD_154)	3878805	Uncertain_significance
RIF	rpoA_g-301a_(rpsD_153)	3878808	Uncertain_significance
RIF	rpoA_g-305a_(rpsD_151)	3878812	Uncertain_significance
RIF	rpoA_t-309g_(rpsD_150)	3878816	Uncertain_significance
RIF	rpoA_t-310a_(rpsD_150)	3878817	Not_assoc_w_R
RIF	rpoA_t-310c_(rpsD_150)	3878817	Uncertain_significance
RIF	rpoA_g-316a_(rpsD_148)	3878823	Uncertain_significance
RIF	rpoA_a-322c_(rpsD_146)	3878829	Uncertain_significance
RIF	rpoA_g-329c_(rpsD_143)	3878836	Uncertain_significance
RIF	rpoA_g-338a_(rpsD_140)	3878845	Uncertain_significance
RIF	rpoA_t-339g_(rpsD_140)	3878846	Uncertain_significance
RIF	rpoA_c-341t_(rpsD_139)	3878848	Uncertain_significance
RIF	rpoA_c-350t_(rpsD_136)	3878857	Uncertain_significance
RIF	rpoA_g-356t_(rpsD_134)	3878863	Uncertain_significance
RIF	rpoA_c-368t_(rpsD_130)	3878875	Uncertain_significance
RIF	rpoA_a-369g_(rpsD_130)	3878876	Uncertain_significance
RIF	rpoA_t-371c_(rpsD_129)	3878878	Uncertain_significance
RIF	rpoA_-382_ins_3_t_tgac_(rpsD_376)	3878889	Uncertain_significance
RIF	rpoA_c-388t_(rpsD_124)	3878895	Uncertain_significance
RIF	rpoA_t-390c_(rpsD_123)	3878897	Uncertain_significance
RIF	rpoA_c-398g_(rpsD_120)	3878905	Uncertain_significance
RIF	rpoA_c-398t_(rpsD_120)	3878905	Uncertain_significance
RIF	rpoA_t-407c_(rpsD_117)	3878914	Uncertain_significance
RIF	rpoA_c-409a_(rpsD_117)	3878916	Uncertain_significance
RIF	rpoA_g-410a_(rpsD_116)	3878917	Uncertain_significance
RIF	rpoA_c-416t_(rpsD_114)	3878923	Uncertain_significance
RIF	rpoA_g-440c_(rpsD_106)	3878947	Uncertain_significance
RIF	rpoA_g-449a_(rpsD_103)	3878956	Uncertain_significance
RIF	rpoA_g-449c_(rpsD_103)	3878956	Uncertain_significance
RIF	rpoA_c-454t_(rpsD_102)	3878961	Uncertain_significance
RIF	rpoA_g-455a_(rpsD_101)	3878962	Uncertain_significance
RIF	rpoA_c-458t_(rpsD_100)	3878965	Uncertain_significance
RIF	rpoA_c-459t_(rpsD_100)	3878966	Uncertain_significance
RIF	rpoA_t-461c_(rpsD_99)	3878968	Uncertain_significance
RIF	rpoA_c-467t_(rpsD_97)	3878974	Uncertain_significance
RIF	rpoA_a-469g_(rpsD_97)	3878976	Uncertain_significance
RIF	rpoA_c-485t_(rpsD_91)	3878992	Uncertain_significance
RIF	rpoA_c-491g_(rpsD_89)	3878998	Uncertain_significance
RIF	rpoA_c-491t_(rpsD_89)	3878998	Uncertain_significance
RIF	rpoA_g-497c_(rpsD_87)	3879004	Uncertain_significance
RIF	rpoA_g-503a_(rpsD_85)	3879010	Uncertain_significance
RIF	rpoA_g-515a_(rpsD_81)	3879022	Uncertain_significance
RIF	rpoA_c-524t_(rpsD_78)	3879031	Uncertain_significance
RIF	rpoA_c-526t_(rpsD_78)	3879033	Uncertain_significance
RIF	rpoA_c-532g_(rpsD_76)	3879039	Uncertain_significance
RIF	rpoA_g-533a_(rpsD_75)	3879040	Uncertain_significance
RIF	rpoA_g-535a_(rpsD_75)	3879042	Uncertain_significance
